frame,video_time_s,object,source,confidence,distance_m,distance_method,closing_speed_mps,ttc_s,lane_overlap,x1,y1,x2,y2,in_lane,risk,action,decision_source,rule_id,rule_priority,competing_rules,decision_trace,explanation,incident_image,track_key
26,1.04,pothole,best.pt,0.3294,5.56,width_fallback,0.0,,0.303,748,375,838,442,True,WARNING,SLOW DOWN AND PREPARE TO AVOID ROAD DAMAGE,prolog,road_damage_warning,62,3,warning:road_damage_warning:62* | warning:generic_warning:55 | caution:caution_object_in_vehicle_lane:40 | safe:object_at_safe_distance:20,Road damage ahead; slow down and prepare to avoid.,/Users/witchjenjen/Documents/GitHub/AIproject/output/incidents/road_video_3.mp4/road_video_3.mp4_f26_WARNING_pothole.jpg,road_video_3.mp4:best.pt:pothole:g17:9
30,1.2,pothole,best.pt,0.4577,4.04,width_fallback,0.0,,0.864,720,396,878,519,True,WARNING,SLOW DOWN AND PREPARE TO AVOID ROAD DAMAGE,prolog,road_damage_warning,62,3,warning:road_damage_warning:62* | warning:generic_warning:55 | caution:caution_object_in_vehicle_lane:40 | safe:object_at_safe_distance:20,Road damage ahead; slow down and prepare to avoid.,/Users/witchjenjen/Documents/GitHub/AIproject/output/incidents/road_video_3.mp4/road_video_3.mp4_f30_WARNING_pothole.jpg,road_video_3.mp4:best.pt:pothole:g18:9
31,1.24,pothole,best.pt,0.4373,4.8,width_fallback,0.0,,0.568,756,405,867,479,True,WARNING,SLOW DOWN AND PREPARE TO AVOID ROAD DAMAGE,prolog,road_damage_warning,62,3,warning:road_damage_warning:62* | warning:generic_warning:55 | caution:caution_object_in_vehicle_lane:40 | safe:object_at_safe_distance:20,Road damage ahead; slow down and prepare to avoid.,,road_video_3.mp4:best.pt:pothole:g18:9
31,1.24,pothole,best.pt,0.4175,6.48,width_fallback,0.0,,0.251,771,409,856,452,True,WARNING,SLOW DOWN AND PREPARE TO AVOID ROAD DAMAGE,prolog,road_damage_warning,62,3,warning:road_damage_warning:62* | warning:generic_warning:55 | caution:caution_object_in_vehicle_lane:40 | safe:object_at_safe_distance:20,Road damage ahead; slow down and prepare to avoid.,/Users/witchjenjen/Documents/GitHub/AIproject/output/incidents/road_video_3.mp4/road_video_3.mp4_f31_WARNING_pothole.jpg,road_video_3.mp4:best.pt:pothole:g19:10
31,1.24,pothole,best.pt,0.3061,3.62,width_fallback,0.0,,0.911,721,404,876,524,True,WARNING,SLOW DOWN AND PREPARE TO AVOID ROAD DAMAGE,prolog,road_damage_warning,62,3,warning:road_damage_warning:62* | warning:generic_warning:55 | caution:caution_object_in_vehicle_lane:40 | safe:object_at_safe_distance:20,Road damage ahead; slow down and prepare to avoid.,,road_video_3.mp4:best.pt:pothole:g17:9
33,1.32,pothole,best.pt,0.3991,3.93,width_fallback,5.821,0.675,0.98,741,419,880,547,True,CRITICAL,BRAKE AND AVOID ROAD DAMAGE,prolog,brake_and_avoid_road_damage,95,5,critical:brake_and_avoid_road_damage:95* | critical:brake_now_object_too_close:90 | warning:road_damage_warning:62 | warning:generic_warning:55 | caution:caution_object_in_vehicle_lane:40 | safe:object_at_safe_distance:20,Immediate maneuver to avoid road damage is required.,/Users/witchjenjen/Documents/GitHub/AIproject/output/incidents/road_video_3.mp4/road_video_3.mp4_f33_CRITICAL_pothole.jpg,road_video_3.mp4:best.pt:pothole:g17:9
33,1.32,pothole,best.pt,0.3701,5.9,width_fallback,0.0,,0.546,774,422,872,484,True,WARNING,SLOW DOWN AND PREPARE TO AVOID ROAD DAMAGE,prolog,road_damage_warning,62,3,warning:road_damage_warning:62* | warning:generic_warning:55 | caution:caution_object_in_vehicle_lane:40 | safe:object_at_safe_distance:20,Road damage ahead; slow down and prepare to avoid.,,road_video_3.mp4:best.pt:pothole:g19:10
33,1.32,pothole,best.pt,0.3451,0.92,width_fallback,0.0,,0.42,0,307,614,605,True,CRITICAL,BRAKE AND AVOID ROAD DAMAGE,prolog,brake_and_avoid_road_damage,95,5,critical:brake_and_avoid_road_damage:95* | critical:brake_now_object_too_close:90 | warning:road_damage_warning:62 | warning:generic_warning:55 | caution:caution_object_in_vehicle_lane:40 | safe:object_at_safe_distance:20,Immediate maneuver to avoid road damage is required.,/Users/witchjenjen/Documents/GitHub/AIproject/output/incidents/road_video_3.mp4/road_video_3.mp4_f33_CRITICAL_pothole.jpg,road_video_3.mp4:best.pt:pothole:g0:7
39,1.56,pothole,best.pt,0.3587,3.86,width_fallback,0.0,,0.0,841,340,985,396,False,SAFE,OBJECT OUTSIDE VEHICLE LANE,prolog,object_outside_vehicle_lane,25,1,safe:object_outside_vehicle_lane:25* | safe:object_at_safe_distance:20,Object is outside the vehicle lane and not an immediate collision threat.,,road_video_3.mp4:best.pt:pothole:g20:8
40,1.6,pothole,best.pt,0.3433,3.7,width_fallback,0.0,,0.0,839,336,993,405,False,SAFE,OBJECT OUTSIDE VEHICLE LANE,prolog,object_outside_vehicle_lane,25,1,safe:object_outside_vehicle_lane:25* | safe:object_at_safe_distance:20,Object is outside the vehicle lane and not an immediate collision threat.,,road_video_3.mp4:best.pt:pothole:g20:8
42,1.68,pothole,best.pt,0.3096,3.47,width_fallback,3.25,1.068,0.0,846,348,1011,417,False,SAFE,OBJECT OUTSIDE VEHICLE LANE,prolog,object_outside_vehicle_lane,25,1,safe:object_outside_vehicle_lane:25* | safe:object_at_safe_distance:20,Object is outside the vehicle lane and not an immediate collision threat.,,road_video_3.mp4:best.pt:pothole:g20:8
43,1.72,pothole,best.pt,0.4525,3.48,width_fallback,2.375,1.247,0.0,855,346,1016,416,False,SAFE,OBJECT OUTSIDE VEHICLE LANE,prolog,object_outside_vehicle_lane,25,1,safe:object_outside_vehicle_lane:25* | safe:object_at_safe_distance:20,Object is outside the vehicle lane and not an immediate collision threat.,,road_video_3.mp4:best.pt:pothole:g20:8
44,1.76,pothole,best.pt,0.4518,3.55,width_fallback,1.55,1.716,0.0,863,354,1020,421,False,SAFE,OBJECT OUTSIDE VEHICLE LANE,prolog,object_outside_vehicle_lane,25,1,safe:object_outside_vehicle_lane:25* | safe:object_at_safe_distance:20,Object is outside the vehicle lane and not an immediate collision threat.,,road_video_3.mp4:best.pt:pothole:g20:8
45,1.8,pothole,best.pt,0.3636,3.58,width_fallback,1.167,2.325,0.0,871,360,1027,428,False,SAFE,OBJECT OUTSIDE VEHICLE LANE,prolog,object_outside_vehicle_lane,25,1,safe:object_outside_vehicle_lane:25* | safe:object_at_safe_distance:20,Object is outside the vehicle lane and not an immediate collision threat.,,road_video_3.mp4:best.pt:pothole:g20:8
46,1.84,pothole,best.pt,0.3544,3.31,width_fallback,1.964,2.037,0.0,868,358,1042,434,False,SAFE,OBJECT OUTSIDE VEHICLE LANE,prolog,object_outside_vehicle_lane,25,1,safe:object_outside_vehicle_lane:25* | safe:object_at_safe_distance:20,Object is outside the vehicle lane and not an immediate collision threat.,,road_video_3.mp4:best.pt:pothole:g20:8
47,1.88,pothole,best.pt,0.3142,3.14,width_fallback,2.25,1.748,0.0,862,359,1044,448,False,SAFE,OBJECT OUTSIDE VEHICLE LANE,prolog,object_outside_vehicle_lane,25,1,safe:object_outside_vehicle_lane:25* | safe:object_at_safe_distance:20,Object is outside the vehicle lane and not an immediate collision threat.,,road_video_3.mp4:best.pt:pothole:g20:8
48,1.92,pothole,best.pt,0.3991,3.17,width_fallback,1.656,1.823,0.0,886,375,1062,446,False,SAFE,OBJECT OUTSIDE VEHICLE LANE,prolog,object_outside_vehicle_lane,25,1,safe:object_outside_vehicle_lane:25* | safe:object_at_safe_distance:20,Object is outside the vehicle lane and not an immediate collision threat.,,road_video_3.mp4:best.pt:pothole:g20:8
49,1.96,pothole,best.pt,0.306,3.24,width_fallback,0.821,2.778,0.0,891,381,1063,452,False,SAFE,OBJECT OUTSIDE VEHICLE LANE,prolog,object_outside_vehicle_lane,25,1,safe:object_outside_vehicle_lane:25* | safe:object_at_safe_distance:20,Object is outside the vehicle lane and not an immediate collision threat.,,road_video_3.mp4:best.pt:pothole:g20:8
50,2.0,pothole,best.pt,0.5039,3.03,width_fallback,1.607,2.376,0.0,883,378,1072,461,False,SAFE,OBJECT OUTSIDE VEHICLE LANE,prolog,object_outside_vehicle_lane,25,1,safe:object_outside_vehicle_lane:25* | safe:object_at_safe_distance:20,Object is outside the vehicle lane and not an immediate collision threat.,,road_video_3.mp4:best.pt:pothole:g20:8
51,2.04,pothole,best.pt,0.4101,3.1,width_fallback,1.607,2.175,0.0,902,382,1081,469,False,SAFE,OBJECT OUTSIDE VEHICLE LANE,prolog,object_outside_vehicle_lane,25,1,safe:object_outside_vehicle_lane:25* | safe:object_at_safe_distance:20,Object is outside the vehicle lane and not an immediate collision threat.,,road_video_3.mp4:best.pt:pothole:g20:8
52,2.08,pothole,best.pt,0.4774,2.78,width_fallback,2.857,1.634,0.0,907,394,1117,475,False,SAFE,OBJECT OUTSIDE VEHICLE LANE,prolog,object_outside_vehicle_lane,25,1,safe:object_outside_vehicle_lane:25* | safe:object_at_safe_distance:20,Object is outside the vehicle lane and not an immediate collision threat.,,road_video_3.mp4:best.pt:pothole:g20:8
53,2.12,pothole,best.pt,0.3068,2.52,width_fallback,2.821,1.301,0.0,899,390,1129,490,False,SAFE,OBJECT OUTSIDE VEHICLE LANE,prolog,object_outside_vehicle_lane,25,1,safe:object_outside_vehicle_lane:25* | safe:object_at_safe_distance:20,Object is outside the vehicle lane and not an immediate collision threat.,,road_video_3.mp4:best.pt:pothole:g20:8
54,2.16,pothole,best.pt,0.341,2.86,width_fallback,1.0,2.002,0.0,929,402,1117,491,False,SAFE,OBJECT OUTSIDE VEHICLE LANE,prolog,object_outside_vehicle_lane,25,1,safe:object_outside_vehicle_lane:25* | safe:object_at_safe_distance:20,Object is outside the vehicle lane and not an immediate collision threat.,,road_video_3.mp4:best.pt:pothole:g20:8
55,2.2,pothole,best.pt,0.3869,2.73,width_fallback,1.571,1.883,0.0,929,412,1137,515,False,SAFE,OBJECT OUTSIDE VEHICLE LANE,prolog,object_outside_vehicle_lane,25,1,safe:object_outside_vehicle_lane:25* | safe:object_at_safe_distance:20,Object is outside the vehicle lane and not an immediate collision threat.,,road_video_3.mp4:best.pt:pothole:g20:8
56,2.24,pothole,best.pt,0.3095,2.65,width_fallback,2.107,1.602,0.0,947,418,1161,517,False,SAFE,OBJECT OUTSIDE VEHICLE LANE,prolog,object_outside_vehicle_lane,25,1,safe:object_outside_vehicle_lane:25* | safe:object_at_safe_distance:20,Object is outside the vehicle lane and not an immediate collision threat.,,road_video_3.mp4:best.pt:pothole:g20:8
57,2.28,pothole,best.pt,0.364,2.53,width_fallback,1.786,1.518,0.0,950,421,1175,526,False,SAFE,OBJECT OUTSIDE VEHICLE LANE,prolog,object_outside_vehicle_lane,25,1,safe:object_outside_vehicle_lane:25* | safe:object_at_safe_distance:20,Object is outside the vehicle lane and not an immediate collision threat.,,road_video_3.mp4:best.pt:pothole:g20:8
59,2.36,pothole,best.pt,0.3513,2.32,width_fallback,2.438,1.263,0.0,964,440,1213,562,False,SAFE,OBJECT OUTSIDE VEHICLE LANE,prolog,object_outside_vehicle_lane,25,1,safe:object_outside_vehicle_lane:25* | safe:object_at_safe_distance:20,Object is outside the vehicle lane and not an immediate collision threat.,,road_video_3.mp4:best.pt:pothole:g20:8
63,2.52,pothole,best.pt,0.3266,1.97,width_fallback,0.0,,0.019,984,484,1275,623,False,SAFE,OBJECT OUTSIDE VEHICLE LANE,prolog,object_outside_vehicle_lane,25,1,safe:object_outside_vehicle_lane:25* | safe:object_at_safe_distance:20,Object is outside the vehicle lane and not an immediate collision threat.,,road_video_3.mp4:best.pt:pothole:g25:12
65,2.6,pothole,best.pt,0.3591,2.43,width_fallback,0.0,,0.0,1052,525,1269,604,False,SAFE,OBJECT OUTSIDE VEHICLE LANE,prolog,object_outside_vehicle_lane,25,1,safe:object_outside_vehicle_lane:25* | safe:object_at_safe_distance:20,Object is outside the vehicle lane and not an immediate collision threat.,,road_video_3.mp4:best.pt:pothole:g25:12
71,2.84,pothole,best.pt,0.4329,4.13,width_fallback,0.0,,0.311,699,356,836,421,True,WARNING,SLOW DOWN AND PREPARE TO AVOID ROAD DAMAGE,prolog,road_damage_warning,62,3,warning:road_damage_warning:62* | warning:generic_warning:55 | caution:caution_object_in_vehicle_lane:40 | safe:object_at_safe_distance:20,Road damage ahead; slow down and prepare to avoid.,/Users/witchjenjen/Documents/GitHub/AIproject/output/incidents/road_video_3.mp4/road_video_3.mp4_f71_WARNING_pothole.jpg,road_video_3.mp4:best.pt:pothole:g17:8
72,2.88,pothole,best.pt,0.3568,4.03,width_fallback,0.0,,0.469,703,358,843,439,True,WARNING,SLOW DOWN AND PREPARE TO AVOID ROAD DAMAGE,prolog,road_damage_warning,62,3,warning:road_damage_warning:62* | warning:generic_warning:55 | caution:caution_object_in_vehicle_lane:40 | safe:object_at_safe_distance:20,Road damage ahead; slow down and prepare to avoid.,,road_video_3.mp4:best.pt:pothole:g17:8
73,2.92,pothole,best.pt,0.3342,4.19,width_fallback,0.0,,0.503,712,369,844,446,True,WARNING,SLOW DOWN AND PREPARE TO AVOID ROAD DAMAGE,prolog,road_damage_warning,62,3,warning:road_damage_warning:62* | warning:generic_warning:55 | caution:caution_object_in_vehicle_lane:40 | safe:object_at_safe_distance:20,Road damage ahead; slow down and prepare to avoid.,,road_video_3.mp4:best.pt:pothole:g17:8
75,3.0,pothole,best.pt,0.373,3.93,width_fallback,1.25,3.144,0.603,714,383,860,467,True,WARNING,SLOW DOWN AND PREPARE TO AVOID ROAD DAMAGE,prolog,road_damage_warning,62,3,warning:road_damage_warning:62* | warning:generic_warning:55 | caution:caution_object_in_vehicle_lane:40 | safe:object_at_safe_distance:20,Road damage ahead; slow down and prepare to avoid.,,road_video_3.mp4:best.pt:pothole:g17:8
76,3.04,pothole,best.pt,0.4173,3.76,width_fallback,1.85,2.644,0.618,716,390,867,473,True,WARNING,SLOW DOWN AND PREPARE TO AVOID ROAD DAMAGE,prolog,road_damage_warning,62,3,warning:road_damage_warning:62* | warning:generic_warning:55 | caution:caution_object_in_vehicle_lane:40 | safe:object_at_safe_distance:20,Road damage ahead; slow down and prepare to avoid.,,road_video_3.mp4:best.pt:pothole:g17:8
77,3.08,pothole,best.pt,0.4694,3.78,width_fallback,1.458,2.62,0.63,727,398,875,482,True,WARNING,SLOW DOWN AND PREPARE TO AVOID ROAD DAMAGE,prolog,road_damage_warning,62,3,warning:road_damage_warning:62* | warning:generic_warning:55 | caution:caution_object_in_vehicle_lane:40 | safe:object_at_safe_distance:20,Road damage ahead; slow down and prepare to avoid.,,road_video_3.mp4:best.pt:pothole:g17:8
78,3.12,pothole,best.pt,0.5617,3.84,width_fallback,1.036,3.11,0.721,737,404,882,502,True,WARNING,SLOW DOWN AND PREPARE TO AVOID ROAD DAMAGE,prolog,road_damage_warning,62,3,warning:road_damage_warning:62* | warning:generic_warning:55 | caution:caution_object_in_vehicle_lane:40 | safe:object_at_safe_distance:20,Road damage ahead; slow down and prepare to avoid.,,road_video_3.mp4:best.pt:pothole:g17:8
78,3.12,pothole,best.pt,0.3603,5.07,width_fallback,0.0,,1.0,492,430,604,489,True,WARNING,SLOW DOWN AND PREPARE TO AVOID ROAD DAMAGE,prolog,road_damage_warning,62,3,warning:road_damage_warning:62* | warning:generic_warning:55 | caution:caution_object_in_vehicle_lane:40 | safe:object_at_safe_distance:20,Road damage ahead; slow down and prepare to avoid.,/Users/witchjenjen/Documents/GitHub/AIproject/output/incidents/road_video_3.mp4/road_video_3.mp4_f78_WARNING_pothole.jpg,road_video_3.mp4:best.pt:pothole:g12:10
79,3.16,pothole,best.pt,0.4751,3.65,width_fallback,1.5,2.805,0.699,738,410,894,506,True,WARNING,SLOW DOWN AND PREPARE TO AVOID ROAD DAMAGE,prolog,road_damage_warning,62,3,warning:road_damage_warning:62* | warning:generic_warning:55 | caution:caution_object_in_vehicle_lane:40 | safe:object_at_safe_distance:20,Road damage ahead; slow down and prepare to avoid.,,road_video_3.mp4:best.pt:pothole:g17:8
79,3.16,pothole,best.pt,0.3908,4.95,width_fallback,0.0,,1.0,476,436,590,490,True,WARNING,SLOW DOWN AND PREPARE TO AVOID ROAD DAMAGE,prolog,road_damage_warning,62,3,warning:road_damage_warning:62* | warning:generic_warning:55 | caution:caution_object_in_vehicle_lane:40 | safe:object_at_safe_distance:20,Road damage ahead; slow down and prepare to avoid.,,road_video_3.mp4:best.pt:pothole:g12:10
79,3.16,pothole,best.pt,0.3796,1.11,width_fallback,0.0,,0.196,0,202,502,579,True,CRITICAL,BRAKE AND AVOID ROAD DAMAGE,prolog,brake_and_avoid_road_damage,95,5,critical:brake_and_avoid_road_damage:95* | critical:brake_now_object_too_close:90 | warning:road_damage_warning:62 | warning:generic_warning:55 | caution:caution_object_in_vehicle_lane:40 | safe:object_at_safe_distance:20,Immediate maneuver to avoid road damage is required.,/Users/witchjenjen/Documents/GitHub/AIproject/output/incidents/road_video_3.mp4/road_video_3.mp4_f79_CRITICAL_pothole.jpg,road_video_3.mp4:best.pt:pothole:g0:5
80,3.2,pothole,best.pt,0.6421,3.57,width_fallback,1.438,2.66,0.854,737,419,895,529,True,WARNING,SLOW DOWN AND PREPARE TO AVOID ROAD DAMAGE,prolog,road_damage_warning,62,3,warning:road_damage_warning:62* | warning:generic_warning:55 | caution:caution_object_in_vehicle_lane:40 | safe:object_at_safe_distance:20,Road damage ahead; slow down and prepare to avoid.,,road_video_3.mp4:best.pt:pothole:g17:8
81,3.24,pothole,best.pt,0.4657,3.31,width_fallback,2.75,2.005,0.828,729,420,903,530,True,WARNING,SLOW DOWN AND PREPARE TO AVOID ROAD DAMAGE,prolog,road_damage_warning,62,3,warning:road_damage_warning:62* | warning:generic_warning:55 | caution:caution_object_in_vehicle_lane:40 | safe:object_at_safe_distance:20,Road damage ahead; slow down and prepare to avoid.,,road_video_3.mp4:best.pt:pothole:g17:8
82,3.28,pothole,best.pt,0.5562,3.14,width_fallback,2.821,1.604,0.862,735,437,917,545,True,WARNING,SLOW DOWN AND PREPARE TO AVOID ROAD DAMAGE,prolog,road_damage_warning,62,3,warning:road_damage_warning:62* | warning:generic_warning:55 | caution:caution_object_in_vehicle_lane:40 | safe:object_at_safe_distance:20,Road damage ahead; slow down and prepare to avoid.,,road_video_3.mp4:best.pt:pothole:g17:8
83,3.32,pothole,best.pt,0.6517,3.09,width_fallback,2.393,1.463,0.909,743,441,925,562,True,CRITICAL,BRAKE AND AVOID ROAD DAMAGE,prolog,brake_and_avoid_road_damage,95,5,critical:brake_and_avoid_road_damage:95* | critical:brake_now_object_too_close:90 | warning:road_damage_warning:62 | warning:generic_warning:55 | caution:caution_object_in_vehicle_lane:40 | safe:object_at_safe_distance:20,Immediate maneuver to avoid road damage is required.,/Users/witchjenjen/Documents/GitHub/AIproject/output/incidents/road_video_3.mp4/road_video_3.mp4_f83_CRITICAL_pothole.jpg,road_video_3.mp4:best.pt:pothole:g17:8
84,3.36,pothole,best.pt,0.6752,3.01,width_fallback,2.75,1.297,0.938,741,451,929,570,True,CRITICAL,BRAKE AND AVOID ROAD DAMAGE,prolog,brake_and_avoid_road_damage,95,5,critical:brake_and_avoid_road_damage:95* | critical:brake_now_object_too_close:90 | warning:road_damage_warning:62 | warning:generic_warning:55 | caution:caution_object_in_vehicle_lane:40 | safe:object_at_safe_distance:20,Immediate maneuver to avoid road damage is required.,,road_video_3.mp4:best.pt:pothole:g17:8
84,3.36,pothole,best.pt,0.5059,2.01,width_fallback,0.0,,0.0,81,322,351,435,False,SAFE,OBJECT OUTSIDE VEHICLE LANE,prolog,object_outside_vehicle_lane,25,1,safe:object_outside_vehicle_lane:25* | safe:object_at_safe_distance:20,Object is outside the vehicle lane and not an immediate collision threat.,,road_video_3.mp4:best.pt:pothole:g1:7
85,3.4,pothole,best.pt,0.5736,2.93,width_fallback,3.25,1.119,0.9,754,465,947,575,True,CRITICAL,BRAKE AND AVOID ROAD DAMAGE,prolog,brake_and_avoid_road_damage,95,5,critical:brake_and_avoid_road_damage:95* | critical:brake_now_object_too_close:90 | warning:road_damage_warning:62 | warning:generic_warning:55 | caution:caution_object_in_vehicle_lane:40 | safe:object_at_safe_distance:20,Immediate maneuver to avoid road damage is required.,,road_video_3.mp4:best.pt:pothole:g17:8
85,3.4,pothole,best.pt,0.4318,2.0,width_fallback,0.0,,0.0,76,323,356,454,False,SAFE,OBJECT OUTSIDE VEHICLE LANE,prolog,object_outside_vehicle_lane,25,1,safe:object_outside_vehicle_lane:25* | safe:object_at_safe_distance:20,Object is outside the vehicle lane and not an immediate collision threat.,,road_video_3.mp4:best.pt:pothole:g1:7
86,3.44,pothole,best.pt,0.3369,1.97,width_fallback,0.5,3.94,0.0,53,350,338,464,False,SAFE,OBJECT OUTSIDE VEHICLE LANE,prolog,object_outside_vehicle_lane,25,1,safe:object_outside_vehicle_lane:25* | safe:object_at_safe_distance:20,Object is outside the vehicle lane and not an immediate collision threat.,,road_video_3.mp4:best.pt:pothole:g1:7
88,3.52,pothole,best.pt,0.3961,1.93,width_fallback,0.5,3.904,0.0,39,340,332,465,False,SAFE,OBJECT OUTSIDE VEHICLE LANE,prolog,object_outside_vehicle_lane,25,1,safe:object_outside_vehicle_lane:25* | safe:object_at_safe_distance:20,Object is outside the vehicle lane and not an immediate collision threat.,,road_video_3.mp4:best.pt:pothole:g1:7
88,3.52,pothole,best.pt,0.361,0.96,width_fallback,0.0,,0.157,0,251,591,478,False,SAFE,OBJECT OUTSIDE VEHICLE LANE,prolog,object_outside_vehicle_lane,25,1,safe:object_outside_vehicle_lane:25* | safe:object_at_safe_distance:20,Object is outside the vehicle lane and not an immediate collision threat.,,road_video_3.mp4:best.pt:pothole:g0:6
89,3.56,pothole,best.pt,0.3416,1.83,width_fallback,0.9,3.062,0.0,29,345,340,467,False,SAFE,OBJECT OUTSIDE VEHICLE LANE,prolog,object_outside_vehicle_lane,25,1,safe:object_outside_vehicle_lane:25* | safe:object_at_safe_distance:20,Object is outside the vehicle lane and not an immediate collision threat.,,road_video_3.mp4:best.pt:pothole:g1:7
94,3.76,pothole,best.pt,0.4232,1.02,width_fallback,0.0,,0.178,0,261,542,525,False,SAFE,OBJECT OUTSIDE VEHICLE LANE,prolog,object_outside_vehicle_lane,25,1,safe:object_outside_vehicle_lane:25* | safe:object_at_safe_distance:20,Object is outside the vehicle lane and not an immediate collision threat.,,road_video_3.mp4:best.pt:pothole:g0:5
95,3.8,pothole,best.pt,0.4952,1.99,width_fallback,0.0,,0.0,14,384,292,515,False,SAFE,OBJECT OUTSIDE VEHICLE LANE,prolog,object_outside_vehicle_lane,25,1,safe:object_outside_vehicle_lane:25* | safe:object_at_safe_distance:20,Object is outside the vehicle lane and not an immediate collision threat.,,road_video_3.mp4:best.pt:pothole:g0:9
96,3.84,pothole,best.pt,0.4251,2.05,width_fallback,0.0,,0.0,9,401,279,519,False,SAFE,OBJECT OUTSIDE VEHICLE LANE,prolog,object_outside_vehicle_lane,25,1,safe:object_outside_vehicle_lane:25* | safe:object_at_safe_distance:20,Object is outside the vehicle lane and not an immediate collision threat.,,road_video_3.mp4:best.pt:pothole:g0:9
97,3.88,pothole,best.pt,0.3619,2.1,width_fallback,0.0,,0.0,11,387,275,521,False,SAFE,OBJECT OUTSIDE VEHICLE LANE,prolog,object_outside_vehicle_lane,25,1,safe:object_outside_vehicle_lane:25* | safe:object_at_safe_distance:20,Object is outside the vehicle lane and not an immediate collision threat.,,road_video_3.mp4:best.pt:pothole:g0:9
107,4.28,pothole,best.pt,0.3365,1.04,width_fallback,0.0,,0.373,0,328,586,589,True,CRITICAL,BRAKE AND AVOID ROAD DAMAGE,prolog,brake_and_avoid_road_damage,95,5,critical:brake_and_avoid_road_damage:95* | critical:brake_now_object_too_close:90 | warning:road_damage_warning:62 | warning:generic_warning:55 | caution:caution_object_in_vehicle_lane:40 | safe:object_at_safe_distance:20,Immediate maneuver to avoid road damage is required.,,road_video_3.mp4:best.pt:pothole:g0:7
115,4.6,pothole,best.pt,0.3073,3.48,width_fallback,0.0,,0.0,834,415,988,505,False,SAFE,OBJECT OUTSIDE VEHICLE LANE,prolog,object_outside_vehicle_lane,25,1,safe:object_outside_vehicle_lane:25* | safe:object_at_safe_distance:20,Object is outside the vehicle lane and not an immediate collision threat.,,road_video_3.mp4:best.pt:pothole:g19:9
116,4.64,pothole,best.pt,0.3735,4.7,width_fallback,0.0,,0.09,15,612,129,682,False,SAFE,OBJECT OUTSIDE VEHICLE LANE,prolog,object_outside_vehicle_lane,25,1,safe:object_outside_vehicle_lane:25* | safe:object_at_safe_distance:20,Object is outside the vehicle lane and not an immediate collision threat.,,road_video_3.mp4:best.pt:pothole:g0:14
116,4.64,pothole,best.pt,0.3164,3.41,width_fallback,0.0,,0.0,836,419,1001,519,False,SAFE,OBJECT OUTSIDE VEHICLE LANE,prolog,object_outside_vehicle_lane,25,1,safe:object_outside_vehicle_lane:25* | safe:object_at_safe_distance:20,Object is outside the vehicle lane and not an immediate collision threat.,,road_video_3.mp4:best.pt:pothole:g19:9
117,4.68,pothole,best.pt,0.3224,3.71,width_fallback,0.0,,0.02,858,429,1005,510,False,SAFE,OBJECT OUTSIDE VEHICLE LANE,prolog,object_outside_vehicle_lane,25,1,safe:object_outside_vehicle_lane:25* | safe:object_at_safe_distance:20,Object is outside the vehicle lane and not an immediate collision threat.,,road_video_3.mp4:best.pt:pothole:g19:9
122,4.88,pothole,best.pt,0.4808,3.21,width_fallback,0.0,,0.307,898,477,1078,598,True,WARNING,SLOW DOWN AND PREPARE TO AVOID ROAD DAMAGE,prolog,road_damage_warning,62,3,warning:road_damage_warning:62* | warning:generic_warning:55 | caution:caution_object_in_vehicle_lane:40 | safe:object_at_safe_distance:20,Road damage ahead; slow down and prepare to avoid.,/Users/witchjenjen/Documents/GitHub/AIproject/output/incidents/road_video_3.mp4/road_video_3.mp4_f122_WARNING_pothole.jpg,road_video_3.mp4:best.pt:pothole:g22:11
124,4.96,pothole,best.pt,0.3565,3.15,width_fallback,0.0,,0.0,199,311,366,380,False,SAFE,OBJECT OUTSIDE VEHICLE LANE,prolog,object_outside_vehicle_lane,25,1,safe:object_outside_vehicle_lane:25* | safe:object_at_safe_distance:20,Object is outside the vehicle lane and not an immediate collision threat.,,road_video_3.mp4:best.pt:pothole:g4:7
127,5.08,pothole,best.pt,0.3484,2.67,width_fallback,0.0,,0.0,947,531,1155,659,False,SAFE,OBJECT OUTSIDE VEHICLE LANE,prolog,object_outside_vehicle_lane,25,1,safe:object_outside_vehicle_lane:25* | safe:object_at_safe_distance:20,Object is outside the vehicle lane and not an immediate collision threat.,,road_video_3.mp4:best.pt:pothole:g23:13
134,5.36,pothole,best.pt,0.3834,3.46,width_fallback,0.0,,0.324,908,506,1076,601,True,WARNING,SLOW DOWN AND PREPARE TO AVOID ROAD DAMAGE,prolog,road_damage_warning,62,3,warning:road_damage_warning:62* | warning:generic_warning:55 | caution:caution_object_in_vehicle_lane:40 | safe:object_at_safe_distance:20,Road damage ahead; slow down and prepare to avoid.,/Users/witchjenjen/Documents/GitHub/AIproject/output/incidents/road_video_3.mp4/road_video_3.mp4_f134_WARNING_pothole.jpg,road_video_3.mp4:best.pt:pothole:g22:12
136,5.44,pothole,best.pt,0.521,1.85,width_fallback,0.0,,0.0,58,357,358,462,False,SAFE,OBJECT OUTSIDE VEHICLE LANE,prolog,object_outside_vehicle_lane,25,1,safe:object_outside_vehicle_lane:25* | safe:object_at_safe_distance:20,Object is outside the vehicle lane and not an immediate collision threat.,,road_video_3.mp4:best.pt:pothole:g1:8
137,5.48,pothole,best.pt,0.3067,1.71,width_fallback,0.0,,0.0,50,366,386,476,False,SAFE,OBJECT OUTSIDE VEHICLE LANE,prolog,object_outside_vehicle_lane,25,1,safe:object_outside_vehicle_lane:25* | safe:object_at_safe_distance:20,Object is outside the vehicle lane and not an immediate collision threat.,,road_video_3.mp4:best.pt:pothole:g1:8
149,5.96,pothole,best.pt,0.3276,2.62,width_fallback,0.0,,0.0,261,269,480,361,False,SAFE,OBJECT OUTSIDE VEHICLE LANE,prolog,object_outside_vehicle_lane,25,1,safe:object_outside_vehicle_lane:25* | safe:object_at_safe_distance:20,Object is outside the vehicle lane and not an immediate collision threat.,,road_video_3.mp4:best.pt:pothole:g6:6
151,6.04,pothole,best.pt,0.3797,2.53,width_fallback,0.0,,0.0,267,276,491,363,False,SAFE,OBJECT OUTSIDE VEHICLE LANE,prolog,object_outside_vehicle_lane,25,1,safe:object_outside_vehicle_lane:25* | safe:object_at_safe_distance:20,Object is outside the vehicle lane and not an immediate collision threat.,,road_video_3.mp4:best.pt:pothole:g6:6
152,6.08,pothole,best.pt,0.5765,1.93,width_fallback,0.0,,0.0,0,482,295,616,False,SAFE,OBJECT OUTSIDE VEHICLE LANE,prolog,object_outside_vehicle_lane,25,1,safe:object_outside_vehicle_lane:25* | safe:object_at_safe_distance:20,Object is outside the vehicle lane and not an immediate collision threat.,,road_video_3.mp4:best.pt:pothole:g0:11
153,6.12,pothole,best.pt,0.3998,1.86,width_fallback,0.0,,0.0,9,498,315,615,False,SAFE,OBJECT OUTSIDE VEHICLE LANE,prolog,object_outside_vehicle_lane,25,1,safe:object_outside_vehicle_lane:25* | safe:object_at_safe_distance:20,Object is outside the vehicle lane and not an immediate collision threat.,,road_video_3.mp4:best.pt:pothole:g0:11
154,6.16,pothole,best.pt,0.575,1.89,width_fallback,0.5,3.78,0.228,8,503,302,684,True,CRITICAL,BRAKE AND AVOID ROAD DAMAGE,prolog,brake_and_avoid_road_damage,95,5,critical:brake_and_avoid_road_damage:95* | critical:brake_now_object_too_close:90 | warning:road_damage_warning:62 | warning:generic_warning:55 | caution:caution_object_in_vehicle_lane:40 | safe:object_at_safe_distance:20,Immediate maneuver to avoid road damage is required.,/Users/witchjenjen/Documents/GitHub/AIproject/output/incidents/road_video_3.mp4/road_video_3.mp4_f154_CRITICAL_pothole.jpg,road_video_3.mp4:best.pt:pothole:g0:11
155,6.2,pothole,best.pt,0.3217,2.17,width_fallback,0.0,,0.195,0,535,248,712,True,CRITICAL,BRAKE AND AVOID ROAD DAMAGE,prolog,brake_and_avoid_road_damage,95,5,critical:brake_and_avoid_road_damage:95* | critical:brake_now_object_too_close:90 | warning:road_damage_warning:62 | warning:generic_warning:55 | caution:caution_object_in_vehicle_lane:40 | safe:object_at_safe_distance:20,Immediate maneuver to avoid road damage is required.,,road_video_3.mp4:best.pt:pothole:g0:11
156,6.24,pothole,best.pt,0.4381,2.16,width_fallback,0.0,,0.0,252,295,512,393,False,SAFE,OBJECT OUTSIDE VEHICLE LANE,prolog,object_outside_vehicle_lane,25,1,safe:object_outside_vehicle_lane:25* | safe:object_at_safe_distance:20,Object is outside the vehicle lane and not an immediate collision threat.,,road_video_3.mp4:best.pt:pothole:g6:7
156,6.24,pothole,best.pt,0.41,2.0,width_fallback,0.0,,0.216,1,542,290,683,True,CRITICAL,BRAKE AND AVOID ROAD DAMAGE,prolog,brake_and_avoid_road_damage,95,5,critical:brake_and_avoid_road_damage:95* | critical:brake_now_object_too_close:90 | warning:road_damage_warning:62 | warning:generic_warning:55 | caution:caution_object_in_vehicle_lane:40 | safe:object_at_safe_distance:20,Immediate maneuver to avoid road damage is required.,,road_video_3.mp4:best.pt:pothole:g0:11
157,6.28,pothole,best.pt,0.523,2.16,width_fallback,0.0,,0.22,0,549,253,712,True,CRITICAL,BRAKE AND AVOID ROAD DAMAGE,prolog,brake_and_avoid_road_damage,95,5,critical:brake_and_avoid_road_damage:95* | critical:brake_now_object_too_close:90 | warning:road_damage_warning:62 | warning:generic_warning:55 | caution:caution_object_in_vehicle_lane:40 | safe:object_at_safe_distance:20,Immediate maneuver to avoid road damage is required.,,road_video_3.mp4:best.pt:pothole:g0:11
157,6.28,pothole,best.pt,0.4769,1.88,width_fallback,0.0,,0.038,213,292,526,445,False,SAFE,OBJECT OUTSIDE VEHICLE LANE,prolog,object_outside_vehicle_lane,25,1,safe:object_outside_vehicle_lane:25* | safe:object_at_safe_distance:20,Object is outside the vehicle lane and not an immediate collision threat.,,road_video_3.mp4:best.pt:pothole:g6:7
158,6.32,pothole,best.pt,0.3364,2.26,width_fallback,0.0,,0.249,0,586,244,718,True,CRITICAL,BRAKE AND AVOID ROAD DAMAGE,prolog,brake_and_avoid_road_damage,95,5,critical:brake_and_avoid_road_damage:95* | critical:brake_now_object_too_close:90 | warning:road_damage_warning:62 | warning:generic_warning:55 | caution:caution_object_in_vehicle_lane:40 | safe:object_at_safe_distance:20,Immediate maneuver to avoid road damage is required.,,road_video_3.mp4:best.pt:pothole:g0:11
159,6.36,pothole,best.pt,0.323,2.14,width_fallback,0.167,12.84,0.0,203,304,454,405,False,SAFE,OBJECT OUTSIDE VEHICLE LANE,prolog,object_outside_vehicle_lane,25,1,safe:object_outside_vehicle_lane:25* | safe:object_at_safe_distance:20,Object is outside the vehicle lane and not an immediate collision threat.,,road_video_3.mp4:best.pt:pothole:g6:7
161,6.44,pothole,best.pt,0.3087,2.28,width_fallback,0.0,,0.0,206,317,447,414,False,SAFE,OBJECT OUTSIDE VEHICLE LANE,prolog,object_outside_vehicle_lane,25,1,safe:object_outside_vehicle_lane:25* | safe:object_at_safe_distance:20,Object is outside the vehicle lane and not an immediate collision threat.,,road_video_3.mp4:best.pt:pothole:g6:7
162,6.48,pothole,best.pt,0.4258,2.3,width_fallback,0.0,,0.0,204,320,446,425,False,SAFE,OBJECT OUTSIDE VEHICLE LANE,prolog,object_outside_vehicle_lane,25,1,safe:object_outside_vehicle_lane:25* | safe:object_at_safe_distance:20,Object is outside the vehicle lane and not an immediate collision threat.,,road_video_3.mp4:best.pt:pothole:g6:7
163,6.52,pothole,best.pt,0.4316,2.2,width_fallback,0.0,,0.0,210,324,469,443,False,SAFE,OBJECT OUTSIDE VEHICLE LANE,prolog,object_outside_vehicle_lane,25,1,safe:object_outside_vehicle_lane:25* | safe:object_at_safe_distance:20,Object is outside the vehicle lane and not an immediate collision threat.,,road_video_3.mp4:best.pt:pothole:g6:7
165,6.6,pothole,best.pt,0.3995,2.06,width_fallback,0.278,10.399,0.0,171,335,449,443,False,SAFE,OBJECT OUTSIDE VEHICLE LANE,prolog,object_outside_vehicle_lane,25,1,safe:object_outside_vehicle_lane:25* | safe:object_at_safe_distance:20,Object is outside the vehicle lane and not an immediate collision threat.,,road_video_3.mp4:best.pt:pothole:g6:7
166,6.64,pothole,best.pt,0.3702,2.07,width_fallback,0.225,9.86,0.0,154,337,424,455,False,SAFE,OBJECT OUTSIDE VEHICLE LANE,prolog,object_outside_vehicle_lane,25,1,safe:object_outside_vehicle_lane:25* | safe:object_at_safe_distance:20,Object is outside the vehicle lane and not an immediate collision threat.,,road_video_3.mp4:best.pt:pothole:g6:7
167,6.68,pothole,best.pt,0.4344,2.15,width_fallback,0.0,,0.0,175,343,432,469,False,SAFE,OBJECT OUTSIDE VEHICLE LANE,prolog,object_outside_vehicle_lane,25,1,safe:object_outside_vehicle_lane:25* | safe:object_at_safe_distance:20,Object is outside the vehicle lane and not an immediate collision threat.,,road_video_3.mp4:best.pt:pothole:g6:7
168,6.72,pothole,best.pt,0.4785,2.09,width_fallback,0.0,,0.0,153,352,424,472,False,SAFE,OBJECT OUTSIDE VEHICLE LANE,prolog,object_outside_vehicle_lane,25,1,safe:object_outside_vehicle_lane:25* | safe:object_at_safe_distance:20,Object is outside the vehicle lane and not an immediate collision threat.,,road_video_3.mp4:best.pt:pothole:g6:7
170,6.8,pothole,best.pt,0.3335,2.17,width_fallback,0.306,8.619,0.0,152,363,406,484,False,SAFE,OBJECT OUTSIDE VEHICLE LANE,prolog,object_outside_vehicle_lane,25,1,safe:object_outside_vehicle_lane:25* | safe:object_at_safe_distance:20,Object is outside the vehicle lane and not an immediate collision threat.,,road_video_3.mp4:best.pt:pothole:g6:7
171,6.84,pothole,best.pt,0.435,2.27,width_fallback,0.0,,0.0,105,370,348,496,False,SAFE,OBJECT OUTSIDE VEHICLE LANE,prolog,object_outside_vehicle_lane,25,1,safe:object_outside_vehicle_lane:25* | safe:object_at_safe_distance:20,Object is outside the vehicle lane and not an immediate collision threat.,,road_video_3.mp4:best.pt:pothole:g6:7
172,6.88,pothole,best.pt,0.3931,2.15,width_fallback,0.0,,0.0,132,374,398,513,False,SAFE,OBJECT OUTSIDE VEHICLE LANE,prolog,object_outside_vehicle_lane,25,1,safe:object_outside_vehicle_lane:25* | safe:object_at_safe_distance:20,Object is outside the vehicle lane and not an immediate collision threat.,,road_video_3.mp4:best.pt:pothole:g6:7
173,6.92,pothole,best.pt,0.329,2.01,width_fallback,0.156,10.529,0.0,74,388,358,526,False,SAFE,OBJECT OUTSIDE VEHICLE LANE,prolog,object_outside_vehicle_lane,25,1,safe:object_outside_vehicle_lane:25* | safe:object_at_safe_distance:20,Object is outside the vehicle lane and not an immediate collision threat.,,road_video_3.mp4:best.pt:pothole:g6:7
174,6.96,pothole,best.pt,0.4456,1.91,width_fallback,0.5,7.51,0.0,66,385,365,535,False,SAFE,OBJECT OUTSIDE VEHICLE LANE,prolog,object_outside_vehicle_lane,25,1,safe:object_outside_vehicle_lane:25* | safe:object_at_safe_distance:20,Object is outside the vehicle lane and not an immediate collision threat.,,road_video_3.mp4:best.pt:pothole:g6:7
188,7.52,pothole,best.pt,0.3115,2.26,width_fallback,0.0,,0.0,313,284,570,372,False,SAFE,OBJECT OUTSIDE VEHICLE LANE,prolog,object_outside_vehicle_lane,25,1,safe:object_outside_vehicle_lane:25* | safe:object_at_safe_distance:20,Object is outside the vehicle lane and not an immediate collision threat.,,road_video_3.mp4:best.pt:pothole:g8:6
189,7.56,pothole,best.pt,0.3458,2.53,width_fallback,0.0,,0.0,331,288,545,366,False,SAFE,OBJECT OUTSIDE VEHICLE LANE,prolog,object_outside_vehicle_lane,25,1,safe:object_outside_vehicle_lane:25* | safe:object_at_safe_distance:20,Object is outside the vehicle lane and not an immediate collision threat.,,road_video_3.mp4:best.pt:pothole:g8:6
190,7.6,pothole,best.pt,0.3001,2.33,width_fallback,0.0,,0.0,311,291,559,366,False,SAFE,OBJECT OUTSIDE VEHICLE LANE,prolog,object_outside_vehicle_lane,25,1,safe:object_outside_vehicle_lane:25* | safe:object_at_safe_distance:20,Object is outside the vehicle lane and not an immediate collision threat.,,road_video_3.mp4:best.pt:pothole:g8:6
191,7.64,pothole,best.pt,0.3317,2.31,width_fallback,0.0,,0.0,307,293,550,371,False,SAFE,OBJECT OUTSIDE VEHICLE LANE,prolog,object_outside_vehicle_lane,25,1,safe:object_outside_vehicle_lane:25* | safe:object_at_safe_distance:20,Object is outside the vehicle lane and not an immediate collision threat.,,road_video_3.mp4:best.pt:pothole:g8:6
195,7.8,pothole,best.pt,0.4787,2.42,width_fallback,0.0,,0.02,296,309,550,413,False,SAFE,OBJECT OUTSIDE VEHICLE LANE,prolog,object_outside_vehicle_lane,25,1,safe:object_outside_vehicle_lane:25* | safe:object_at_safe_distance:20,Object is outside the vehicle lane and not an immediate collision threat.,,road_video_3.mp4:best.pt:pothole:g7:7
200,8.0,pothole,best.pt,0.39,1.89,width_fallback,0.0,,0.092,247,330,539,444,False,SAFE,OBJECT OUTSIDE VEHICLE LANE,prolog,object_outside_vehicle_lane,25,1,safe:object_outside_vehicle_lane:25* | safe:object_at_safe_distance:20,Object is outside the vehicle lane and not an immediate collision threat.,,road_video_3.mp4:best.pt:pothole:g6:8
201,8.04,pothole,best.pt,0.4572,1.78,width_fallback,0.0,,0.183,249,337,571,443,True,CRITICAL,BRAKE AND AVOID ROAD DAMAGE,prolog,brake_and_avoid_road_damage,95,5,critical:brake_and_avoid_road_damage:95* | critical:brake_now_object_too_close:90 | warning:road_damage_warning:62 | warning:generic_warning:55 | caution:caution_object_in_vehicle_lane:40 | safe:object_at_safe_distance:20,Immediate maneuver to avoid road damage is required.,/Users/witchjenjen/Documents/GitHub/AIproject/output/incidents/road_video_3.mp4/road_video_3.mp4_f201_CRITICAL_pothole.jpg,road_video_3.mp4:best.pt:pothole:g6:8
202,8.08,pothole,best.pt,0.4248,1.8,width_fallback,1.125,1.6,0.221,245,337,555,468,True,CRITICAL,BRAKE AND AVOID ROAD DAMAGE,prolog,brake_and_avoid_road_damage,95,5,critical:brake_and_avoid_road_damage:95* | critical:brake_now_object_too_close:90 | warning:road_damage_warning:62 | warning:generic_warning:55 | caution:caution_object_in_vehicle_lane:40 | safe:object_at_safe_distance:20,Immediate maneuver to avoid road damage is required.,,road_video_3.mp4:best.pt:pothole:g6:8
203,8.12,pothole,best.pt,0.347,1.8,width_fallback,0.75,1.96,0.217,241,338,552,470,True,CRITICAL,BRAKE AND AVOID ROAD DAMAGE,prolog,brake_and_avoid_road_damage,95,5,critical:brake_and_avoid_road_damage:95* | critical:brake_now_object_too_close:90 | warning:road_damage_warning:62 | warning:generic_warning:55 | caution:caution_object_in_vehicle_lane:40 | safe:object_at_safe_distance:20,Immediate maneuver to avoid road damage is required.,,road_video_3.mp4:best.pt:pothole:g6:8
204,8.16,pothole,best.pt,0.5079,1.7,width_fallback,1.187,1.722,0.252,232,344,569,469,True,CRITICAL,BRAKE AND AVOID ROAD DAMAGE,prolog,brake_and_avoid_road_damage,95,5,critical:brake_and_avoid_road_damage:95* | critical:brake_now_object_too_close:90 | warning:road_damage_warning:62 | warning:generic_warning:55 | caution:caution_object_in_vehicle_lane:40 | safe:object_at_safe_distance:20,Immediate maneuver to avoid road damage is required.,,road_video_3.mp4:best.pt:pothole:g6:8
205,8.2,pothole,best.pt,0.4374,1.79,width_fallback,0.5,2.558,0.057,233,360,541,485,False,SAFE,OBJECT OUTSIDE VEHICLE LANE,prolog,object_outside_vehicle_lane,25,1,safe:object_outside_vehicle_lane:25* | safe:object_at_safe_distance:20,Object is outside the vehicle lane and not an immediate collision threat.,,road_video_3.mp4:best.pt:pothole:g6:8
206,8.24,pothole,best.pt,0.4007,1.95,width_fallback,0.0,,0.045,242,368,521,484,False,SAFE,OBJECT OUTSIDE VEHICLE LANE,prolog,object_outside_vehicle_lane,25,1,safe:object_outside_vehicle_lane:25* | safe:object_at_safe_distance:20,Object is outside the vehicle lane and not an immediate collision threat.,,road_video_3.mp4:best.pt:pothole:g6:8
216,8.64,pothole,best.pt,0.505,2.35,width_fallback,0.0,,0.0,431,295,686,377,False,SAFE,OBJECT OUTSIDE VEHICLE LANE,prolog,object_outside_vehicle_lane,25,1,safe:object_outside_vehicle_lane:25* | safe:object_at_safe_distance:20,Object is outside the vehicle lane and not an immediate collision threat.,,road_video_3.mp4:best.pt:pothole:g12:7
218,8.72,pothole,best.pt,0.3075,2.06,width_fallback,0.0,,0.0,426,283,712,399,False,SAFE,OBJECT OUTSIDE VEHICLE LANE,prolog,object_outside_vehicle_lane,25,1,safe:object_outside_vehicle_lane:25* | safe:object_at_safe_distance:20,Object is outside the vehicle lane and not an immediate collision threat.,,road_video_3.mp4:best.pt:pothole:g12:7
220,8.8,pothole,best.pt,0.3528,2.17,width_fallback,1.125,1.929,0.0,430,321,683,400,False,SAFE,OBJECT OUTSIDE VEHICLE LANE,prolog,object_outside_vehicle_lane,25,1,safe:object_outside_vehicle_lane:25* | safe:object_at_safe_distance:20,Object is outside the vehicle lane and not an immediate collision threat.,,road_video_3.mp4:best.pt:pothole:g12:7
224,8.96,pothole,best.pt,0.3724,1.76,width_fallback,0.0,,0.576,416,325,734,436,True,CRITICAL,BRAKE AND AVOID ROAD DAMAGE,prolog,brake_and_avoid_road_damage,95,5,critical:brake_and_avoid_road_damage:95* | critical:brake_now_object_too_close:90 | warning:road_damage_warning:62 | warning:generic_warning:55 | caution:caution_object_in_vehicle_lane:40 | safe:object_at_safe_distance:20,Immediate maneuver to avoid road damage is required.,/Users/witchjenjen/Documents/GitHub/AIproject/output/incidents/road_video_3.mp4/road_video_3.mp4_f224_CRITICAL_pothole.jpg,road_video_3.mp4:best.pt:pothole:g10:8
231,9.24,pothole,best.pt,0.3978,1.75,width_fallback,0.0,,0.855,397,369,753,499,True,CRITICAL,BRAKE AND AVOID ROAD DAMAGE,prolog,brake_and_avoid_road_damage,95,5,critical:brake_and_avoid_road_damage:95* | critical:brake_now_object_too_close:90 | warning:road_damage_warning:62 | warning:generic_warning:55 | caution:caution_object_in_vehicle_lane:40 | safe:object_at_safe_distance:20,Immediate maneuver to avoid road damage is required.,/Users/witchjenjen/Documents/GitHub/AIproject/output/incidents/road_video_3.mp4/road_video_3.mp4_f231_CRITICAL_pothole.jpg,road_video_3.mp4:best.pt:pothole:g10:9
236,9.44,pothole,best.pt,0.3309,3.67,width_fallback,0.0,,0.0,265,253,421,323,False,SAFE,OBJECT OUTSIDE VEHICLE LANE,prolog,object_outside_vehicle_lane,25,1,safe:object_outside_vehicle_lane:25* | safe:object_at_safe_distance:20,Object is outside the vehicle lane and not an immediate collision threat.,,road_video_3.mp4:best.pt:pothole:g6:6
237,9.48,pothole,best.pt,0.3596,3.62,width_fallback,0.0,,0.0,264,257,419,324,False,SAFE,OBJECT OUTSIDE VEHICLE LANE,prolog,object_outside_vehicle_lane,25,1,safe:object_outside_vehicle_lane:25* | safe:object_at_safe_distance:20,Object is outside the vehicle lane and not an immediate collision threat.,,road_video_3.mp4:best.pt:pothole:g6:6
239,9.56,pothole,best.pt,0.3846,3.5,width_fallback,0.0,,0.0,248,259,410,334,False,SAFE,OBJECT OUTSIDE VEHICLE LANE,prolog,object_outside_vehicle_lane,25,1,safe:object_outside_vehicle_lane:25* | safe:object_at_safe_distance:20,Object is outside the vehicle lane and not an immediate collision threat.,,road_video_3.mp4:best.pt:pothole:g6:6
241,9.64,pothole,best.pt,0.4547,3.39,width_fallback,0.0,,0.0,244,267,411,337,False,SAFE,OBJECT OUTSIDE VEHICLE LANE,prolog,object_outside_vehicle_lane,25,1,safe:object_outside_vehicle_lane:25* | safe:object_at_safe_distance:20,Object is outside the vehicle lane and not an immediate collision threat.,,road_video_3.mp4:best.pt:pothole:g6:6
242,9.68,pothole,best.pt,0.3166,3.4,width_fallback,0.0,,0.0,239,271,403,351,False,SAFE,OBJECT OUTSIDE VEHICLE LANE,prolog,object_outside_vehicle_lane,25,1,safe:object_outside_vehicle_lane:25* | safe:object_at_safe_distance:20,Object is outside the vehicle lane and not an immediate collision threat.,,road_video_3.mp4:best.pt:pothole:g6:6
243,9.72,pothole,best.pt,0.372,3.53,width_fallback,0.0,,0.0,243,271,400,352,False,SAFE,OBJECT OUTSIDE VEHICLE LANE,prolog,object_outside_vehicle_lane,25,1,safe:object_outside_vehicle_lane:25* | safe:object_at_safe_distance:20,Object is outside the vehicle lane and not an immediate collision threat.,,road_video_3.mp4:best.pt:pothole:g6:6
244,9.76,pothole,best.pt,0.3153,3.51,width_fallback,0.0,,0.0,240,273,400,353,False,SAFE,OBJECT OUTSIDE VEHICLE LANE,prolog,object_outside_vehicle_lane,25,1,safe:object_outside_vehicle_lane:25* | safe:object_at_safe_distance:20,Object is outside the vehicle lane and not an immediate collision threat.,,road_video_3.mp4:best.pt:pothole:g6:6
246,9.84,pothole,best.pt,0.4233,3.16,width_fallback,1.275,2.478,0.0,215,283,399,360,False,SAFE,OBJECT OUTSIDE VEHICLE LANE,prolog,object_outside_vehicle_lane,25,1,safe:object_outside_vehicle_lane:25* | safe:object_at_safe_distance:20,Object is outside the vehicle lane and not an immediate collision threat.,,road_video_3.mp4:best.pt:pothole:g6:6
247,9.88,pothole,best.pt,0.4184,3.12,width_fallback,1.25,2.486,0.0,218,285,398,361,False,SAFE,OBJECT OUTSIDE VEHICLE LANE,prolog,object_outside_vehicle_lane,25,1,safe:object_outside_vehicle_lane:25* | safe:object_at_safe_distance:20,Object is outside the vehicle lane and not an immediate collision threat.,,road_video_3.mp4:best.pt:pothole:g6:6
248,9.92,pothole,best.pt,0.4507,3.23,width_fallback,0.75,3.305,0.0,217,293,389,371,False,SAFE,OBJECT OUTSIDE VEHICLE LANE,prolog,object_outside_vehicle_lane,25,1,safe:object_outside_vehicle_lane:25* | safe:object_at_safe_distance:20,Object is outside the vehicle lane and not an immediate collision threat.,,road_video_3.mp4:best.pt:pothole:g6:6
249,9.96,pothole,best.pt,0.4573,2.98,width_fallback,1.281,2.865,0.0,196,285,389,378,False,SAFE,OBJECT OUTSIDE VEHICLE LANE,prolog,object_outside_vehicle_lane,25,1,safe:object_outside_vehicle_lane:25* | safe:object_at_safe_distance:20,Object is outside the vehicle lane and not an immediate collision threat.,,road_video_3.mp4:best.pt:pothole:g6:6
250,10.0,pothole,best.pt,0.4827,2.94,width_fallback,1.437,2.496,0.0,195,294,387,380,False,SAFE,OBJECT OUTSIDE VEHICLE LANE,prolog,object_outside_vehicle_lane,25,1,safe:object_outside_vehicle_lane:25* | safe:object_at_safe_distance:20,Object is outside the vehicle lane and not an immediate collision threat.,,road_video_3.mp4:best.pt:pothole:g6:6
251,10.04,pothole,best.pt,0.5273,2.9,width_fallback,1.969,2.036,0.0,191,297,385,380,False,SAFE,OBJECT OUTSIDE VEHICLE LANE,prolog,object_outside_vehicle_lane,25,1,safe:object_outside_vehicle_lane:25* | safe:object_at_safe_distance:20,Object is outside the vehicle lane and not an immediate collision threat.,,road_video_3.mp4:best.pt:pothole:g6:6
253,10.12,pothole,best.pt,0.4414,2.83,width_fallback,1.889,1.794,0.0,180,306,380,402,False,SAFE,OBJECT OUTSIDE VEHICLE LANE,prolog,object_outside_vehicle_lane,25,1,safe:object_outside_vehicle_lane:25* | safe:object_at_safe_distance:20,Object is outside the vehicle lane and not an immediate collision threat.,,road_video_3.mp4:best.pt:pothole:g6:6
254,10.16,pothole,best.pt,0.3642,2.64,width_fallback,1.625,1.718,0.0,168,305,385,407,False,SAFE,OBJECT OUTSIDE VEHICLE LANE,prolog,object_outside_vehicle_lane,25,1,safe:object_outside_vehicle_lane:25* | safe:object_at_safe_distance:20,Object is outside the vehicle lane and not an immediate collision threat.,,road_video_3.mp4:best.pt:pothole:g6:6
255,10.2,pothole,best.pt,0.5236,2.72,width_fallback,1.25,1.924,0.0,167,318,371,430,False,SAFE,OBJECT OUTSIDE VEHICLE LANE,prolog,object_outside_vehicle_lane,25,1,safe:object_outside_vehicle_lane:25* | safe:object_at_safe_distance:20,Object is outside the vehicle lane and not an immediate collision threat.,,road_video_3.mp4:best.pt:pothole:g6:6
256,10.24,pothole,best.pt,0.536,2.71,width_fallback,1.625,1.809,0.0,168,323,375,420,False,SAFE,OBJECT OUTSIDE VEHICLE LANE,prolog,object_outside_vehicle_lane,25,1,safe:object_outside_vehicle_lane:25* | safe:object_at_safe_distance:20,Object is outside the vehicle lane and not an immediate collision threat.,,road_video_3.mp4:best.pt:pothole:g6:6
257,10.28,pothole,best.pt,0.4362,2.63,width_fallback,1.094,2.077,0.0,156,326,371,440,False,SAFE,OBJECT OUTSIDE VEHICLE LANE,prolog,object_outside_vehicle_lane,25,1,safe:object_outside_vehicle_lane:25* | safe:object_at_safe_distance:20,Object is outside the vehicle lane and not an immediate collision threat.,,road_video_3.mp4:best.pt:pothole:g6:6
258,10.32,pothole,best.pt,0.6652,2.58,width_fallback,1.125,2.174,0.0,142,330,360,440,False,SAFE,OBJECT OUTSIDE VEHICLE LANE,prolog,object_outside_vehicle_lane,25,1,safe:object_outside_vehicle_lane:25* | safe:object_at_safe_distance:20,Object is outside the vehicle lane and not an immediate collision threat.,,road_video_3.mp4:best.pt:pothole:g6:6
259,10.36,pothole,best.pt,0.6085,2.62,width_fallback,0.875,2.543,0.0,143,338,356,449,False,SAFE,OBJECT OUTSIDE VEHICLE LANE,prolog,object_outside_vehicle_lane,25,1,safe:object_outside_vehicle_lane:25* | safe:object_at_safe_distance:20,Object is outside the vehicle lane and not an immediate collision threat.,,road_video_3.mp4:best.pt:pothole:g6:6
260,10.4,pothole,best.pt,0.6594,2.55,width_fallback,1.0,2.546,0.0,139,340,360,466,False,SAFE,OBJECT OUTSIDE VEHICLE LANE,prolog,object_outside_vehicle_lane,25,1,safe:object_outside_vehicle_lane:25* | safe:object_at_safe_distance:20,Object is outside the vehicle lane and not an immediate collision threat.,,road_video_3.mp4:best.pt:pothole:g6:6
261,10.44,pothole,best.pt,0.4439,2.39,width_fallback,0.893,2.605,0.0,117,345,356,472,False,SAFE,OBJECT OUTSIDE VEHICLE LANE,prolog,object_outside_vehicle_lane,25,1,safe:object_outside_vehicle_lane:25* | safe:object_at_safe_distance:20,Object is outside the vehicle lane and not an immediate collision threat.,,road_video_3.mp4:best.pt:pothole:g6:6
262,10.48,pothole,best.pt,0.5425,2.26,width_fallback,1.643,2.052,0.0,107,352,360,490,False,SAFE,OBJECT OUTSIDE VEHICLE LANE,prolog,object_outside_vehicle_lane,25,1,safe:object_outside_vehicle_lane:25* | safe:object_at_safe_distance:20,Object is outside the vehicle lane and not an immediate collision threat.,,road_video_3.mp4:best.pt:pothole:g6:6
263,10.52,pothole,best.pt,0.5905,2.45,width_fallback,0.929,2.316,0.0,125,353,347,495,False,SAFE,OBJECT OUTSIDE VEHICLE LANE,prolog,object_outside_vehicle_lane,25,1,safe:object_outside_vehicle_lane:25* | safe:object_at_safe_distance:20,Object is outside the vehicle lane and not an immediate collision threat.,,road_video_3.mp4:best.pt:pothole:g6:6
264,10.56,pothole,best.pt,0.6589,2.12,width_fallback,1.821,1.797,0.0,81,355,360,507,False,SAFE,OBJECT OUTSIDE VEHICLE LANE,prolog,object_outside_vehicle_lane,25,1,safe:object_outside_vehicle_lane:25* | safe:object_at_safe_distance:20,Object is outside the vehicle lane and not an immediate collision threat.,,road_video_3.mp4:best.pt:pothole:g6:6
265,10.6,pothole,best.pt,0.5776,1.86,width_fallback,2.571,1.314,0.0,47,367,364,522,False,SAFE,OBJECT OUTSIDE VEHICLE LANE,prolog,object_outside_vehicle_lane,25,1,safe:object_outside_vehicle_lane:25* | safe:object_at_safe_distance:20,Object is outside the vehicle lane and not an immediate collision threat.,,road_video_3.mp4:best.pt:pothole:g6:6
265,10.6,pothole,best.pt,0.4611,1.37,width_fallback,0.0,,0.394,1,350,391,714,True,CRITICAL,BRAKE AND AVOID ROAD DAMAGE,prolog,brake_and_avoid_road_damage,95,5,critical:brake_and_avoid_road_damage:95* | critical:brake_now_object_too_close:90 | warning:road_damage_warning:62 | warning:generic_warning:55 | caution:caution_object_in_vehicle_lane:40 | safe:object_at_safe_distance:20,Immediate maneuver to avoid road damage is required.,/Users/witchjenjen/Documents/GitHub/AIproject/output/incidents/road_video_3.mp4/road_video_3.mp4_f265_CRITICAL_pothole.jpg,road_video_3.mp4:best.pt:pothole:g0:8
265,10.6,pothole,best.pt,0.333,4.75,width_fallback,0.0,,0.828,155,640,270,715,True,WARNING,SLOW DOWN AND PREPARE TO AVOID ROAD DAMAGE,prolog,road_damage_warning,62,3,warning:road_damage_warning:62* | warning:generic_warning:55 | caution:caution_object_in_vehicle_lane:40 | safe:object_at_safe_distance:20,Road damage ahead; slow down and prepare to avoid.,/Users/witchjenjen/Documents/GitHub/AIproject/output/incidents/road_video_3.mp4/road_video_3.mp4_f265_WARNING_pothole.jpg,road_video_3.mp4:best.pt:pothole:g4:14
266,10.64,pothole,best.pt,0.5967,1.9,width_fallback,2.571,1.055,0.0,62,373,355,512,False,SAFE,OBJECT OUTSIDE VEHICLE LANE,prolog,object_outside_vehicle_lane,25,1,safe:object_outside_vehicle_lane:25* | safe:object_at_safe_distance:20,Object is outside the vehicle lane and not an immediate collision threat.,,road_video_3.mp4:best.pt:pothole:g6:6
267,10.68,pothole,best.pt,0.6427,2.03,width_fallback,1.857,1.072,0.0,73,381,343,512,False,SAFE,OBJECT OUTSIDE VEHICLE LANE,prolog,object_outside_vehicle_lane,25,1,safe:object_outside_vehicle_lane:25* | safe:object_at_safe_distance:20,Object is outside the vehicle lane and not an immediate collision threat.,,road_video_3.mp4:best.pt:pothole:g6:6
268,10.72,pothole,best.pt,0.4088,1.93,width_fallback,1.643,1.118,0.0,36,385,331,540,False,SAFE,OBJECT OUTSIDE VEHICLE LANE,prolog,object_outside_vehicle_lane,25,1,safe:object_outside_vehicle_lane:25* | safe:object_at_safe_distance:20,Object is outside the vehicle lane and not an immediate collision threat.,,road_video_3.mp4:best.pt:pothole:g6:6
269,10.76,pothole,best.pt,0.5672,1.95,width_fallback,1.107,1.408,0.0,46,392,333,539,False,SAFE,OBJECT OUTSIDE VEHICLE LANE,prolog,object_outside_vehicle_lane,25,1,safe:object_outside_vehicle_lane:25* | safe:object_at_safe_distance:20,Object is outside the vehicle lane and not an immediate collision threat.,,road_video_3.mp4:best.pt:pothole:g6:6
270,10.8,pothole,best.pt,0.6167,1.96,width_fallback,1.75,1.278,0.0,46,396,331,569,False,SAFE,OBJECT OUTSIDE VEHICLE LANE,prolog,object_outside_vehicle_lane,25,1,safe:object_outside_vehicle_lane:25* | safe:object_at_safe_distance:20,Object is outside the vehicle lane and not an immediate collision threat.,,road_video_3.mp4:best.pt:pothole:g6:6
271,10.84,pothole,best.pt,0.6579,1.81,width_fallback,1.107,1.439,0.0,6,404,324,566,False,SAFE,OBJECT OUTSIDE VEHICLE LANE,prolog,object_outside_vehicle_lane,25,1,safe:object_outside_vehicle_lane:25* | safe:object_at_safe_distance:20,Object is outside the vehicle lane and not an immediate collision threat.,,road_video_3.mp4:best.pt:pothole:g6:6
272,10.88,pothole,best.pt,0.5267,1.85,width_fallback,0.0,,0.0,12,417,313,569,False,SAFE,OBJECT OUTSIDE VEHICLE LANE,prolog,object_outside_vehicle_lane,25,1,safe:object_outside_vehicle_lane:25* | safe:object_at_safe_distance:20,Object is outside the vehicle lane and not an immediate collision threat.,,road_video_3.mp4:best.pt:pothole:g6:6
273,10.92,pothole,best.pt,0.5696,1.86,width_fallback,0.0,,0.0,4,424,305,583,False,SAFE,OBJECT OUTSIDE VEHICLE LANE,prolog,object_outside_vehicle_lane,25,1,safe:object_outside_vehicle_lane:25* | safe:object_at_safe_distance:20,Object is outside the vehicle lane and not an immediate collision threat.,,road_video_3.mp4:best.pt:pothole:g6:6
274,10.96,pothole,best.pt,0.5734,1.8,width_fallback,0.821,1.777,0.008,0,430,315,602,False,SAFE,OBJECT OUTSIDE VEHICLE LANE,prolog,object_outside_vehicle_lane,25,1,safe:object_outside_vehicle_lane:25* | safe:object_at_safe_distance:20,Object is outside the vehicle lane and not an immediate collision threat.,,road_video_3.mp4:best.pt:pothole:g6:6
275,11.0,pothole,best.pt,0.5906,1.9,width_fallback,0.0,,0.016,7,448,295,624,False,SAFE,OBJECT OUTSIDE VEHICLE LANE,prolog,object_outside_vehicle_lane,25,1,safe:object_outside_vehicle_lane:25* | safe:object_at_safe_distance:20,Object is outside the vehicle lane and not an immediate collision threat.,,road_video_3.mp4:best.pt:pothole:g6:6
276,11.04,pothole,best.pt,0.4719,1.99,width_fallback,0.0,,0.191,0,455,277,705,True,CRITICAL,BRAKE AND AVOID ROAD DAMAGE,prolog,brake_and_avoid_road_damage,95,5,critical:brake_and_avoid_road_damage:95* | critical:brake_now_object_too_close:90 | warning:road_damage_warning:62 | warning:generic_warning:55 | caution:caution_object_in_vehicle_lane:40 | safe:object_at_safe_distance:20,Immediate maneuver to avoid road damage is required.,/Users/witchjenjen/Documents/GitHub/AIproject/output/incidents/road_video_3.mp4/road_video_3.mp4_f276_CRITICAL_pothole.jpg,road_video_3.mp4:best.pt:pothole:g6:6
277,11.08,pothole,best.pt,0.3707,1.97,width_fallback,0.0,,0.116,0,466,286,673,False,SAFE,OBJECT OUTSIDE VEHICLE LANE,prolog,object_outside_vehicle_lane,25,1,safe:object_outside_vehicle_lane:25* | safe:object_at_safe_distance:20,Object is outside the vehicle lane and not an immediate collision threat.,,road_video_3.mp4:best.pt:pothole:g6:6
281,11.24,pothole,best.pt,0.3501,2.48,width_fallback,0.0,,0.0,3,527,226,609,False,SAFE,OBJECT OUTSIDE VEHICLE LANE,prolog,object_outside_vehicle_lane,25,1,safe:object_outside_vehicle_lane:25* | safe:object_at_safe_distance:20,Object is outside the vehicle lane and not an immediate collision threat.,,road_video_3.mp4:best.pt:pothole:g0:13
283,11.32,pothole,best.pt,0.3943,2.81,width_fallback,0.0,,0.0,0,564,196,666,False,SAFE,OBJECT OUTSIDE VEHICLE LANE,prolog,object_outside_vehicle_lane,25,1,safe:object_outside_vehicle_lane:25* | safe:object_at_safe_distance:20,Object is outside the vehicle lane and not an immediate collision threat.,,road_video_3.mp4:best.pt:pothole:g0:13
284,11.36,pothole,best.pt,0.4808,2.86,width_fallback,0.0,,0.076,0,583,195,719,False,SAFE,OBJECT OUTSIDE VEHICLE LANE,prolog,object_outside_vehicle_lane,25,1,safe:object_outside_vehicle_lane:25* | safe:object_at_safe_distance:20,Object is outside the vehicle lane and not an immediate collision threat.,,road_video_3.mp4:best.pt:pothole:g0:13
285,11.4,pothole,best.pt,0.5429,3.14,width_fallback,0.0,,0.022,0,604,173,719,False,SAFE,OBJECT OUTSIDE VEHICLE LANE,prolog,object_outside_vehicle_lane,25,1,safe:object_outside_vehicle_lane:25* | safe:object_at_safe_distance:20,Object is outside the vehicle lane and not an immediate collision threat.,,road_video_3.mp4:best.pt:pothole:g0:13
310,12.4,pothole,best.pt,0.3969,4.67,width_fallback,0.0,,0.0,391,281,511,336,False,SAFE,OBJECT OUTSIDE VEHICLE LANE,prolog,object_outside_vehicle_lane,25,1,safe:object_outside_vehicle_lane:25* | safe:object_at_safe_distance:20,Object is outside the vehicle lane and not an immediate collision threat.,,road_video_3.mp4:best.pt:pothole:g9:6
311,12.44,pothole,best.pt,0.3581,4.61,width_fallback,0.0,,0.0,383,283,505,339,False,SAFE,OBJECT OUTSIDE VEHICLE LANE,prolog,object_outside_vehicle_lane,25,1,safe:object_outside_vehicle_lane:25* | safe:object_at_safe_distance:20,Object is outside the vehicle lane and not an immediate collision threat.,,road_video_3.mp4:best.pt:pothole:g9:6
312,12.48,pothole,best.pt,0.3632,4.83,width_fallback,0.0,,0.0,376,292,490,340,False,SAFE,OBJECT OUTSIDE VEHICLE LANE,prolog,object_outside_vehicle_lane,25,1,safe:object_outside_vehicle_lane:25* | safe:object_at_safe_distance:20,Object is outside the vehicle lane and not an immediate collision threat.,,road_video_3.mp4:best.pt:pothole:g9:6
313,12.52,pothole,best.pt,0.3681,4.07,width_fallback,5.0,0.814,0.0,370,294,517,346,False,SAFE,OBJECT OUTSIDE VEHICLE LANE,prolog,object_outside_vehicle_lane,25,1,safe:object_outside_vehicle_lane:25* | safe:object_at_safe_distance:20,Object is outside the vehicle lane and not an immediate collision threat.,,road_video_3.mp4:best.pt:pothole:g9:6
314,12.56,pothole,best.pt,0.5015,4.08,width_fallback,3.687,0.946,0.0,377,297,514,347,False,SAFE,OBJECT OUTSIDE VEHICLE LANE,prolog,object_outside_vehicle_lane,25,1,safe:object_outside_vehicle_lane:25* | safe:object_at_safe_distance:20,Object is outside the vehicle lane and not an immediate collision threat.,,road_video_3.mp4:best.pt:pothole:g9:6
315,12.6,pothole,best.pt,0.476,3.45,width_fallback,6.1,0.775,0.0,342,298,515,360,False,SAFE,OBJECT OUTSIDE VEHICLE LANE,prolog,object_outside_vehicle_lane,25,1,safe:object_outside_vehicle_lane:25* | safe:object_at_safe_distance:20,Object is outside the vehicle lane and not an immediate collision threat.,,road_video_3.mp4:best.pt:pothole:g9:6
316,12.64,pothole,best.pt,0.3595,3.61,width_fallback,4.417,0.794,0.0,366,306,519,362,False,SAFE,OBJECT OUTSIDE VEHICLE LANE,prolog,object_outside_vehicle_lane,25,1,safe:object_outside_vehicle_lane:25* | safe:object_at_safe_distance:20,Object is outside the vehicle lane and not an immediate collision threat.,,road_video_3.mp4:best.pt:pothole:g9:6
317,12.68,pothole,best.pt,0.358,3.63,width_fallback,3.714,0.876,0.0,339,312,493,361,False,SAFE,OBJECT OUTSIDE VEHICLE LANE,prolog,object_outside_vehicle_lane,25,1,safe:object_outside_vehicle_lane:25* | safe:object_at_safe_distance:20,Object is outside the vehicle lane and not an immediate collision threat.,,road_video_3.mp4:best.pt:pothole:g9:6
319,12.76,pothole,best.pt,0.3325,3.95,width_fallback,2.062,1.344,0.0,368,325,506,379,False,SAFE,OBJECT OUTSIDE VEHICLE LANE,prolog,object_outside_vehicle_lane,25,1,safe:object_outside_vehicle_lane:25* | safe:object_at_safe_distance:20,Object is outside the vehicle lane and not an immediate collision threat.,,road_video_3.mp4:best.pt:pothole:g9:6
320,12.8,pothole,best.pt,0.4725,3.42,width_fallback,4.406,1.088,0.0,342,326,515,387,False,SAFE,OBJECT OUTSIDE VEHICLE LANE,prolog,object_outside_vehicle_lane,25,1,safe:object_outside_vehicle_lane:25* | safe:object_at_safe_distance:20,Object is outside the vehicle lane and not an immediate collision threat.,,road_video_3.mp4:best.pt:pothole:g9:6
321,12.84,pothole,best.pt,0.4115,3.37,width_fallback,2.187,1.292,0.0,340,333,507,391,False,SAFE,OBJECT OUTSIDE VEHICLE LANE,prolog,object_outside_vehicle_lane,25,1,safe:object_outside_vehicle_lane:25* | safe:object_at_safe_distance:20,Object is outside the vehicle lane and not an immediate collision threat.,,road_video_3.mp4:best.pt:pothole:g9:6
322,12.88,pothole,best.pt,0.462,3.68,width_fallback,1.25,2.035,0.0,342,337,490,396,False,SAFE,OBJECT OUTSIDE VEHICLE LANE,prolog,object_outside_vehicle_lane,25,1,safe:object_outside_vehicle_lane:25* | safe:object_at_safe_distance:20,Object is outside the vehicle lane and not an immediate collision threat.,,road_video_3.mp4:best.pt:pothole:g9:6
323,12.92,pothole,best.pt,0.4158,2.33,width_fallback,0.0,,0.0,257,342,494,411,False,SAFE,OBJECT OUTSIDE VEHICLE LANE,prolog,object_outside_vehicle_lane,25,1,safe:object_outside_vehicle_lane:25* | safe:object_at_safe_distance:20,Object is outside the vehicle lane and not an immediate collision threat.,,road_video_3.mp4:best.pt:pothole:g5:8
324,12.96,pothole,best.pt,0.5664,2.82,width_fallback,0.0,,0.0,317,350,504,415,False,SAFE,OBJECT OUTSIDE VEHICLE LANE,prolog,object_outside_vehicle_lane,25,1,safe:object_outside_vehicle_lane:25* | safe:object_at_safe_distance:20,Object is outside the vehicle lane and not an immediate collision threat.,,road_video_3.mp4:best.pt:pothole:g5:8
324,12.96,pothole,best.pt,0.3615,5.64,width_fallback,0.0,,0.0,784,350,883,391,False,SAFE,OBJECT OUTSIDE VEHICLE LANE,prolog,object_outside_vehicle_lane,25,1,safe:object_outside_vehicle_lane:25* | safe:object_at_safe_distance:20,Object is outside the vehicle lane and not an immediate collision threat.,,road_video_3.mp4:best.pt:pothole:g19:8
325,13.0,pothole,best.pt,0.415,2.8,width_fallback,0.0,,0.0,309,359,510,427,False,SAFE,OBJECT OUTSIDE VEHICLE LANE,prolog,object_outside_vehicle_lane,25,1,safe:object_outside_vehicle_lane:25* | safe:object_at_safe_distance:20,Object is outside the vehicle lane and not an immediate collision threat.,,road_video_3.mp4:best.pt:pothole:g5:8
325,13.0,pothole,best.pt,0.3511,5.69,width_fallback,0.0,,0.0,795,363,893,407,False,SAFE,OBJECT OUTSIDE VEHICLE LANE,prolog,object_outside_vehicle_lane,25,1,safe:object_outside_vehicle_lane:25* | safe:object_at_safe_distance:20,Object is outside the vehicle lane and not an immediate collision threat.,,road_video_3.mp4:best.pt:pothole:g19:8
326,13.04,pothole,best.pt,0.5682,3.07,width_fallback,0.0,,0.0,316,361,493,435,False,SAFE,OBJECT OUTSIDE VEHICLE LANE,prolog,object_outside_vehicle_lane,25,1,safe:object_outside_vehicle_lane:25* | safe:object_at_safe_distance:20,Object is outside the vehicle lane and not an immediate collision threat.,,road_video_3.mp4:best.pt:pothole:g5:8
327,13.08,pothole,best.pt,0.4414,3.0,width_fallback,0.0,,0.005,312,374,500,440,False,SAFE,OBJECT OUTSIDE VEHICLE LANE,prolog,object_outside_vehicle_lane,25,1,safe:object_outside_vehicle_lane:25* | safe:object_at_safe_distance:20,Object is outside the vehicle lane and not an immediate collision threat.,,road_video_3.mp4:best.pt:pothole:g5:8
327,13.08,pothole,best.pt,0.314,5.11,width_fallback,4.417,1.157,0.0,801,373,915,419,False,SAFE,OBJECT OUTSIDE VEHICLE LANE,prolog,object_outside_vehicle_lane,25,1,safe:object_outside_vehicle_lane:25* | safe:object_at_safe_distance:20,Object is outside the vehicle lane and not an immediate collision threat.,,road_video_3.mp4:best.pt:pothole:g19:8
331,13.24,pothole,best.pt,0.4271,2.63,width_fallback,0.0,,0.143,274,405,483,487,False,SAFE,OBJECT OUTSIDE VEHICLE LANE,prolog,object_outside_vehicle_lane,25,1,safe:object_outside_vehicle_lane:25* | safe:object_at_safe_distance:20,Object is outside the vehicle lane and not an immediate collision threat.,,road_video_3.mp4:best.pt:pothole:g6:9
332,13.28,pothole,best.pt,0.3778,4.76,width_fallback,0.0,,0.0,853,418,976,475,False,SAFE,OBJECT OUTSIDE VEHICLE LANE,prolog,object_outside_vehicle_lane,25,1,safe:object_outside_vehicle_lane:25* | safe:object_at_safe_distance:20,Object is outside the vehicle lane and not an immediate collision threat.,,road_video_3.mp4:best.pt:pothole:g21:9
332,13.28,pothole,best.pt,0.3326,2.5,width_fallback,0.0,,0.319,268,418,496,514,True,CRITICAL,BRAKE AND AVOID ROAD DAMAGE,prolog,brake_and_avoid_road_damage,95,5,critical:brake_and_avoid_road_damage:95* | critical:brake_now_object_too_close:90 | warning:road_damage_warning:62 | warning:generic_warning:55 | caution:caution_object_in_vehicle_lane:40 | safe:object_at_safe_distance:20,Immediate maneuver to avoid road damage is required.,/Users/witchjenjen/Documents/GitHub/AIproject/output/incidents/road_video_3.mp4/road_video_3.mp4_f332_CRITICAL_pothole.jpg,road_video_3.mp4:best.pt:pothole:g6:9
333,13.32,pothole,best.pt,0.5696,2.42,width_fallback,2.625,0.922,0.399,271,424,505,524,True,CRITICAL,BRAKE AND AVOID ROAD DAMAGE,prolog,brake_and_avoid_road_damage,95,5,critical:brake_and_avoid_road_damage:95* | critical:brake_now_object_too_close:90 | warning:road_damage_warning:62 | warning:generic_warning:55 | caution:caution_object_in_vehicle_lane:40 | safe:object_at_safe_distance:20,Immediate maneuver to avoid road damage is required.,,road_video_3.mp4:best.pt:pothole:g6:9
334,13.36,pothole,best.pt,0.4897,2.34,width_fallback,2.417,0.943,0.379,248,436,490,535,True,CRITICAL,BRAKE AND AVOID ROAD DAMAGE,prolog,brake_and_avoid_road_damage,95,5,critical:brake_and_avoid_road_damage:95* | critical:brake_now_object_too_close:90 | warning:road_damage_warning:62 | warning:generic_warning:55 | caution:caution_object_in_vehicle_lane:40 | safe:object_at_safe_distance:20,Immediate maneuver to avoid road damage is required.,,road_video_3.mp4:best.pt:pothole:g6:9
335,13.4,pothole,best.pt,0.5546,2.75,width_fallback,0.0,,0.512,277,455,471,558,True,CRITICAL,BRAKE AND AVOID ROAD DAMAGE,prolog,brake_and_avoid_road_damage,95,5,critical:brake_and_avoid_road_damage:95* | critical:brake_now_object_too_close:90 | warning:road_damage_warning:62 | warning:generic_warning:55 | caution:caution_object_in_vehicle_lane:40 | safe:object_at_safe_distance:20,Immediate maneuver to avoid road damage is required.,,road_video_3.mp4:best.pt:pothole:g6:9
336,13.44,pothole,best.pt,0.5008,4.14,width_fallback,0.0,,0.0,895,459,1031,529,False,SAFE,OBJECT OUTSIDE VEHICLE LANE,prolog,object_outside_vehicle_lane,25,1,safe:object_outside_vehicle_lane:25* | safe:object_at_safe_distance:20,Object is outside the vehicle lane and not an immediate collision threat.,,road_video_3.mp4:best.pt:pothole:g22:11
336,13.44,pothole,best.pt,0.3884,2.3,width_fallback,1.65,1.146,0.568,229,465,490,585,True,CRITICAL,BRAKE AND AVOID ROAD DAMAGE,prolog,brake_and_avoid_road_damage,95,5,critical:brake_and_avoid_road_damage:95* | critical:brake_now_object_too_close:90 | warning:road_damage_warning:62 | warning:generic_warning:55 | caution:caution_object_in_vehicle_lane:40 | safe:object_at_safe_distance:20,Immediate maneuver to avoid road damage is required.,,road_video_3.mp4:best.pt:pothole:g6:9
337,13.48,pothole,best.pt,0.5045,2.35,width_fallback,1.167,1.537,0.64,249,476,485,591,True,CRITICAL,BRAKE AND AVOID ROAD DAMAGE,prolog,brake_and_avoid_road_damage,95,5,critical:brake_and_avoid_road_damage:95* | critical:brake_now_object_too_close:90 | warning:road_damage_warning:62 | warning:generic_warning:55 | caution:caution_object_in_vehicle_lane:40 | safe:object_at_safe_distance:20,Immediate maneuver to avoid road damage is required.,,road_video_3.mp4:best.pt:pothole:g6:9
337,13.48,pothole,best.pt,0.5008,4.15,width_fallback,0.0,,0.001,910,473,1045,543,False,SAFE,OBJECT OUTSIDE VEHICLE LANE,prolog,object_outside_vehicle_lane,25,1,safe:object_outside_vehicle_lane:25* | safe:object_at_safe_distance:20,Object is outside the vehicle lane and not an immediate collision threat.,,road_video_3.mp4:best.pt:pothole:g22:11
338,13.52,pothole,best.pt,0.4232,3.89,width_fallback,0.0,,0.019,930,498,1077,568,False,SAFE,OBJECT OUTSIDE VEHICLE LANE,prolog,object_outside_vehicle_lane,25,1,safe:object_outside_vehicle_lane:25* | safe:object_at_safe_distance:20,Object is outside the vehicle lane and not an immediate collision threat.,,road_video_3.mp4:best.pt:pothole:g22:11
341,13.64,pothole,best.pt,0.3397,2.24,width_fallback,0.0,,0.634,445,333,700,435,True,CRITICAL,BRAKE AND AVOID ROAD DAMAGE,prolog,brake_and_avoid_road_damage,95,5,critical:brake_and_avoid_road_damage:95* | critical:brake_now_object_too_close:90 | warning:road_damage_warning:62 | warning:generic_warning:55 | caution:caution_object_in_vehicle_lane:40 | safe:object_at_safe_distance:20,Immediate maneuver to avoid road damage is required.,/Users/witchjenjen/Documents/GitHub/AIproject/output/incidents/road_video_3.mp4/road_video_3.mp4_f341_CRITICAL_pothole.jpg,road_video_3.mp4:best.pt:pothole:g11:8
342,13.68,pothole,best.pt,0.4881,3.31,width_fallback,0.0,,0.162,989,549,1163,646,False,SAFE,OBJECT OUTSIDE VEHICLE LANE,prolog,object_outside_vehicle_lane,25,1,safe:object_outside_vehicle_lane:25* | safe:object_at_safe_distance:20,Object is outside the vehicle lane and not an immediate collision threat.,,road_video_3.mp4:best.pt:pothole:g24:13
342,13.68,pothole,best.pt,0.3247,2.14,width_fallback,0.0,,0.803,442,338,708,460,True,CRITICAL,BRAKE AND AVOID ROAD DAMAGE,prolog,brake_and_avoid_road_damage,95,5,critical:brake_and_avoid_road_damage:95* | critical:brake_now_object_too_close:90 | warning:road_damage_warning:62 | warning:generic_warning:55 | caution:caution_object_in_vehicle_lane:40 | safe:object_at_safe_distance:20,Immediate maneuver to avoid road damage is required.,,road_video_3.mp4:best.pt:pothole:g11:8
343,13.72,pothole,best.pt,0.3166,1.9,width_fallback,4.25,0.447,0.217,446,339,753,472,True,CRITICAL,BRAKE AND AVOID ROAD DAMAGE,prolog,brake_and_avoid_road_damage,95,5,critical:brake_and_avoid_road_damage:95* | critical:brake_now_object_too_close:90 | warning:road_damage_warning:62 | warning:generic_warning:55 | caution:caution_object_in_vehicle_lane:40 | safe:object_at_safe_distance:20,Immediate maneuver to avoid road damage is required.,,road_video_3.mp4:best.pt:pothole:g11:8
344,13.76,pothole,best.pt,0.3067,2.27,width_fallback,0.0,,0.0,460,351,694,433,False,SAFE,OBJECT OUTSIDE VEHICLE LANE,prolog,object_outside_vehicle_lane,25,1,safe:object_outside_vehicle_lane:25* | safe:object_at_safe_distance:20,Object is outside the vehicle lane and not an immediate collision threat.,,road_video_3.mp4:best.pt:pothole:g11:8
345,13.8,pothole,best.pt,0.4462,1.92,width_fallback,2.0,0.678,0.511,422,363,732,510,True,CRITICAL,BRAKE AND AVOID ROAD DAMAGE,prolog,brake_and_avoid_road_damage,95,5,critical:brake_and_avoid_road_damage:95* | critical:brake_now_object_too_close:90 | warning:road_damage_warning:62 | warning:generic_warning:55 | caution:caution_object_in_vehicle_lane:40 | safe:object_at_safe_distance:20,Immediate maneuver to avoid road damage is required.,,road_video_3.mp4:best.pt:pothole:g11:8
356,14.24,pothole,best.pt,0.3591,2.98,width_fallback,0.0,,0.0,819,382,1011,457,False,SAFE,OBJECT OUTSIDE VEHICLE LANE,prolog,object_outside_vehicle_lane,25,1,safe:object_outside_vehicle_lane:25* | safe:object_at_safe_distance:20,Object is outside the vehicle lane and not an immediate collision threat.,,road_video_3.mp4:best.pt:pothole:g20:9
358,14.32,pothole,best.pt,0.3847,2.72,width_fallback,0.0,,0.009,836,396,1049,490,False,SAFE,OBJECT OUTSIDE VEHICLE LANE,prolog,object_outside_vehicle_lane,25,1,safe:object_outside_vehicle_lane:25* | safe:object_at_safe_distance:20,Object is outside the vehicle lane and not an immediate collision threat.,,road_video_3.mp4:best.pt:pothole:g20:9
362,14.48,pothole,best.pt,0.334,2.2,width_fallback,0.0,,0.195,849,437,1110,553,True,CRITICAL,BRAKE AND AVOID ROAD DAMAGE,prolog,brake_and_avoid_road_damage,95,5,critical:brake_and_avoid_road_damage:95* | critical:brake_now_object_too_close:90 | warning:road_damage_warning:62 | warning:generic_warning:55 | caution:caution_object_in_vehicle_lane:40 | safe:object_at_safe_distance:20,Immediate maneuver to avoid road damage is required.,/Users/witchjenjen/Documents/GitHub/AIproject/output/incidents/road_video_3.mp4/road_video_3.mp4_f362_CRITICAL_pothole.jpg,road_video_3.mp4:best.pt:pothole:g21:10
364,14.56,pothole,best.pt,0.4148,2.34,width_fallback,0.0,,0.099,901,463,1135,572,False,SAFE,OBJECT OUTSIDE VEHICLE LANE,prolog,object_outside_vehicle_lane,25,1,safe:object_outside_vehicle_lane:25* | safe:object_at_safe_distance:20,Object is outside the vehicle lane and not an immediate collision threat.,,road_video_3.mp4:best.pt:pothole:g21:10
366,14.64,pothole,best.pt,0.4209,2.01,width_fallback,1.188,1.693,0.38,883,502,1177,634,True,CRITICAL,BRAKE AND AVOID ROAD DAMAGE,prolog,brake_and_avoid_road_damage,95,5,critical:brake_and_avoid_road_damage:95* | critical:brake_now_object_too_close:90 | warning:road_damage_warning:62 | warning:generic_warning:55 | caution:caution_object_in_vehicle_lane:40 | safe:object_at_safe_distance:20,Immediate maneuver to avoid road damage is required.,,road_video_3.mp4:best.pt:pothole:g21:10
444,17.76,pothole,best.pt,0.3311,1.92,width_fallback,0.0,,0.0,31,280,309,435,False,SAFE,OBJECT OUTSIDE VEHICLE LANE,prolog,object_outside_vehicle_lane,25,1,safe:object_outside_vehicle_lane:25* | safe:object_at_safe_distance:20,Object is outside the vehicle lane and not an immediate collision threat.,,road_video_3.mp4:best.pt:pothole:g0:6
450,18.0,pothole,best.pt,0.3213,1.98,width_fallback,0.0,,0.0,5,313,285,438,False,SAFE,OBJECT OUTSIDE VEHICLE LANE,prolog,object_outside_vehicle_lane,25,1,safe:object_outside_vehicle_lane:25* | safe:object_at_safe_distance:20,Object is outside the vehicle lane and not an immediate collision threat.,,road_video_3.mp4:best.pt:pothole:g0:7
466,18.64,pothole,best.pt,0.4202,2.71,width_fallback,0.0,,0.0,244,337,462,410,False,SAFE,OBJECT OUTSIDE VEHICLE LANE,prolog,object_outside_vehicle_lane,25,1,safe:object_outside_vehicle_lane:25* | safe:object_at_safe_distance:20,Object is outside the vehicle lane and not an immediate collision threat.,,road_video_3.mp4:best.pt:pothole:g7:8
467,18.68,pothole,best.pt,0.3331,2.87,width_fallback,0.0,,0.0,254,337,446,411,False,SAFE,OBJECT OUTSIDE VEHICLE LANE,prolog,object_outside_vehicle_lane,25,1,safe:object_outside_vehicle_lane:25* | safe:object_at_safe_distance:20,Object is outside the vehicle lane and not an immediate collision threat.,,road_video_3.mp4:best.pt:pothole:g7:8
468,18.72,pothole,best.pt,0.3871,2.52,width_fallback,0.0,,0.0,221,329,453,421,False,SAFE,OBJECT OUTSIDE VEHICLE LANE,prolog,object_outside_vehicle_lane,25,1,safe:object_outside_vehicle_lane:25* | safe:object_at_safe_distance:20,Object is outside the vehicle lane and not an immediate collision threat.,,road_video_3.mp4:best.pt:pothole:g7:8
469,18.76,pothole,best.pt,0.4719,2.6,width_fallback,0.917,2.836,0.0,236,340,450,423,False,SAFE,OBJECT OUTSIDE VEHICLE LANE,prolog,object_outside_vehicle_lane,25,1,safe:object_outside_vehicle_lane:25* | safe:object_at_safe_distance:20,Object is outside the vehicle lane and not an immediate collision threat.,,road_video_3.mp4:best.pt:pothole:g7:8
470,18.8,pothole,best.pt,0.4676,2.57,width_fallback,0.875,2.882,0.0,227,350,446,438,False,SAFE,OBJECT OUTSIDE VEHICLE LANE,prolog,object_outside_vehicle_lane,25,1,safe:object_outside_vehicle_lane:25* | safe:object_at_safe_distance:20,Object is outside the vehicle lane and not an immediate collision threat.,,road_video_3.mp4:best.pt:pothole:g7:8
471,18.84,pothole,best.pt,0.4554,2.48,width_fallback,1.15,2.555,0.0,229,360,458,437,False,SAFE,OBJECT OUTSIDE VEHICLE LANE,prolog,object_outside_vehicle_lane,25,1,safe:object_outside_vehicle_lane:25* | safe:object_at_safe_distance:20,Object is outside the vehicle lane and not an immediate collision threat.,,road_video_3.mp4:best.pt:pothole:g7:8
472,18.88,pothole,best.pt,0.4461,2.43,width_fallback,1.167,2.343,0.0,226,366,457,458,False,SAFE,OBJECT OUTSIDE VEHICLE LANE,prolog,object_outside_vehicle_lane,25,1,safe:object_outside_vehicle_lane:25* | safe:object_at_safe_distance:20,Object is outside the vehicle lane and not an immediate collision threat.,,road_video_3.mp4:best.pt:pothole:g7:8
473,18.92,pothole,best.pt,0.4056,2.6,width_fallback,0.393,4.267,0.0,211,370,422,463,False,SAFE,OBJECT OUTSIDE VEHICLE LANE,prolog,object_outside_vehicle_lane,25,1,safe:object_outside_vehicle_lane:25* | safe:object_at_safe_distance:20,Object is outside the vehicle lane and not an immediate collision threat.,,road_video_3.mp4:best.pt:pothole:g7:8
474,18.96,pothole,best.pt,0.5195,2.52,width_fallback,1.25,3.254,0.0,201,384,425,463,False,SAFE,OBJECT OUTSIDE VEHICLE LANE,prolog,object_outside_vehicle_lane,25,1,safe:object_outside_vehicle_lane:25* | safe:object_at_safe_distance:20,Object is outside the vehicle lane and not an immediate collision threat.,,road_video_3.mp4:best.pt:pothole:g7:8
475,19.0,pothole,best.pt,0.4849,2.03,width_fallback,1.75,2.312,0.029,161,389,460,489,False,SAFE,OBJECT OUTSIDE VEHICLE LANE,prolog,object_outside_vehicle_lane,25,1,safe:object_outside_vehicle_lane:25* | safe:object_at_safe_distance:20,Object is outside the vehicle lane and not an immediate collision threat.,,road_video_3.mp4:best.pt:pothole:g7:8
476,19.04,pothole,best.pt,0.3785,2.11,width_fallback,1.75,1.814,0.002,171,392,434,494,False,SAFE,OBJECT OUTSIDE VEHICLE LANE,prolog,object_outside_vehicle_lane,25,1,safe:object_outside_vehicle_lane:25* | safe:object_at_safe_distance:20,Object is outside the vehicle lane and not an immediate collision threat.,,road_video_3.mp4:best.pt:pothole:g7:8
477,19.08,pothole,best.pt,0.4797,2.38,width_fallback,0.679,2.576,0.003,203,409,430,497,False,SAFE,OBJECT OUTSIDE VEHICLE LANE,prolog,object_outside_vehicle_lane,25,1,safe:object_outside_vehicle_lane:25* | safe:object_at_safe_distance:20,Object is outside the vehicle lane and not an immediate collision threat.,,road_video_3.mp4:best.pt:pothole:g7:8
478,19.12,pothole,best.pt,0.5642,1.91,width_fallback,2.036,1.839,0.112,131,418,450,523,False,SAFE,OBJECT OUTSIDE VEHICLE LANE,prolog,object_outside_vehicle_lane,25,1,safe:object_outside_vehicle_lane:25* | safe:object_at_safe_distance:20,Object is outside the vehicle lane and not an immediate collision threat.,,road_video_3.mp4:best.pt:pothole:g7:8
479,19.16,pothole,best.pt,0.6837,1.96,width_fallback,1.679,1.537,0.147,158,422,442,536,False,SAFE,OBJECT OUTSIDE VEHICLE LANE,prolog,object_outside_vehicle_lane,25,1,safe:object_outside_vehicle_lane:25* | safe:object_at_safe_distance:20,Object is outside the vehicle lane and not an immediate collision threat.,,road_video_3.mp4:best.pt:pothole:g7:8
480,19.2,pothole,best.pt,0.5462,1.72,width_fallback,3.143,1.092,0.136,92,431,434,547,False,SAFE,OBJECT OUTSIDE VEHICLE LANE,prolog,object_outside_vehicle_lane,25,1,safe:object_outside_vehicle_lane:25* | safe:object_at_safe_distance:20,Object is outside the vehicle lane and not an immediate collision threat.,,road_video_3.mp4:best.pt:pothole:g7:8
480,19.2,pothole,best.pt,0.4647,3.33,width_fallback,0.0,,0.0,227,354,400,420,False,SAFE,OBJECT OUTSIDE VEHICLE LANE,prolog,object_outside_vehicle_lane,25,1,safe:object_outside_vehicle_lane:25* | safe:object_at_safe_distance:20,Object is outside the vehicle lane and not an immediate collision threat.,,road_video_3.mp4:best.pt:pothole:g5:8
481,19.24,pothole,best.pt,0.6026,1.97,width_fallback,1.964,1.052,0.098,143,437,416,544,False,SAFE,OBJECT OUTSIDE VEHICLE LANE,prolog,object_outside_vehicle_lane,25,1,safe:object_outside_vehicle_lane:25* | safe:object_at_safe_distance:20,Object is outside the vehicle lane and not an immediate collision threat.,,road_video_3.mp4:best.pt:pothole:g7:8
482,19.28,pothole,best.pt,0.5387,1.66,width_fallback,1.321,1.144,0.269,77,455,436,590,True,CRITICAL,BRAKE AND AVOID ROAD DAMAGE,prolog,brake_and_avoid_road_damage,95,5,critical:brake_and_avoid_road_damage:95* | critical:brake_now_object_too_close:90 | warning:road_damage_warning:62 | warning:generic_warning:55 | caution:caution_object_in_vehicle_lane:40 | safe:object_at_safe_distance:20,Immediate maneuver to avoid road damage is required.,/Users/witchjenjen/Documents/GitHub/AIproject/output/incidents/road_video_3.mp4/road_video_3.mp4_f482_CRITICAL_pothole.jpg,road_video_3.mp4:best.pt:pothole:g7:8
482,19.28,pothole,best.pt,0.3743,3.97,width_fallback,0.0,,0.0,233,376,367,435,False,SAFE,OBJECT OUTSIDE VEHICLE LANE,prolog,object_outside_vehicle_lane,25,1,safe:object_outside_vehicle_lane:25* | safe:object_at_safe_distance:20,Object is outside the vehicle lane and not an immediate collision threat.,,road_video_3.mp4:best.pt:pothole:g5:8
483,19.32,pothole,best.pt,0.623,1.57,width_fallback,1.929,0.995,0.297,72,462,436,600,True,CRITICAL,BRAKE AND AVOID ROAD DAMAGE,prolog,brake_and_avoid_road_damage,95,5,critical:brake_and_avoid_road_damage:95* | critical:brake_now_object_too_close:90 | warning:road_damage_warning:62 | warning:generic_warning:55 | caution:caution_object_in_vehicle_lane:40 | safe:object_at_safe_distance:20,Immediate maneuver to avoid road damage is required.,,road_video_3.mp4:best.pt:pothole:g7:8
483,19.32,pothole,best.pt,0.3572,3.77,width_fallback,0.0,,0.0,217,377,368,454,False,SAFE,OBJECT OUTSIDE VEHICLE LANE,prolog,object_outside_vehicle_lane,25,1,safe:object_outside_vehicle_lane:25* | safe:object_at_safe_distance:20,Object is outside the vehicle lane and not an immediate collision threat.,,road_video_3.mp4:best.pt:pothole:g5:8
484,19.36,pothole,best.pt,0.5396,1.69,width_fallback,2.464,0.856,0.311,104,473,427,599,True,CRITICAL,BRAKE AND AVOID ROAD DAMAGE,prolog,brake_and_avoid_road_damage,95,5,critical:brake_and_avoid_road_damage:95* | critical:brake_now_object_too_close:90 | warning:road_damage_warning:62 | warning:generic_warning:55 | caution:caution_object_in_vehicle_lane:40 | safe:object_at_safe_distance:20,Immediate maneuver to avoid road damage is required.,,road_video_3.mp4:best.pt:pothole:g7:8
485,19.4,pothole,best.pt,0.3059,1.54,width_fallback,1.321,0.995,0.334,33,494,408,638,True,CRITICAL,BRAKE AND AVOID ROAD DAMAGE,prolog,brake_and_avoid_road_damage,95,5,critical:brake_and_avoid_road_damage:95* | critical:brake_now_object_too_close:90 | warning:road_damage_warning:62 | warning:generic_warning:55 | caution:caution_object_in_vehicle_lane:40 | safe:object_at_safe_distance:20,Immediate maneuver to avoid road damage is required.,,road_video_3.mp4:best.pt:pothole:g7:8
486,19.44,pothole,best.pt,0.332,1.79,width_fallback,0.607,1.874,0.271,88,510,388,611,True,CRITICAL,BRAKE AND AVOID ROAD DAMAGE,prolog,brake_and_avoid_road_damage,95,5,critical:brake_and_avoid_road_damage:95* | critical:brake_now_object_too_close:90 | warning:road_damage_warning:62 | warning:generic_warning:55 | caution:caution_object_in_vehicle_lane:40 | safe:object_at_safe_distance:20,Immediate maneuver to avoid road damage is required.,,road_video_3.mp4:best.pt:pothole:g7:8
487,19.48,pothole,best.pt,0.5489,2.1,width_fallback,0.0,,0.313,128,519,382,613,True,CRITICAL,BRAKE AND AVOID ROAD DAMAGE,prolog,brake_and_avoid_road_damage,95,5,critical:brake_and_avoid_road_damage:95* | critical:brake_now_object_too_close:90 | warning:road_damage_warning:62 | warning:generic_warning:55 | caution:caution_object_in_vehicle_lane:40 | safe:object_at_safe_distance:20,Immediate maneuver to avoid road damage is required.,,road_video_3.mp4:best.pt:pothole:g7:8
488,19.52,pothole,best.pt,0.56,1.92,width_fallback,0.179,5.869,0.467,83,544,384,667,True,CRITICAL,BRAKE AND AVOID ROAD DAMAGE,prolog,brake_and_avoid_road_damage,95,5,critical:brake_and_avoid_road_damage:95* | critical:brake_now_object_too_close:90 | warning:road_damage_warning:62 | warning:generic_warning:55 | caution:caution_object_in_vehicle_lane:40 | safe:object_at_safe_distance:20,Immediate maneuver to avoid road damage is required.,,road_video_3.mp4:best.pt:pothole:g7:8
489,19.56,pothole,best.pt,0.3837,1.68,width_fallback,0.0,,0.399,39,560,389,657,True,CRITICAL,BRAKE AND AVOID ROAD DAMAGE,prolog,brake_and_avoid_road_damage,95,5,critical:brake_and_avoid_road_damage:95* | critical:brake_now_object_too_close:90 | warning:road_damage_warning:62 | warning:generic_warning:55 | caution:caution_object_in_vehicle_lane:40 | safe:object_at_safe_distance:20,Immediate maneuver to avoid road damage is required.,,road_video_3.mp4:best.pt:pothole:g7:8
527,21.08,pothole,best.pt,0.3457,3.4,width_fallback,0.0,,0.0,627,284,795,356,False,SAFE,OBJECT OUTSIDE VEHICLE LANE,prolog,object_outside_vehicle_lane,25,1,safe:object_outside_vehicle_lane:25* | safe:object_at_safe_distance:20,Object is outside the vehicle lane and not an immediate collision threat.,,road_video_3.mp4:best.pt:pothole:g15:7
528,21.12,pothole,best.pt,0.554,3.29,width_fallback,0.0,,0.0,633,288,805,367,False,SAFE,OBJECT OUTSIDE VEHICLE LANE,prolog,object_outside_vehicle_lane,25,1,safe:object_outside_vehicle_lane:25* | safe:object_at_safe_distance:20,Object is outside the vehicle lane and not an immediate collision threat.,,road_video_3.mp4:best.pt:pothole:g15:7
529,21.16,pothole,best.pt,0.3154,3.13,width_fallback,3.375,0.927,0.0,617,296,799,368,False,SAFE,OBJECT OUTSIDE VEHICLE LANE,prolog,object_outside_vehicle_lane,25,1,safe:object_outside_vehicle_lane:25* | safe:object_at_safe_distance:20,Object is outside the vehicle lane and not an immediate collision threat.,,road_video_3.mp4:best.pt:pothole:g15:7
530,21.2,pothole,best.pt,0.3334,3.28,width_fallback,1.0,1.986,0.0,627,298,795,367,False,SAFE,OBJECT OUTSIDE VEHICLE LANE,prolog,object_outside_vehicle_lane,25,1,safe:object_outside_vehicle_lane:25* | safe:object_at_safe_distance:20,Object is outside the vehicle lane and not an immediate collision threat.,,road_video_3.mp4:best.pt:pothole:g15:7
531,21.24,pothole,best.pt,0.3772,2.66,width_fallback,4.625,1.351,0.0,577,293,806,375,False,SAFE,OBJECT OUTSIDE VEHICLE LANE,prolog,object_outside_vehicle_lane,25,1,safe:object_outside_vehicle_lane:25* | safe:object_at_safe_distance:20,Object is outside the vehicle lane and not an immediate collision threat.,,road_video_3.mp4:best.pt:pothole:g15:7
536,21.44,pothole,best.pt,0.4788,3.28,width_fallback,0.0,,0.168,671,327,836,414,False,SAFE,OBJECT OUTSIDE VEHICLE LANE,prolog,object_outside_vehicle_lane,25,1,safe:object_outside_vehicle_lane:25* | safe:object_at_safe_distance:20,Object is outside the vehicle lane and not an immediate collision threat.,,road_video_3.mp4:best.pt:pothole:g16:8
537,21.48,pothole,best.pt,0.3064,3.09,width_fallback,0.0,,0.111,654,333,839,409,False,SAFE,OBJECT OUTSIDE VEHICLE LANE,prolog,object_outside_vehicle_lane,25,1,safe:object_outside_vehicle_lane:25* | safe:object_at_safe_distance:20,Object is outside the vehicle lane and not an immediate collision threat.,,road_video_3.mp4:best.pt:pothole:g16:8
539,21.56,pothole,best.pt,0.3395,2.97,width_fallback,2.583,1.15,0.433,665,342,856,431,True,CRITICAL,BRAKE AND AVOID ROAD DAMAGE,prolog,brake_and_avoid_road_damage,95,5,critical:brake_and_avoid_road_damage:95* | critical:brake_now_object_too_close:90 | warning:road_damage_warning:62 | warning:generic_warning:55 | caution:caution_object_in_vehicle_lane:40 | safe:object_at_safe_distance:20,Immediate maneuver to avoid road damage is required.,/Users/witchjenjen/Documents/GitHub/AIproject/output/incidents/road_video_3.mp4/road_video_3.mp4_f539_CRITICAL_pothole.jpg,road_video_3.mp4:best.pt:pothole:g16:8
543,21.72,pothole,best.pt,0.3096,2.38,width_fallback,0.0,,0.572,672,372,895,467,True,CRITICAL,BRAKE AND AVOID ROAD DAMAGE,prolog,brake_and_avoid_road_damage,95,5,critical:brake_and_avoid_road_damage:95* | critical:brake_now_object_too_close:90 | warning:road_damage_warning:62 | warning:generic_warning:55 | caution:caution_object_in_vehicle_lane:40 | safe:object_at_safe_distance:20,Immediate maneuver to avoid road damage is required.,/Users/witchjenjen/Documents/GitHub/AIproject/output/incidents/road_video_3.mp4/road_video_3.mp4_f543_CRITICAL_pothole.jpg,road_video_3.mp4:best.pt:pothole:g15:9
545,21.8,pothole,best.pt,0.3077,2.39,width_fallback,0.0,,0.705,685,396,919,512,True,CRITICAL,BRAKE AND AVOID ROAD DAMAGE,prolog,brake_and_avoid_road_damage,95,5,critical:brake_and_avoid_road_damage:95* | critical:brake_now_object_too_close:90 | warning:road_damage_warning:62 | warning:generic_warning:55 | caution:caution_object_in_vehicle_lane:40 | safe:object_at_safe_distance:20,Immediate maneuver to avoid road damage is required.,,road_video_3.mp4:best.pt:pothole:g15:9
546,21.84,pothole,best.pt,0.3905,2.39,width_fallback,0.0,,0.572,701,395,935,497,True,CRITICAL,BRAKE AND AVOID ROAD DAMAGE,prolog,brake_and_avoid_road_damage,95,5,critical:brake_and_avoid_road_damage:95* | critical:brake_now_object_too_close:90 | warning:road_damage_warning:62 | warning:generic_warning:55 | caution:caution_object_in_vehicle_lane:40 | safe:object_at_safe_distance:20,Immediate maneuver to avoid road damage is required.,,road_video_3.mp4:best.pt:pothole:g15:9
546,21.84,pothole,best.pt,0.3047,0.76,width_fallback,0.0,,0.676,538,323,1279,716,True,CRITICAL,BRAKE AND AVOID ROAD DAMAGE,prolog,brake_and_avoid_road_damage,95,5,critical:brake_and_avoid_road_damage:95* | critical:brake_now_object_too_close:90 | warning:road_damage_warning:62 | warning:generic_warning:55 | caution:caution_object_in_vehicle_lane:40 | safe:object_at_safe_distance:20,Immediate maneuver to avoid road damage is required.,/Users/witchjenjen/Documents/GitHub/AIproject/output/incidents/road_video_3.mp4/road_video_3.mp4_f546_CRITICAL_pothole.jpg,road_video_3.mp4:best.pt:pothole:g13:7
547,21.88,pothole,best.pt,0.4092,0.75,width_fallback,0.0,,0.674,534,324,1279,713,True,CRITICAL,BRAKE AND AVOID ROAD DAMAGE,prolog,brake_and_avoid_road_damage,95,5,critical:brake_and_avoid_road_damage:95* | critical:brake_now_object_too_close:90 | warning:road_damage_warning:62 | warning:generic_warning:55 | caution:caution_object_in_vehicle_lane:40 | safe:object_at_safe_distance:20,Immediate maneuver to avoid road damage is required.,,road_video_3.mp4:best.pt:pothole:g13:7
549,21.96,pothole,best.pt,0.3133,0.77,width_fallback,0.0,,0.676,549,332,1279,718,True,CRITICAL,BRAKE AND AVOID ROAD DAMAGE,prolog,brake_and_avoid_road_damage,95,5,critical:brake_and_avoid_road_damage:95* | critical:brake_now_object_too_close:90 | warning:road_damage_warning:62 | warning:generic_warning:55 | caution:caution_object_in_vehicle_lane:40 | safe:object_at_safe_distance:20,Immediate maneuver to avoid road damage is required.,,road_video_3.mp4:best.pt:pothole:g13:7
550,22.0,pothole,best.pt,0.3128,0.77,width_fallback,0.0,,0.676,548,323,1279,719,True,CRITICAL,BRAKE AND AVOID ROAD DAMAGE,prolog,brake_and_avoid_road_damage,95,5,critical:brake_and_avoid_road_damage:95* | critical:brake_now_object_too_close:90 | warning:road_damage_warning:62 | warning:generic_warning:55 | caution:caution_object_in_vehicle_lane:40 | safe:object_at_safe_distance:20,Immediate maneuver to avoid road damage is required.,,road_video_3.mp4:best.pt:pothole:g13:7
608,24.32,pothole,best.pt,0.4324,5.14,width_fallback,0.0,,0.0,810,334,914,397,False,SAFE,OBJECT OUTSIDE VEHICLE LANE,prolog,object_outside_vehicle_lane,25,1,safe:object_outside_vehicle_lane:25* | safe:object_at_safe_distance:20,Object is outside the vehicle lane and not an immediate collision threat.,,road_video_3.mp4:best.pt:pothole:g19:7
610,24.4,pothole,best.pt,0.3835,5.32,width_fallback,0.0,,0.0,827,346,931,404,False,SAFE,OBJECT OUTSIDE VEHICLE LANE,prolog,object_outside_vehicle_lane,25,1,safe:object_outside_vehicle_lane:25* | safe:object_at_safe_distance:20,Object is outside the vehicle lane and not an immediate collision threat.,,road_video_3.mp4:best.pt:pothole:g19:7
612,24.48,pothole,best.pt,0.4906,5.29,width_fallback,0.0,,0.0,846,358,952,420,False,SAFE,OBJECT OUTSIDE VEHICLE LANE,prolog,object_outside_vehicle_lane,25,1,safe:object_outside_vehicle_lane:25* | safe:object_at_safe_distance:20,Object is outside the vehicle lane and not an immediate collision threat.,,road_video_3.mp4:best.pt:pothole:g19:7
613,24.52,pothole,best.pt,0.4719,5.07,width_fallback,0.35,14.486,0.0,848,365,960,432,False,SAFE,OBJECT OUTSIDE VEHICLE LANE,prolog,object_outside_vehicle_lane,25,1,safe:object_outside_vehicle_lane:25* | safe:object_at_safe_distance:20,Object is outside the vehicle lane and not an immediate collision threat.,,road_video_3.mp4:best.pt:pothole:g19:7
615,24.6,pothole,best.pt,0.3497,4.8,width_fallback,1.214,9.746,0.0,867,381,986,459,False,SAFE,OBJECT OUTSIDE VEHICLE LANE,prolog,object_outside_vehicle_lane,25,1,safe:object_outside_vehicle_lane:25* | safe:object_at_safe_distance:20,Object is outside the vehicle lane and not an immediate collision threat.,,road_video_3.mp4:best.pt:pothole:g19:7
616,24.64,pothole,best.pt,0.3961,4.88,width_fallback,0.812,8.063,0.0,886,395,1000,466,False,SAFE,OBJECT OUTSIDE VEHICLE LANE,prolog,object_outside_vehicle_lane,25,1,safe:object_outside_vehicle_lane:25* | safe:object_at_safe_distance:20,Object is outside the vehicle lane and not an immediate collision threat.,,road_video_3.mp4:best.pt:pothole:g19:7
619,24.76,pothole,best.pt,0.41,3.68,width_fallback,0.0,,0.0,900,424,1056,507,False,SAFE,OBJECT OUTSIDE VEHICLE LANE,prolog,object_outside_vehicle_lane,25,1,safe:object_outside_vehicle_lane:25* | safe:object_at_safe_distance:20,Object is outside the vehicle lane and not an immediate collision threat.,,road_video_3.mp4:best.pt:pothole:g22:10
620,24.8,pothole,best.pt,0.3906,3.81,width_fallback,0.0,,0.0,916,428,1061,521,False,SAFE,OBJECT OUTSIDE VEHICLE LANE,prolog,object_outside_vehicle_lane,25,1,safe:object_outside_vehicle_lane:25* | safe:object_at_safe_distance:20,Object is outside the vehicle lane and not an immediate collision threat.,,road_video_3.mp4:best.pt:pothole:g22:10
621,24.84,pothole,best.pt,0.4009,3.91,width_fallback,0.0,,0.0,937,442,1079,526,False,SAFE,OBJECT OUTSIDE VEHICLE LANE,prolog,object_outside_vehicle_lane,25,1,safe:object_outside_vehicle_lane:25* | safe:object_at_safe_distance:20,Object is outside the vehicle lane and not an immediate collision threat.,,road_video_3.mp4:best.pt:pothole:g22:10
622,24.88,pothole,best.pt,0.5164,3.6,width_fallback,0.667,5.4,0.0,950,459,1110,558,False,SAFE,OBJECT OUTSIDE VEHICLE LANE,prolog,object_outside_vehicle_lane,25,1,safe:object_outside_vehicle_lane:25* | safe:object_at_safe_distance:20,Object is outside the vehicle lane and not an immediate collision threat.,,road_video_3.mp4:best.pt:pothole:g22:10
623,24.92,pothole,best.pt,0.5373,3.35,width_fallback,2.062,3.701,0.0,956,468,1128,574,False,SAFE,OBJECT OUTSIDE VEHICLE LANE,prolog,object_outside_vehicle_lane,25,1,safe:object_outside_vehicle_lane:25* | safe:object_at_safe_distance:20,Object is outside the vehicle lane and not an immediate collision threat.,,road_video_3.mp4:best.pt:pothole:g22:10
626,25.04,pothole,best.pt,0.5244,2.54,width_fallback,0.0,,0.032,998,512,1225,636,False,SAFE,OBJECT OUTSIDE VEHICLE LANE,prolog,object_outside_vehicle_lane,25,1,safe:object_outside_vehicle_lane:25* | safe:object_at_safe_distance:20,Object is outside the vehicle lane and not an immediate collision threat.,,road_video_3.mp4:best.pt:pothole:g24:12
627,25.08,pothole,best.pt,0.5365,2.56,width_fallback,0.0,,0.029,1031,523,1249,663,False,SAFE,OBJECT OUTSIDE VEHICLE LANE,prolog,object_outside_vehicle_lane,25,1,safe:object_outside_vehicle_lane:25* | safe:object_at_safe_distance:20,Object is outside the vehicle lane and not an immediate collision threat.,,road_video_3.mp4:best.pt:pothole:g24:12
647,25.88,pothole,best.pt,0.4328,2.92,width_fallback,0.0,,0.0,589,242,804,323,False,SAFE,OBJECT OUTSIDE VEHICLE LANE,prolog,object_outside_vehicle_lane,25,1,safe:object_outside_vehicle_lane:25* | safe:object_at_safe_distance:20,Object is outside the vehicle lane and not an immediate collision threat.,,road_video_3.mp4:best.pt:pothole:g14:6
648,25.92,pothole,best.pt,0.3474,2.45,width_fallback,0.0,,0.0,580,240,823,337,False,SAFE,OBJECT OUTSIDE VEHICLE LANE,prolog,object_outside_vehicle_lane,25,1,safe:object_outside_vehicle_lane:25* | safe:object_at_safe_distance:20,Object is outside the vehicle lane and not an immediate collision threat.,,road_video_3.mp4:best.pt:pothole:g14:6
653,26.12,pothole,best.pt,0.3156,2.3,width_fallback,2.583,0.89,0.0,592,255,834,359,False,SAFE,OBJECT OUTSIDE VEHICLE LANE,prolog,object_outside_vehicle_lane,25,1,safe:object_outside_vehicle_lane:25* | safe:object_at_safe_distance:20,Object is outside the vehicle lane and not an immediate collision threat.,,road_video_3.mp4:best.pt:pothole:g14:6
654,26.16,pothole,best.pt,0.4897,2.18,width_fallback,2.643,0.861,0.0,601,271,863,373,False,SAFE,OBJECT OUTSIDE VEHICLE LANE,prolog,object_outside_vehicle_lane,25,1,safe:object_outside_vehicle_lane:25* | safe:object_at_safe_distance:20,Object is outside the vehicle lane and not an immediate collision threat.,,road_video_3.mp4:best.pt:pothole:g14:6
655,26.2,pothole,best.pt,0.3713,4.3,width_fallback,0.0,,0.0,597,309,728,376,False,SAFE,OBJECT OUTSIDE VEHICLE LANE,prolog,object_outside_vehicle_lane,25,1,safe:object_outside_vehicle_lane:25* | safe:object_at_safe_distance:20,Object is outside the vehicle lane and not an immediate collision threat.,,road_video_3.mp4:best.pt:pothole:g14:7
656,26.24,pothole,best.pt,0.4065,4.93,width_fallback,0.0,,0.0,601,323,710,374,False,SAFE,OBJECT OUTSIDE VEHICLE LANE,prolog,object_outside_vehicle_lane,25,1,safe:object_outside_vehicle_lane:25* | safe:object_at_safe_distance:20,Object is outside the vehicle lane and not an immediate collision threat.,,road_video_3.mp4:best.pt:pothole:g14:7
657,26.28,pothole,best.pt,0.4363,3.15,width_fallback,14.375,0.219,0.0,597,283,816,394,False,SAFE,OBJECT OUTSIDE VEHICLE LANE,prolog,object_outside_vehicle_lane,25,1,safe:object_outside_vehicle_lane:25* | safe:object_at_safe_distance:20,Object is outside the vehicle lane and not an immediate collision threat.,,road_video_3.mp4:best.pt:pothole:g14:7
658,26.32,pothole,best.pt,0.4349,3.99,width_fallback,0.0,,0.0,603,336,743,395,False,SAFE,OBJECT OUTSIDE VEHICLE LANE,prolog,object_outside_vehicle_lane,25,1,safe:object_outside_vehicle_lane:25* | safe:object_at_safe_distance:20,Object is outside the vehicle lane and not an immediate collision threat.,,road_video_3.mp4:best.pt:pothole:g15:8
659,26.36,pothole,best.pt,0.4769,3.92,width_fallback,0.0,,0.0,606,341,750,402,False,SAFE,OBJECT OUTSIDE VEHICLE LANE,prolog,object_outside_vehicle_lane,25,1,safe:object_outside_vehicle_lane:25* | safe:object_at_safe_distance:20,Object is outside the vehicle lane and not an immediate collision threat.,,road_video_3.mp4:best.pt:pothole:g15:8
659,26.36,pothole,best.pt,0.3926,2.59,width_fallback,10.687,0.23,0.055,608,315,841,406,False,SAFE,OBJECT OUTSIDE VEHICLE LANE,prolog,object_outside_vehicle_lane,25,1,safe:object_outside_vehicle_lane:25* | safe:object_at_safe_distance:20,Object is outside the vehicle lane and not an immediate collision threat.,,road_video_3.mp4:best.pt:pothole:g14:7
660,26.4,pothole,best.pt,0.4958,3.8,width_fallback,0.0,,0.279,604,343,753,410,True,WARNING,SLOW DOWN AND PREPARE TO AVOID ROAD DAMAGE,prolog,road_damage_warning,62,3,warning:road_damage_warning:62* | warning:generic_warning:55 | caution:caution_object_in_vehicle_lane:40 | safe:object_at_safe_distance:20,Road damage ahead; slow down and prepare to avoid.,/Users/witchjenjen/Documents/GitHub/AIproject/output/incidents/road_video_3.mp4/road_video_3.mp4_f660_WARNING_pothole.jpg,road_video_3.mp4:best.pt:pothole:g15:8
661,26.44,pothole,best.pt,0.5917,3.84,width_fallback,1.25,3.072,0.672,611,348,756,421,True,WARNING,SLOW DOWN AND PREPARE TO AVOID ROAD DAMAGE,prolog,road_damage_warning,62,3,warning:road_damage_warning:62* | warning:generic_warning:55 | caution:caution_object_in_vehicle_lane:40 | safe:object_at_safe_distance:20,Road damage ahead; slow down and prepare to avoid.,,road_video_3.mp4:best.pt:pothole:g15:8
662,26.48,pothole,best.pt,0.5695,4.05,width_fallback,0.0,,0.999,614,359,750,434,True,WARNING,SLOW DOWN AND PREPARE TO AVOID ROAD DAMAGE,prolog,road_damage_warning,62,3,warning:road_damage_warning:62* | warning:generic_warning:55 | caution:caution_object_in_vehicle_lane:40 | safe:object_at_safe_distance:20,Road damage ahead; slow down and prepare to avoid.,,road_video_3.mp4:best.pt:pothole:g15:8
662,26.48,pothole,best.pt,0.3837,4.58,width_fallback,0.0,,0.522,617,303,745,426,True,WARNING,SLOW DOWN AND PREPARE TO AVOID ROAD DAMAGE,prolog,road_damage_warning,62,3,warning:road_damage_warning:62* | warning:generic_warning:55 | caution:caution_object_in_vehicle_lane:40 | safe:object_at_safe_distance:20,Road damage ahead; slow down and prepare to avoid.,/Users/witchjenjen/Documents/GitHub/AIproject/output/incidents/road_video_3.mp4/road_video_3.mp4_f662_WARNING_pothole.jpg,road_video_3.mp4:best.pt:pothole:g15:7
663,26.52,pothole,best.pt,0.3536,2.33,width_fallback,8.3,1.816,0.62,608,325,877,452,True,CRITICAL,BRAKE AND AVOID ROAD DAMAGE,prolog,brake_and_avoid_road_damage,95,5,critical:brake_and_avoid_road_damage:95* | critical:brake_now_object_too_close:90 | warning:road_damage_warning:62 | warning:generic_warning:55 | caution:caution_object_in_vehicle_lane:40 | safe:object_at_safe_distance:20,Immediate maneuver to avoid road damage is required.,/Users/witchjenjen/Documents/GitHub/AIproject/output/incidents/road_video_3.mp4/road_video_3.mp4_f663_CRITICAL_pothole.jpg,road_video_3.mp4:best.pt:pothole:g15:8
664,26.56,pothole,best.pt,0.4171,3.01,width_fallback,4.083,1.33,0.905,613,364,795,447,True,CRITICAL,BRAKE AND AVOID ROAD DAMAGE,prolog,brake_and_avoid_road_damage,95,5,critical:brake_and_avoid_road_damage:95* | critical:brake_now_object_too_close:90 | warning:road_damage_warning:62 | warning:generic_warning:55 | caution:caution_object_in_vehicle_lane:40 | safe:object_at_safe_distance:20,Immediate maneuver to avoid road damage is required.,,road_video_3.mp4:best.pt:pothole:g15:8
665,26.6,pothole,best.pt,0.4178,3.18,width_fallback,2.893,1.226,1.0,615,386,788,468,True,CRITICAL,BRAKE AND AVOID ROAD DAMAGE,prolog,brake_and_avoid_road_damage,95,5,critical:brake_and_avoid_road_damage:95* | critical:brake_now_object_too_close:90 | warning:road_damage_warning:62 | warning:generic_warning:55 | caution:caution_object_in_vehicle_lane:40 | safe:object_at_safe_distance:20,Immediate maneuver to avoid road damage is required.,,road_video_3.mp4:best.pt:pothole:g15:8
666,26.64,pothole,best.pt,0.3848,2.92,width_fallback,3.571,1.042,0.986,614,391,812,480,True,CRITICAL,BRAKE AND AVOID ROAD DAMAGE,prolog,brake_and_avoid_road_damage,95,5,critical:brake_and_avoid_road_damage:95* | critical:brake_now_object_too_close:90 | warning:road_damage_warning:62 | warning:generic_warning:55 | caution:caution_object_in_vehicle_lane:40 | safe:object_at_safe_distance:20,Immediate maneuver to avoid road damage is required.,,road_video_3.mp4:best.pt:pothole:g15:8
667,26.68,pothole,best.pt,0.3214,3.02,width_fallback,2.786,1.061,1.0,618,400,801,488,True,CRITICAL,BRAKE AND AVOID ROAD DAMAGE,prolog,brake_and_avoid_road_damage,95,5,critical:brake_and_avoid_road_damage:95* | critical:brake_now_object_too_close:90 | warning:road_damage_warning:62 | warning:generic_warning:55 | caution:caution_object_in_vehicle_lane:40 | safe:object_at_safe_distance:20,Immediate maneuver to avoid road damage is required.,,road_video_3.mp4:best.pt:pothole:g15:8
669,26.76,pothole,best.pt,0.4763,3.2,width_fallback,2.0,1.304,1.0,637,427,809,532,True,CRITICAL,BRAKE AND AVOID ROAD DAMAGE,prolog,brake_and_avoid_road_damage,95,5,critical:brake_and_avoid_road_damage:95* | critical:brake_now_object_too_close:90 | warning:road_damage_warning:62 | warning:generic_warning:55 | caution:caution_object_in_vehicle_lane:40 | safe:object_at_safe_distance:20,Immediate maneuver to avoid road damage is required.,,road_video_3.mp4:best.pt:pothole:g15:8
670,26.8,pothole,best.pt,0.5021,2.65,width_fallback,4.375,0.99,1.0,626,431,853,546,True,CRITICAL,BRAKE AND AVOID ROAD DAMAGE,prolog,brake_and_avoid_road_damage,95,5,critical:brake_and_avoid_road_damage:95* | critical:brake_now_object_too_close:90 | warning:road_damage_warning:62 | warning:generic_warning:55 | caution:caution_object_in_vehicle_lane:40 | safe:object_at_safe_distance:20,Immediate maneuver to avoid road damage is required.,,road_video_3.mp4:best.pt:pothole:g15:8
671,26.84,pothole,best.pt,0.3801,2.45,width_fallback,0.0,,1.0,627,445,862,561,True,CRITICAL,BRAKE AND AVOID ROAD DAMAGE,prolog,brake_and_avoid_road_damage,95,5,critical:brake_and_avoid_road_damage:95* | critical:brake_now_object_too_close:90 | warning:road_damage_warning:62 | warning:generic_warning:55 | caution:caution_object_in_vehicle_lane:40 | safe:object_at_safe_distance:20,Immediate maneuver to avoid road damage is required.,,road_video_3.mp4:best.pt:pothole:g15:8
672,26.88,pothole,best.pt,0.4003,2.4,width_fallback,1.906,1.111,1.0,628,463,863,591,True,CRITICAL,BRAKE AND AVOID ROAD DAMAGE,prolog,brake_and_avoid_road_damage,95,5,critical:brake_and_avoid_road_damage:95* | critical:brake_now_object_too_close:90 | warning:road_damage_warning:62 | warning:generic_warning:55 | caution:caution_object_in_vehicle_lane:40 | safe:object_at_safe_distance:20,Immediate maneuver to avoid road damage is required.,,road_video_3.mp4:best.pt:pothole:g15:8
680,27.2,pothole,best.pt,0.3861,2.91,width_fallback,0.0,,1.0,649,474,841,583,True,CRITICAL,BRAKE AND AVOID ROAD DAMAGE,prolog,brake_and_avoid_road_damage,95,5,critical:brake_and_avoid_road_damage:95* | critical:brake_now_object_too_close:90 | warning:road_damage_warning:62 | warning:generic_warning:55 | caution:caution_object_in_vehicle_lane:40 | safe:object_at_safe_distance:20,Immediate maneuver to avoid road damage is required.,/Users/witchjenjen/Documents/GitHub/AIproject/output/incidents/road_video_3.mp4/road_video_3.mp4_f680_CRITICAL_pothole.jpg,road_video_3.mp4:best.pt:pothole:g16:11
