frame,video_time_s,object,source,confidence,distance_m,distance_method,closing_speed_mps,ttc_s,lane_overlap,x1,y1,x2,y2,in_lane,risk,action,decision_source,rule_id,rule_priority,competing_rules,decision_trace,explanation,incident_image,track_key
2,0.067,person,yolo11n,0.8364,19.44,width_fallback,0.0,,0.0,38,243,56,301,False,SAFE,OBJECT OUTSIDE VEHICLE LANE,prolog,object_outside_vehicle_lane,25,1,safe:object_outside_vehicle_lane:25* | safe:object_at_safe_distance:20,Object is outside the vehicle lane and not an immediate collision threat.,,road_video_1.mp4:yolo11n:person:g1:6
2,0.067,person,yolo11n,0.813,18.47,width_fallback,0.0,,0.0,12,232,33,299,False,SAFE,OBJECT OUTSIDE VEHICLE LANE,prolog,object_outside_vehicle_lane,25,1,safe:object_outside_vehicle_lane:25* | safe:object_at_safe_distance:20,Object is outside the vehicle lane and not an immediate collision threat.,,road_video_1.mp4:yolo11n:person:g0:5
2,0.067,person,yolo11n,0.6739,21.04,width_fallback,0.0,,0.0,612,281,628,319,False,SAFE,OBJECT OUTSIDE VEHICLE LANE,prolog,object_outside_vehicle_lane,25,1,safe:object_outside_vehicle_lane:25* | safe:object_at_safe_distance:20,Object is outside the vehicle lane and not an immediate collision threat.,,road_video_1.mp4:yolo11n:person:g15:7
2,0.067,car,yolo11n,0.594,49.72,width_fallback,0.0,,1.0,413,278,439,301,True,SAFE,OBJECT AT SAFE DISTANCE,prolog,object_at_safe_distance,20,0,safe:object_at_safe_distance:20*,Object is at a safe distance.,,road_video_1.mp4:yolo11n:car:g10:6
2,0.067,person,yolo11n,0.5849,15.22,width_fallback,0.0,,0.0,239,260,262,326,False,SAFE,OBJECT OUTSIDE VEHICLE LANE,prolog,object_outside_vehicle_lane,25,1,safe:object_outside_vehicle_lane:25* | safe:object_at_safe_distance:20,Object is outside the vehicle lane and not an immediate collision threat.,,road_video_1.mp4:yolo11n:person:g6:6
2,0.067,person,yolo11n,0.5753,15.22,width_fallback,0.0,,0.0,66,238,89,308,False,SAFE,OBJECT OUTSIDE VEHICLE LANE,prolog,object_outside_vehicle_lane,25,1,safe:object_outside_vehicle_lane:25* | safe:object_at_safe_distance:20,Object is outside the vehicle lane and not an immediate collision threat.,,road_video_1.mp4:yolo11n:person:g1:5
3,0.1,person,yolo11n,0.8439,18.81,width_fallback,0.0,,0.0,7,232,25,300,False,SAFE,OBJECT OUTSIDE VEHICLE LANE,prolog,object_outside_vehicle_lane,25,1,safe:object_outside_vehicle_lane:25* | safe:object_at_safe_distance:20,Object is outside the vehicle lane and not an immediate collision threat.,,road_video_1.mp4:yolo11n:person:g0:5
3,0.1,person,yolo11n,0.7326,19.44,width_fallback,0.0,,0.0,29,244,47,301,False,SAFE,OBJECT OUTSIDE VEHICLE LANE,prolog,object_outside_vehicle_lane,25,1,safe:object_outside_vehicle_lane:25* | safe:object_at_safe_distance:20,Object is outside the vehicle lane and not an immediate collision threat.,,road_video_1.mp4:yolo11n:person:g1:6
3,0.1,person,yolo11n,0.7077,15.46,width_fallback,0.0,,0.0,234,259,256,328,False,SAFE,OBJECT OUTSIDE VEHICLE LANE,prolog,object_outside_vehicle_lane,25,1,safe:object_outside_vehicle_lane:25* | safe:object_at_safe_distance:20,Object is outside the vehicle lane and not an immediate collision threat.,,road_video_1.mp4:yolo11n:person:g6:6
3,0.1,car,yolo11n,0.6285,49.28,width_fallback,0.0,,1.0,413,278,439,301,True,SAFE,OBJECT AT SAFE DISTANCE,prolog,object_at_safe_distance,20,0,safe:object_at_safe_distance:20*,Object is at a safe distance.,,road_video_1.mp4:yolo11n:car:g10:6
4,0.133,person,yolo11n,0.7411,18.35,width_fallback,0.0,,0.0,21,238,41,301,False,SAFE,OBJECT OUTSIDE VEHICLE LANE,prolog,object_outside_vehicle_lane,25,1,safe:object_outside_vehicle_lane:25* | safe:object_at_safe_distance:20,Object is outside the vehicle lane and not an immediate collision threat.,,road_video_1.mp4:yolo11n:person:g0:5
4,0.133,person,yolo11n,0.7019,14.27,width_fallback,0.0,,0.0,222,258,251,331,False,SAFE,OBJECT OUTSIDE VEHICLE LANE,prolog,object_outside_vehicle_lane,25,1,safe:object_outside_vehicle_lane:25* | safe:object_at_safe_distance:20,Object is outside the vehicle lane and not an immediate collision threat.,,road_video_1.mp4:yolo11n:person:g6:6
4,0.133,car,yolo11n,0.6054,48.99,width_fallback,0.0,,1.0,413,278,439,301,True,SAFE,OBJECT AT SAFE DISTANCE,prolog,object_at_safe_distance,20,0,safe:object_at_safe_distance:20*,Object is at a safe distance.,,road_video_1.mp4:yolo11n:car:g10:6
4,0.133,person,yolo11n,0.6031,21.33,width_fallback,0.0,,0.0,619,278,635,321,False,SAFE,OBJECT OUTSIDE VEHICLE LANE,prolog,object_outside_vehicle_lane,25,1,safe:object_outside_vehicle_lane:25* | safe:object_at_safe_distance:20,Object is outside the vehicle lane and not an immediate collision threat.,,road_video_1.mp4:yolo11n:person:g15:7
4,0.133,person,yolo11n,0.5371,14.79,width_fallback,0.0,,0.0,52,237,77,321,False,SAFE,OBJECT OUTSIDE VEHICLE LANE,prolog,object_outside_vehicle_lane,25,1,safe:object_outside_vehicle_lane:25* | safe:object_at_safe_distance:20,Object is outside the vehicle lane and not an immediate collision threat.,,road_video_1.mp4:yolo11n:person:g1:5
5,0.167,person,yolo11n,0.7613,12.88,width_fallback,23.39,0.551,0.0,212,257,246,332,False,SAFE,OBJECT OUTSIDE VEHICLE LANE,prolog,object_outside_vehicle_lane,25,1,safe:object_outside_vehicle_lane:25* | safe:object_at_safe_distance:20,Object is outside the vehicle lane and not an immediate collision threat.,,road_video_1.mp4:yolo11n:person:g6:6
5,0.167,person,yolo11n,0.7352,17.51,width_fallback,9.596,1.825,0.0,12,239,34,301,False,SAFE,OBJECT OUTSIDE VEHICLE LANE,prolog,object_outside_vehicle_lane,25,1,safe:object_outside_vehicle_lane:25* | safe:object_at_safe_distance:20,Object is outside the vehicle lane and not an immediate collision threat.,,road_video_1.mp4:yolo11n:person:g0:5
5,0.167,person,yolo11n,0.6845,21.53,width_fallback,0.0,,0.0,622,279,638,321,False,SAFE,OBJECT OUTSIDE VEHICLE LANE,prolog,object_outside_vehicle_lane,25,1,safe:object_outside_vehicle_lane:25* | safe:object_at_safe_distance:20,Object is outside the vehicle lane and not an immediate collision threat.,,road_video_1.mp4:yolo11n:person:g15:7
5,0.167,car,yolo11n,0.6285,48.81,width_fallback,9.096,5.366,1.0,413,278,439,302,True,SAFE,OBJECT AT SAFE DISTANCE,prolog,object_at_safe_distance,20,0,safe:object_at_safe_distance:20*,Object is at a safe distance.,,road_video_1.mp4:yolo11n:car:g10:6
6,0.2,person,yolo11n,0.7376,17.22,width_fallback,9.371,1.83,0.0,4,237,25,302,False,SAFE,OBJECT OUTSIDE VEHICLE LANE,prolog,object_outside_vehicle_lane,25,1,safe:object_outside_vehicle_lane:25* | safe:object_at_safe_distance:20,Object is outside the vehicle lane and not an immediate collision threat.,,road_video_1.mp4:yolo11n:person:g0:5
6,0.2,person,yolo11n,0.7034,11.87,width_fallback,25.115,0.516,0.0,205,257,240,333,False,SAFE,OBJECT OUTSIDE VEHICLE LANE,prolog,object_outside_vehicle_lane,25,1,safe:object_outside_vehicle_lane:25* | safe:object_at_safe_distance:20,Object is outside the vehicle lane and not an immediate collision threat.,,road_video_1.mp4:yolo11n:person:g6:6
6,0.2,car,yolo11n,0.6477,48.69,width_fallback,7.722,5.789,1.0,413,278,439,302,True,SAFE,OBJECT AT SAFE DISTANCE,prolog,object_at_safe_distance,20,0,safe:object_at_safe_distance:20*,Object is at a safe distance.,,road_video_1.mp4:yolo11n:car:g10:6
6,0.2,person,yolo11n,0.6092,21.65,width_fallback,0.0,,0.0,625,279,641,322,False,SAFE,OBJECT OUTSIDE VEHICLE LANE,prolog,object_outside_vehicle_lane,25,1,safe:object_outside_vehicle_lane:25* | safe:object_at_safe_distance:20,Object is outside the vehicle lane and not an immediate collision threat.,,road_video_1.mp4:yolo11n:person:g15:7
7,0.233,person,yolo11n,0.775,11.12,width_fallback,24.59,0.487,0.0,199,255,235,335,False,SAFE,OBJECT OUTSIDE VEHICLE LANE,prolog,object_outside_vehicle_lane,25,1,safe:object_outside_vehicle_lane:25* | safe:object_at_safe_distance:20,Object is outside the vehicle lane and not an immediate collision threat.,,road_video_1.mp4:yolo11n:person:g6:6
7,0.233,car,yolo11n,0.6754,48.61,width_fallback,6.657,6.47,1.0,413,278,439,301,True,SAFE,OBJECT AT SAFE DISTANCE,prolog,object_at_safe_distance,20,0,safe:object_at_safe_distance:20*,Object is at a safe distance.,,road_video_1.mp4:yolo11n:car:g10:6
7,0.233,car,yolo11n,0.6207,12.03,width_fallback,0.0,,0.0,702,278,817,333,False,SAFE,OBJECT OUTSIDE VEHICLE LANE,prolog,object_outside_vehicle_lane,25,1,safe:object_outside_vehicle_lane:25* | safe:object_at_safe_distance:20,Object is outside the vehicle lane and not an immediate collision threat.,,road_video_1.mp4:yolo11n:car:g17:6
7,0.233,person,yolo11n,0.6148,21.28,width_fallback,0.0,,0.0,627,276,644,322,False,SAFE,OBJECT OUTSIDE VEHICLE LANE,prolog,object_outside_vehicle_lane,25,1,safe:object_outside_vehicle_lane:25* | safe:object_at_safe_distance:20,Object is outside the vehicle lane and not an immediate collision threat.,,road_video_1.mp4:yolo11n:person:g15:7
8,0.267,person,yolo11n,0.7683,10.45,width_fallback,23.84,0.465,0.0,193,254,231,336,False,SAFE,OBJECT OUTSIDE VEHICLE LANE,prolog,object_outside_vehicle_lane,25,1,safe:object_outside_vehicle_lane:25* | safe:object_at_safe_distance:20,Object is outside the vehicle lane and not an immediate collision threat.,,road_video_1.mp4:yolo11n:person:g6:6
8,0.267,car,yolo11n,0.739,11.4,width_fallback,0.0,,0.0,700,278,823,334,False,SAFE,OBJECT OUTSIDE VEHICLE LANE,prolog,object_outside_vehicle_lane,25,1,safe:object_outside_vehicle_lane:25* | safe:object_at_safe_distance:20,Object is outside the vehicle lane and not an immediate collision threat.,,road_video_1.mp4:yolo11n:car:g17:6
8,0.267,person,yolo11n,0.689,21.04,width_fallback,0.0,,0.0,631,278,648,322,False,SAFE,OBJECT OUTSIDE VEHICLE LANE,prolog,object_outside_vehicle_lane,25,1,safe:object_outside_vehicle_lane:25* | safe:object_at_safe_distance:20,Object is outside the vehicle lane and not an immediate collision threat.,,road_video_1.mp4:yolo11n:person:g15:7
8,0.267,car,yolo11n,0.6847,48.56,width_fallback,5.798,7.327,1.0,413,278,439,301,True,SAFE,OBJECT AT SAFE DISTANCE,prolog,object_at_safe_distance,20,0,safe:object_at_safe_distance:20*,Object is at a safe distance.,,road_video_1.mp4:yolo11n:car:g10:6
8,0.267,person,yolo11n,0.5955,22.33,width_fallback,0.0,,0.0,0,236,11,301,False,SAFE,OBJECT OUTSIDE VEHICLE LANE,prolog,object_outside_vehicle_lane,25,1,safe:object_outside_vehicle_lane:25* | safe:object_at_safe_distance:20,Object is outside the vehicle lane and not an immediate collision threat.,,road_video_1.mp4:yolo11n:person:g0:5
9,0.3,car,yolo11n,0.684,47.9,width_fallback,7.797,6.795,1.0,413,278,440,301,True,SAFE,OBJECT AT SAFE DISTANCE,prolog,object_at_safe_distance,20,0,safe:object_at_safe_distance:20*,Object is at a safe distance.,,road_video_1.mp4:yolo11n:car:g10:6
9,0.3,person,yolo11n,0.673,20.88,width_fallback,0.685,30.463,0.0,635,277,652,322,False,SAFE,OBJECT OUTSIDE VEHICLE LANE,prolog,object_outside_vehicle_lane,25,1,safe:object_outside_vehicle_lane:25* | safe:object_at_safe_distance:20,Object is outside the vehicle lane and not an immediate collision threat.,,road_video_1.mp4:yolo11n:person:g15:7
9,0.3,person,yolo11n,0.6572,10.29,width_fallback,21.12,0.475,0.0,185,250,220,337,False,SAFE,OBJECT OUTSIDE VEHICLE LANE,prolog,object_outside_vehicle_lane,25,1,safe:object_outside_vehicle_lane:25* | safe:object_at_safe_distance:20,Object is outside the vehicle lane and not an immediate collision threat.,,road_video_1.mp4:yolo11n:person:g6:6
9,0.3,car,yolo11n,0.6568,12.31,width_fallback,0.0,,0.0,741,278,831,335,False,SAFE,OBJECT OUTSIDE VEHICLE LANE,prolog,object_outside_vehicle_lane,25,1,safe:object_outside_vehicle_lane:25* | safe:object_at_safe_distance:20,Object is outside the vehicle lane and not an immediate collision threat.,,road_video_1.mp4:yolo11n:car:g17:6
10,0.333,person,yolo11n,0.7498,10.4,width_fallback,21.677,0.477,0.0,178,252,211,339,False,SAFE,OBJECT OUTSIDE VEHICLE LANE,prolog,object_outside_vehicle_lane,25,1,safe:object_outside_vehicle_lane:25* | safe:object_at_safe_distance:20,Object is outside the vehicle lane and not an immediate collision threat.,,road_video_1.mp4:yolo11n:person:g6:6
10,0.333,car,yolo11n,0.6929,47.47,width_fallback,7.754,6.492,1.0,413,278,440,302,True,SAFE,OBJECT AT SAFE DISTANCE,prolog,object_at_safe_distance,20,0,safe:object_at_safe_distance:20*,Object is at a safe distance.,,road_video_1.mp4:yolo11n:car:g10:6
10,0.333,person,yolo11n,0.6155,20.38,width_fallback,2.474,20.461,0.0,637,276,655,323,False,SAFE,OBJECT OUTSIDE VEHICLE LANE,prolog,object_outside_vehicle_lane,25,1,safe:object_outside_vehicle_lane:25* | safe:object_at_safe_distance:20,Object is outside the vehicle lane and not an immediate collision threat.,,road_video_1.mp4:yolo11n:person:g15:7
10,0.333,bus,yolo11n,0.5096,44.87,width_fallback,0.0,,1.0,479,269,518,305,True,SAFE,OBJECT AT SAFE DISTANCE,prolog,object_at_safe_distance,20,0,safe:object_at_safe_distance:20*,Object is at a safe distance.,,road_video_1.mp4:yolo11n:bus:g11:6
11,0.367,person,yolo11n,0.7586,20.45,width_fallback,3.77,13.695,0.0,642,278,659,323,False,SAFE,OBJECT OUTSIDE VEHICLE LANE,prolog,object_outside_vehicle_lane,25,1,safe:object_outside_vehicle_lane:25* | safe:object_at_safe_distance:20,Object is outside the vehicle lane and not an immediate collision threat.,,road_video_1.mp4:yolo11n:person:g15:7
11,0.367,car,yolo11n,0.6846,47.19,width_fallback,7.711,6.324,1.0,413,278,440,302,True,SAFE,OBJECT AT SAFE DISTANCE,prolog,object_at_safe_distance,20,0,safe:object_at_safe_distance:20*,Object is at a safe distance.,,road_video_1.mp4:yolo11n:car:g10:6
11,0.367,person,yolo11n,0.6659,10.59,width_fallback,15.765,0.565,0.0,170,248,202,341,False,SAFE,OBJECT OUTSIDE VEHICLE LANE,prolog,object_outside_vehicle_lane,25,1,safe:object_outside_vehicle_lane:25* | safe:object_at_safe_distance:20,Object is outside the vehicle lane and not an immediate collision threat.,,road_video_1.mp4:yolo11n:person:g6:6
11,0.367,bus,yolo11n,0.5211,44.48,width_fallback,0.0,,1.0,479,269,519,306,True,SAFE,OBJECT AT SAFE DISTANCE,prolog,object_at_safe_distance,20,0,safe:object_at_safe_distance:20*,Object is at a safe distance.,,road_video_1.mp4:yolo11n:bus:g11:6
11,0.367,car,yolo11n,0.5033,11.59,width_fallback,3.299,3.514,0.0,723,277,846,336,False,SAFE,OBJECT OUTSIDE VEHICLE LANE,prolog,object_outside_vehicle_lane,25,1,safe:object_outside_vehicle_lane:25* | safe:object_at_safe_distance:20,Object is outside the vehicle lane and not an immediate collision threat.,,road_video_1.mp4:yolo11n:car:g17:6
12,0.4,person,yolo11n,0.6956,10.71,width_fallback,9.296,0.829,0.0,161,246,193,343,False,SAFE,OBJECT OUTSIDE VEHICLE LANE,prolog,object_outside_vehicle_lane,25,1,safe:object_outside_vehicle_lane:25* | safe:object_at_safe_distance:20,Object is outside the vehicle lane and not an immediate collision threat.,,road_video_1.mp4:yolo11n:person:g6:6
12,0.4,car,yolo11n,0.6785,11.11,width_fallback,5.518,2.839,0.0,724,277,847,337,False,SAFE,OBJECT OUTSIDE VEHICLE LANE,prolog,object_outside_vehicle_lane,25,1,safe:object_outside_vehicle_lane:25* | safe:object_at_safe_distance:20,Object is outside the vehicle lane and not an immediate collision threat.,,road_video_1.mp4:yolo11n:car:g17:6
12,0.4,car,yolo11n,0.6776,47.63,width_fallback,5.055,7.718,1.0,414,278,440,302,True,SAFE,OBJECT AT SAFE DISTANCE,prolog,object_at_safe_distance,20,0,safe:object_at_safe_distance:20*,Object is at a safe distance.,,road_video_1.mp4:yolo11n:car:g10:6
12,0.4,person,yolo11n,0.5966,20.5,width_fallback,4.412,9.623,0.0,646,278,663,323,False,SAFE,OBJECT OUTSIDE VEHICLE LANE,prolog,object_outside_vehicle_lane,25,1,safe:object_outside_vehicle_lane:25* | safe:object_at_safe_distance:20,Object is outside the vehicle lane and not an immediate collision threat.,,road_video_1.mp4:yolo11n:person:g15:7
12,0.4,bus,yolo11n,0.5186,43.5,width_fallback,0.0,,1.0,478,268,520,305,True,SAFE,OBJECT AT SAFE DISTANCE,prolog,object_at_safe_distance,20,0,safe:object_at_safe_distance:20*,Object is at a safe distance.,,road_video_1.mp4:yolo11n:bus:g11:6
13,0.434,person,yolo11n,0.6404,10.46,width_fallback,6.04,1.235,0.0,148,245,183,346,False,SAFE,OBJECT OUTSIDE VEHICLE LANE,prolog,object_outside_vehicle_lane,25,1,safe:object_outside_vehicle_lane:25* | safe:object_at_safe_distance:20,Object is outside the vehicle lane and not an immediate collision threat.,,road_video_1.mp4:yolo11n:person:g6:6
13,0.434,car,yolo11n,0.6081,47.3,width_fallback,5.955,7.82,1.0,414,278,441,302,True,SAFE,OBJECT AT SAFE DISTANCE,prolog,object_at_safe_distance,20,0,safe:object_at_safe_distance:20*,Object is at a safe distance.,,road_video_1.mp4:yolo11n:car:g10:6
13,0.434,person,yolo11n,0.5789,19.77,width_fallback,8.054,6.397,0.0,649,274,668,325,False,SAFE,OBJECT OUTSIDE VEHICLE LANE,prolog,object_outside_vehicle_lane,25,1,safe:object_outside_vehicle_lane:25* | safe:object_at_safe_distance:20,Object is outside the vehicle lane and not an immediate collision threat.,,road_video_1.mp4:yolo11n:person:g15:7
13,0.434,bus,yolo11n,0.5591,41.59,width_fallback,32.786,1.269,1.0,475,267,521,305,True,CRITICAL,BRAKE NOW OBJECT TOO CLOSE,prolog,brake_now_object_too_close,90,4,critical:brake_now_object_too_close:90* | warning:vehicle_following_distance:60 | warning:generic_warning:55 | caution:caution_object_in_vehicle_lane:40 | safe:object_at_safe_distance:20,Object detected very close; immediate braking advised.,C:\Users\User\Documents\GitHub\AIproject\output\incidents\road_video_1.mp4\road_video_1.mp4_f13_CRITICAL_bus.jpg,road_video_1.mp4:yolo11n:bus:g11:6
13,0.434,car,yolo11n,0.5034,10.57,width_fallback,7.297,2.213,0.0,715,276,847,338,False,SAFE,OBJECT OUTSIDE VEHICLE LANE,prolog,object_outside_vehicle_lane,25,1,safe:object_outside_vehicle_lane:25* | safe:object_at_safe_distance:20,Object is outside the vehicle lane and not an immediate collision threat.,,road_video_1.mp4:yolo11n:car:g17:6
14,0.467,person,yolo11n,0.7564,10.11,width_fallback,4.327,1.731,0.0,136,242,173,350,False,SAFE,OBJECT OUTSIDE VEHICLE LANE,prolog,object_outside_vehicle_lane,25,1,safe:object_outside_vehicle_lane:25* | safe:object_at_safe_distance:20,Object is outside the vehicle lane and not an immediate collision threat.,,road_video_1.mp4:yolo11n:person:g6:6
14,0.467,person,yolo11n,0.706,20.06,width_fallback,5.226,5.246,0.0,654,278,671,326,False,SAFE,OBJECT OUTSIDE VEHICLE LANE,prolog,object_outside_vehicle_lane,25,1,safe:object_outside_vehicle_lane:25* | safe:object_at_safe_distance:20,Object is outside the vehicle lane and not an immediate collision threat.,,road_video_1.mp4:yolo11n:person:g15:7
14,0.467,car,yolo11n,0.6251,47.08,width_fallback,6.554,7.533,1.0,414,278,441,302,True,SAFE,OBJECT AT SAFE DISTANCE,prolog,object_at_safe_distance,20,0,safe:object_at_safe_distance:20*,Object is at a safe distance.,,road_video_1.mp4:yolo11n:car:g10:6
14,0.467,bus,yolo11n,0.5538,41.28,width_fallback,26.914,1.388,1.0,478,266,521,305,True,CRITICAL,BRAKE NOW OBJECT TOO CLOSE,prolog,brake_now_object_too_close,90,4,critical:brake_now_object_too_close:90* | warning:vehicle_following_distance:60 | warning:generic_warning:55 | caution:caution_object_in_vehicle_lane:40 | safe:object_at_safe_distance:20,Object detected very close; immediate braking advised.,,road_video_1.mp4:yolo11n:bus:g11:6
15,0.5,person,yolo11n,0.6837,10.4,width_fallback,0.214,22.801,0.0,126,241,158,352,False,SAFE,OBJECT OUTSIDE VEHICLE LANE,prolog,object_outside_vehicle_lane,25,1,safe:object_outside_vehicle_lane:25* | safe:object_at_safe_distance:20,Object is outside the vehicle lane and not an immediate collision threat.,,road_video_1.mp4:yolo11n:person:g6:6
15,0.5,car,yolo11n,0.6562,10.51,width_fallback,5.698,2.047,0.0,726,275,847,339,False,SAFE,OBJECT OUTSIDE VEHICLE LANE,prolog,object_outside_vehicle_lane,25,1,safe:object_outside_vehicle_lane:25* | safe:object_at_safe_distance:20,Object is outside the vehicle lane and not an immediate collision threat.,,road_video_1.mp4:yolo11n:car:g17:6
15,0.5,car,yolo11n,0.6308,46.93,width_fallback,6.983,7.168,0.0,414,277,441,302,False,SAFE,OBJECT OUTSIDE VEHICLE LANE,prolog,object_outside_vehicle_lane,25,1,safe:object_outside_vehicle_lane:25* | safe:object_at_safe_distance:20,Object is outside the vehicle lane and not an immediate collision threat.,,road_video_1.mp4:yolo11n:car:g10:6
15,0.5,person,yolo11n,0.5902,19.16,width_fallback,8.054,3.956,0.0,657,275,677,326,False,SAFE,OBJECT OUTSIDE VEHICLE LANE,prolog,object_outside_vehicle_lane,25,1,safe:object_outside_vehicle_lane:25* | safe:object_at_safe_distance:20,Object is outside the vehicle lane and not an immediate collision threat.,,road_video_1.mp4:yolo11n:person:g15:7
15,0.5,bus,yolo11n,0.5894,40.75,width_fallback,24.71,1.505,0.0,478,265,522,305,False,SAFE,OBJECT OUTSIDE VEHICLE LANE,prolog,object_outside_vehicle_lane,25,1,safe:object_outside_vehicle_lane:25* | safe:object_at_safe_distance:20,Object is outside the vehicle lane and not an immediate collision threat.,,road_video_1.mp4:yolo11n:bus:g11:6
16,0.534,person,yolo11n,0.7621,18.58,width_fallback,9.853,3.024,0.0,661,274,681,327,False,SAFE,OBJECT OUTSIDE VEHICLE LANE,prolog,object_outside_vehicle_lane,25,1,safe:object_outside_vehicle_lane:25* | safe:object_at_safe_distance:20,Object is outside the vehicle lane and not an immediate collision threat.,,road_video_1.mp4:yolo11n:person:g15:7
16,0.534,car,yolo11n,0.6367,46.84,width_fallback,4.541,8.584,0.0,414,277,441,302,False,SAFE,OBJECT OUTSIDE VEHICLE LANE,prolog,object_outside_vehicle_lane,25,1,safe:object_outside_vehicle_lane:25* | safe:object_at_safe_distance:20,Object is outside the vehicle lane and not an immediate collision threat.,,road_video_1.mp4:yolo11n:car:g10:6
16,0.534,bus,yolo11n,0.6176,39.8,width_fallback,25.34,1.535,0.0,476,264,522,306,False,SAFE,OBJECT OUTSIDE VEHICLE LANE,prolog,object_outside_vehicle_lane,25,1,safe:object_outside_vehicle_lane:25* | safe:object_at_safe_distance:20,Object is outside the vehicle lane and not an immediate collision threat.,,road_video_1.mp4:yolo11n:bus:g11:6
17,0.567,person,yolo11n,0.7276,17.65,width_fallback,11.695,2.342,0.0,664,275,686,328,False,SAFE,OBJECT OUTSIDE VEHICLE LANE,prolog,object_outside_vehicle_lane,25,1,safe:object_outside_vehicle_lane:25* | safe:object_at_safe_distance:20,Object is outside the vehicle lane and not an immediate collision threat.,,road_video_1.mp4:yolo11n:person:g15:7
17,0.567,person,yolo11n,0.7119,10.42,width_fallback,0.0,,0.0,93,236,130,364,False,SAFE,OBJECT OUTSIDE VEHICLE LANE,prolog,object_outside_vehicle_lane,25,1,safe:object_outside_vehicle_lane:25* | safe:object_at_safe_distance:20,Object is outside the vehicle lane and not an immediate collision threat.,,road_video_1.mp4:yolo11n:person:g2:6
17,0.567,car,yolo11n,0.6245,46.2,width_fallback,5.441,8.542,0.0,414,277,442,302,False,SAFE,OBJECT OUTSIDE VEHICLE LANE,prolog,object_outside_vehicle_lane,25,1,safe:object_outside_vehicle_lane:25* | safe:object_at_safe_distance:20,Object is outside the vehicle lane and not an immediate collision threat.,,road_video_1.mp4:yolo11n:car:g10:6
17,0.567,bus,yolo11n,0.6184,39.48,width_fallback,23.09,1.614,0.0,478,265,523,306,False,SAFE,OBJECT OUTSIDE VEHICLE LANE,prolog,object_outside_vehicle_lane,25,1,safe:object_outside_vehicle_lane:25* | safe:object_at_safe_distance:20,Object is outside the vehicle lane and not an immediate collision threat.,,road_video_1.mp4:yolo11n:bus:g11:6
18,0.6,person,yolo11n,0.7689,10.27,width_fallback,0.0,,0.0,80,231,115,368,False,SAFE,OBJECT OUTSIDE VEHICLE LANE,prolog,object_outside_vehicle_lane,25,1,safe:object_outside_vehicle_lane:25* | safe:object_at_safe_distance:20,Object is outside the vehicle lane and not an immediate collision threat.,,road_video_1.mp4:yolo11n:person:g2:6
18,0.6,person,yolo11n,0.7379,17.3,width_fallback,13.494,1.865,0.0,669,271,690,329,False,SAFE,OBJECT OUTSIDE VEHICLE LANE,prolog,object_outside_vehicle_lane,25,1,safe:object_outside_vehicle_lane:25* | safe:object_at_safe_distance:20,Object is outside the vehicle lane and not an immediate collision threat.,,road_video_1.mp4:yolo11n:person:g15:7
18,0.6,car,yolo11n,0.6489,45.78,width_fallback,6.04,8.109,0.0,414,277,442,302,False,SAFE,OBJECT OUTSIDE VEHICLE LANE,prolog,object_outside_vehicle_lane,25,1,safe:object_outside_vehicle_lane:25* | safe:object_at_safe_distance:20,Object is outside the vehicle lane and not an immediate collision threat.,,road_video_1.mp4:yolo11n:car:g10:6
18,0.6,bus,yolo11n,0.6066,38.98,width_fallback,23.562,1.632,0.0,478,265,524,306,False,SAFE,OBJECT OUTSIDE VEHICLE LANE,prolog,object_outside_vehicle_lane,25,1,safe:object_outside_vehicle_lane:25* | safe:object_at_safe_distance:20,Object is outside the vehicle lane and not an immediate collision threat.,,road_video_1.mp4:yolo11n:bus:g11:6
19,0.634,person,yolo11n,0.8241,12.46,width_fallback,4.869,2.559,0.0,61,229,104,372,False,SAFE,OBJECT OUTSIDE VEHICLE LANE,prolog,object_outside_vehicle_lane,25,1,safe:object_outside_vehicle_lane:25* | safe:object_at_safe_distance:20,Object is outside the vehicle lane and not an immediate collision threat.,,road_video_1.mp4:yolo11n:person:g1:5
19,0.634,person,yolo11n,0.7957,17.08,width_fallback,14.651,1.55,0.0,674,272,695,329,False,SAFE,OBJECT OUTSIDE VEHICLE LANE,prolog,object_outside_vehicle_lane,25,1,safe:object_outside_vehicle_lane:25* | safe:object_at_safe_distance:20,Object is outside the vehicle lane and not an immediate collision threat.,,road_video_1.mp4:yolo11n:person:g15:7
19,0.634,bus,yolo11n,0.6422,38.1,width_fallback,23.133,1.639,0.0,477,264,525,306,False,SAFE,OBJECT OUTSIDE VEHICLE LANE,prolog,object_outside_vehicle_lane,25,1,safe:object_outside_vehicle_lane:25* | safe:object_at_safe_distance:20,Object is outside the vehicle lane and not an immediate collision threat.,,road_video_1.mp4:yolo11n:bus:g11:6
19,0.634,car,yolo11n,0.6099,46.09,width_fallback,6.597,7.604,0.0,415,277,442,302,False,SAFE,OBJECT OUTSIDE VEHICLE LANE,prolog,object_outside_vehicle_lane,25,1,safe:object_outside_vehicle_lane:25* | safe:object_at_safe_distance:20,Object is outside the vehicle lane and not an immediate collision threat.,,road_video_1.mp4:yolo11n:car:g10:6
20,0.667,person,yolo11n,0.8497,16.82,width_fallback,2.749,3.76,0.0,33,225,86,376,False,SAFE,OBJECT OUTSIDE VEHICLE LANE,prolog,object_outside_vehicle_lane,25,1,safe:object_outside_vehicle_lane:25* | safe:object_at_safe_distance:20,Object is outside the vehicle lane and not an immediate collision threat.,,road_video_1.mp4:yolo11n:person:g0:5
20,0.667,person,yolo11n,0.6836,17.23,width_fallback,10.881,1.565,0.0,679,276,699,330,False,SAFE,OBJECT OUTSIDE VEHICLE LANE,prolog,object_outside_vehicle_lane,25,1,safe:object_outside_vehicle_lane:25* | safe:object_at_safe_distance:20,Object is outside the vehicle lane and not an immediate collision threat.,,road_video_1.mp4:yolo11n:person:g15:7
20,0.667,bus,yolo11n,0.6502,37.52,width_fallback,17.436,1.87,0.0,478,264,526,306,False,SAFE,OBJECT OUTSIDE VEHICLE LANE,prolog,object_outside_vehicle_lane,25,1,safe:object_outside_vehicle_lane:25* | safe:object_at_safe_distance:20,Object is outside the vehicle lane and not an immediate collision threat.,,road_video_1.mp4:yolo11n:bus:g11:6
20,0.667,car,yolo11n,0.6293,46.29,width_fallback,4.327,8.996,0.0,414,277,441,302,False,SAFE,OBJECT OUTSIDE VEHICLE LANE,prolog,object_outside_vehicle_lane,25,1,safe:object_outside_vehicle_lane:25* | safe:object_at_safe_distance:20,Object is outside the vehicle lane and not an immediate collision threat.,,road_video_1.mp4:yolo11n:car:g10:6
21,0.7,person,yolo11n,0.8326,13.2,width_fallback,8.318,2.782,0.0,11,219,65,380,False,SAFE,OBJECT OUTSIDE VEHICLE LANE,prolog,object_outside_vehicle_lane,25,1,safe:object_outside_vehicle_lane:25* | safe:object_at_safe_distance:20,Object is outside the vehicle lane and not an immediate collision threat.,,road_video_1.mp4:yolo11n:person:g0:5
21,0.7,person,yolo11n,0.7428,17.03,width_fallback,12.98,1.451,0.0,684,274,705,332,False,SAFE,OBJECT OUTSIDE VEHICLE LANE,prolog,object_outside_vehicle_lane,25,1,safe:object_outside_vehicle_lane:25* | safe:object_at_safe_distance:20,Object is outside the vehicle lane and not an immediate collision threat.,,road_video_1.mp4:yolo11n:person:g15:7
21,0.7,bus,yolo11n,0.6542,37.15,width_fallback,17.693,1.973,0.0,478,264,526,306,False,SAFE,OBJECT OUTSIDE VEHICLE LANE,prolog,object_outside_vehicle_lane,25,1,safe:object_outside_vehicle_lane:25* | safe:object_at_safe_distance:20,Object is outside the vehicle lane and not an immediate collision threat.,,road_video_1.mp4:yolo11n:bus:g11:6
21,0.7,car,yolo11n,0.6212,46.43,width_fallback,2.785,12.451,0.0,414,277,441,302,False,SAFE,OBJECT OUTSIDE VEHICLE LANE,prolog,object_outside_vehicle_lane,25,1,safe:object_outside_vehicle_lane:25* | safe:object_at_safe_distance:20,Object is outside the vehicle lane and not an immediate collision threat.,,road_video_1.mp4:yolo11n:car:g10:6
22,0.734,person,yolo11n,0.8151,11.13,width_fallback,12.121,1.943,0.0,0,223,48,384,False,SAFE,OBJECT OUTSIDE VEHICLE LANE,prolog,object_outside_vehicle_lane,25,1,safe:object_outside_vehicle_lane:25* | safe:object_at_safe_distance:20,Object is outside the vehicle lane and not an immediate collision threat.,,road_video_1.mp4:yolo11n:person:g0:5
22,0.734,bus,yolo11n,0.6804,36.4,width_fallback,18.635,1.964,0.0,477,264,527,307,False,SAFE,OBJECT OUTSIDE VEHICLE LANE,prolog,object_outside_vehicle_lane,25,1,safe:object_outside_vehicle_lane:25* | safe:object_at_safe_distance:20,Object is outside the vehicle lane and not an immediate collision threat.,,road_video_1.mp4:yolo11n:bus:g11:6
22,0.734,car,yolo11n,0.6223,45.38,width_fallback,6.64,9.924,0.0,413,277,442,302,False,SAFE,OBJECT OUTSIDE VEHICLE LANE,prolog,object_outside_vehicle_lane,25,1,safe:object_outside_vehicle_lane:25* | safe:object_at_safe_distance:20,Object is outside the vehicle lane and not an immediate collision threat.,,road_video_1.mp4:yolo11n:car:g10:6
22,0.734,person,yolo11n,0.5926,16.64,width_fallback,10.796,1.492,0.0,689,277,711,332,False,SAFE,OBJECT OUTSIDE VEHICLE LANE,prolog,object_outside_vehicle_lane,25,1,safe:object_outside_vehicle_lane:25* | safe:object_at_safe_distance:20,Object is outside the vehicle lane and not an immediate collision threat.,,road_video_1.mp4:yolo11n:person:g15:7
23,0.767,bus,yolo11n,0.6917,35.44,width_fallback,18.678,1.934,0.0,476,264,528,307,False,SAFE,OBJECT OUTSIDE VEHICLE LANE,prolog,object_outside_vehicle_lane,25,1,safe:object_outside_vehicle_lane:25* | safe:object_at_safe_distance:20,Object is outside the vehicle lane and not an immediate collision threat.,,road_video_1.mp4:yolo11n:bus:g11:6
23,0.767,person,yolo11n,0.6604,16.38,width_fallback,9.425,1.603,0.0,695,274,717,332,False,SAFE,OBJECT OUTSIDE VEHICLE LANE,prolog,object_outside_vehicle_lane,25,1,safe:object_outside_vehicle_lane:25* | safe:object_at_safe_distance:20,Object is outside the vehicle lane and not an immediate collision threat.,,road_video_1.mp4:yolo11n:person:g15:7
23,0.767,car,yolo11n,0.6341,44.71,width_fallback,9.125,7.663,0.0,413,276,442,302,False,SAFE,OBJECT OUTSIDE VEHICLE LANE,prolog,object_outside_vehicle_lane,25,1,safe:object_outside_vehicle_lane:25* | safe:object_at_safe_distance:20,Object is outside the vehicle lane and not an immediate collision threat.,,road_video_1.mp4:yolo11n:car:g10:6
23,0.767,person,yolo11n,0.6061,11.95,width_fallback,10.101,1.601,0.0,0,226,26,377,False,SAFE,OBJECT OUTSIDE VEHICLE LANE,prolog,object_outside_vehicle_lane,25,1,safe:object_outside_vehicle_lane:25* | safe:object_at_safe_distance:20,Object is outside the vehicle lane and not an immediate collision threat.,,road_video_1.mp4:yolo11n:person:g0:5
24,0.8,bus,yolo11n,0.7029,34.59,width_fallback,20.948,1.807,0.0,476,264,529,307,False,SAFE,OBJECT OUTSIDE VEHICLE LANE,prolog,object_outside_vehicle_lane,25,1,safe:object_outside_vehicle_lane:25* | safe:object_at_safe_distance:20,Object is outside the vehicle lane and not an immediate collision threat.,,road_video_1.mp4:yolo11n:bus:g11:6
24,0.8,car,yolo11n,0.6662,44.27,width_fallback,8.268,6.624,0.0,413,276,442,302,False,SAFE,OBJECT OUTSIDE VEHICLE LANE,prolog,object_outside_vehicle_lane,25,1,safe:object_outside_vehicle_lane:25* | safe:object_at_safe_distance:20,Object is outside the vehicle lane and not an immediate collision threat.,,road_video_1.mp4:yolo11n:car:g10:6
24,0.8,person,yolo11n,0.6443,16.22,width_fallback,6.126,2.073,0.0,701,278,723,333,False,SAFE,OBJECT OUTSIDE VEHICLE LANE,prolog,object_outside_vehicle_lane,25,1,safe:object_outside_vehicle_lane:25* | safe:object_at_safe_distance:20,Object is outside the vehicle lane and not an immediate collision threat.,,road_video_1.mp4:yolo11n:person:g15:7
25,0.834,bus,yolo11n,0.6791,34.26,width_fallback,20.22,1.756,0.977,478,264,530,308,True,WARNING,SLOW DOWN AND INCREASE FOLLOWING DISTANCE,prolog,vehicle_following_distance,60,3,warning:vehicle_following_distance:60* | warning:generic_warning:55 | caution:caution_object_in_vehicle_lane:40 | safe:object_at_safe_distance:20,Reduce speed and increase following distance to maintain a safe gap.,C:\Users\User\Documents\GitHub\AIproject\output\incidents\road_video_1.mp4\road_video_1.mp4_f25_WARNING_bus.jpg,road_video_1.mp4:yolo11n:bus:g11:6
25,0.834,car,yolo11n,0.652,44.52,width_fallback,5.398,7.355,1.0,414,276,442,302,True,SAFE,OBJECT AT SAFE DISTANCE,prolog,object_at_safe_distance,20,0,safe:object_at_safe_distance:20*,Object is at a safe distance.,,road_video_1.mp4:yolo11n:car:g10:6
25,0.834,person,yolo11n,0.6451,15.87,width_fallback,6.126,2.306,0.0,706,278,729,334,False,SAFE,OBJECT OUTSIDE VEHICLE LANE,prolog,object_outside_vehicle_lane,25,1,safe:object_outside_vehicle_lane:25* | safe:object_at_safe_distance:20,Object is outside the vehicle lane and not an immediate collision threat.,,road_video_1.mp4:yolo11n:person:g15:7
26,0.867,bus,yolo11n,0.6809,34.05,width_fallback,17.35,1.849,0.97,479,263,531,308,True,WARNING,SLOW DOWN AND INCREASE FOLLOWING DISTANCE,prolog,vehicle_following_distance,60,3,warning:vehicle_following_distance:60* | warning:generic_warning:55 | caution:caution_object_in_vehicle_lane:40 | safe:object_at_safe_distance:20,Reduce speed and increase following distance to maintain a safe gap.,,road_video_1.mp4:yolo11n:bus:g11:6
26,0.867,car,yolo11n,0.6437,44.15,width_fallback,8.311,6.436,1.0,413,276,442,302,True,SAFE,OBJECT AT SAFE DISTANCE,prolog,object_at_safe_distance,20,0,safe:object_at_safe_distance:20*,Object is at a safe distance.,,road_video_1.mp4:yolo11n:car:g10:6
27,0.9,bus,yolo11n,0.6745,33.91,width_fallback,15.465,2.004,0.962,480,263,532,308,True,WARNING,SLOW DOWN AND INCREASE FOLLOWING DISTANCE,prolog,vehicle_following_distance,60,3,warning:vehicle_following_distance:60* | warning:generic_warning:55 | caution:caution_object_in_vehicle_lane:40 | safe:object_at_safe_distance:20,Reduce speed and increase following distance to maintain a safe gap.,,road_video_1.mp4:yolo11n:bus:g11:6
27,0.9,car,yolo11n,0.5914,43.9,width_fallback,10.239,5.469,1.0,413,276,442,302,True,SAFE,OBJECT AT SAFE DISTANCE,prolog,object_at_safe_distance,20,0,safe:object_at_safe_distance:20*,Object is at a safe distance.,,road_video_1.mp4:yolo11n:car:g10:6
28,0.934,bus,yolo11n,0.6213,34.05,width_fallback,13.28,2.256,0.961,481,263,532,308,True,WARNING,SLOW DOWN AND INCREASE FOLLOWING DISTANCE,prolog,vehicle_following_distance,60,3,warning:vehicle_following_distance:60* | warning:generic_warning:55 | caution:caution_object_in_vehicle_lane:40 | safe:object_at_safe_distance:20,Reduce speed and increase following distance to maintain a safe gap.,,road_video_1.mp4:yolo11n:bus:g11:6
28,0.934,car,yolo11n,0.5651,43.74,width_fallback,11.524,4.716,1.0,413,276,442,303,True,CAUTION,CAUTION OBJECT IN VEHICLE LANE,prolog,caution_object_in_vehicle_lane,40,1,caution:caution_object_in_vehicle_lane:40* | safe:object_at_safe_distance:20,Object detected in vehicle lane; exercise caution.,,road_video_1.mp4:yolo11n:car:g10:6
29,0.967,bus,yolo11n,0.5921,34.14,width_fallback,9.682,2.828,0.951,482,263,533,308,True,WARNING,SLOW DOWN AND INCREASE FOLLOWING DISTANCE,prolog,vehicle_following_distance,60,3,warning:vehicle_following_distance:60* | warning:generic_warning:55 | caution:caution_object_in_vehicle_lane:40 | safe:object_at_safe_distance:20,Reduce speed and increase following distance to maintain a safe gap.,,road_video_1.mp4:yolo11n:bus:g11:6
29,0.967,person,yolo11n,0.5892,14.54,width_fallback,7.617,2.127,0.0,729,272,758,338,False,SAFE,OBJECT OUTSIDE VEHICLE LANE,prolog,object_outside_vehicle_lane,25,1,safe:object_outside_vehicle_lane:25* | safe:object_at_safe_distance:20,Object is outside the vehicle lane and not an immediate collision threat.,,road_video_1.mp4:yolo11n:person:g15:7
29,0.967,car,yolo11n,0.5815,43.13,width_fallback,9.639,4.607,1.0,413,276,443,303,True,CAUTION,CAUTION OBJECT IN VEHICLE LANE,prolog,caution_object_in_vehicle_lane,40,1,caution:caution_object_in_vehicle_lane:40* | safe:object_at_safe_distance:20,Object detected in vehicle lane; exercise caution.,,road_video_1.mp4:yolo11n:car:g10:6
30,1.0,bus,yolo11n,0.8137,32.94,width_fallback,10.71,2.939,0.0,477,263,534,308,False,SAFE,OBJECT OUTSIDE VEHICLE LANE,prolog,object_outside_vehicle_lane,25,1,safe:object_outside_vehicle_lane:25* | safe:object_at_safe_distance:20,Object is outside the vehicle lane and not an immediate collision threat.,,road_video_1.mp4:yolo11n:bus:g11:6
31,1.034,bus,yolo11n,0.7556,31.79,width_fallback,11.995,2.809,0.0,477,263,536,309,False,SAFE,OBJECT OUTSIDE VEHICLE LANE,prolog,object_outside_vehicle_lane,25,1,safe:object_outside_vehicle_lane:25* | safe:object_at_safe_distance:20,Object is outside the vehicle lane and not an immediate collision threat.,,road_video_1.mp4:yolo11n:bus:g11:6
32,1.067,bus,yolo11n,0.7539,31.22,width_fallback,13.023,2.624,0.0,479,263,537,309,False,SAFE,OBJECT OUTSIDE VEHICLE LANE,prolog,object_outside_vehicle_lane,25,1,safe:object_outside_vehicle_lane:25* | safe:object_at_safe_distance:20,Object is outside the vehicle lane and not an immediate collision threat.,,road_video_1.mp4:yolo11n:bus:g11:6
33,1.1,bus,yolo11n,0.7949,31.23,width_fallback,12.081,2.606,0.0,482,263,538,309,False,SAFE,OBJECT OUTSIDE VEHICLE LANE,prolog,object_outside_vehicle_lane,25,1,safe:object_outside_vehicle_lane:25* | safe:object_at_safe_distance:20,Object is outside the vehicle lane and not an immediate collision threat.,,road_video_1.mp4:yolo11n:bus:g11:6
34,1.134,bus,yolo11n,0.8454,31.64,width_fallback,9.725,2.898,0.0,484,264,538,310,False,SAFE,OBJECT OUTSIDE VEHICLE LANE,prolog,object_outside_vehicle_lane,25,1,safe:object_outside_vehicle_lane:25* | safe:object_at_safe_distance:20,Object is outside the vehicle lane and not an immediate collision threat.,,road_video_1.mp4:yolo11n:bus:g11:6
35,1.167,bus,yolo11n,0.8279,32.35,width_fallback,7.283,3.593,0.0,486,263,538,310,False,SAFE,OBJECT OUTSIDE VEHICLE LANE,prolog,object_outside_vehicle_lane,25,1,safe:object_outside_vehicle_lane:25* | safe:object_at_safe_distance:20,Object is outside the vehicle lane and not an immediate collision threat.,,road_video_1.mp4:yolo11n:bus:g11:6
35,1.167,person,yolo11n,0.6314,10.85,width_fallback,0.0,,0.0,772,274,803,344,False,SAFE,OBJECT OUTSIDE VEHICLE LANE,prolog,object_outside_vehicle_lane,25,1,safe:object_outside_vehicle_lane:25* | safe:object_at_safe_distance:20,Object is outside the vehicle lane and not an immediate collision threat.,,road_video_1.mp4:yolo11n:person:g18:6
36,1.2,bus,yolo11n,0.833,32.16,width_fallback,8.482,3.682,0.0,484,263,539,310,False,SAFE,OBJECT OUTSIDE VEHICLE LANE,prolog,object_outside_vehicle_lane,25,1,safe:object_outside_vehicle_lane:25* | safe:object_at_safe_distance:20,Object is outside the vehicle lane and not an immediate collision threat.,,road_video_1.mp4:yolo11n:bus:g11:6
37,1.234,bus,yolo11n,0.7691,31.29,width_fallback,7.069,4.017,0.0,482,262,541,311,False,SAFE,OBJECT OUTSIDE VEHICLE LANE,prolog,object_outside_vehicle_lane,25,1,safe:object_outside_vehicle_lane:25* | safe:object_at_safe_distance:20,Object is outside the vehicle lane and not an immediate collision threat.,,road_video_1.mp4:yolo11n:bus:g11:6
38,1.267,bus,yolo11n,0.7622,30.9,width_fallback,3.813,5.856,0.0,484,262,542,311,False,SAFE,OBJECT OUTSIDE VEHICLE LANE,prolog,object_outside_vehicle_lane,25,1,safe:object_outside_vehicle_lane:25* | safe:object_at_safe_distance:20,Object is outside the vehicle lane and not an immediate collision threat.,,road_video_1.mp4:yolo11n:bus:g11:6
39,1.301,bus,yolo11n,0.717,29.96,width_fallback,5.398,5.719,0.0,481,261,543,310,False,SAFE,OBJECT OUTSIDE VEHICLE LANE,prolog,object_outside_vehicle_lane,25,1,safe:object_outside_vehicle_lane:25* | safe:object_at_safe_distance:20,Object is outside the vehicle lane and not an immediate collision threat.,,road_video_1.mp4:yolo11n:bus:g11:6
40,1.334,bus,yolo11n,0.7556,29.69,width_fallback,6.597,5.17,0.0,484,261,544,311,False,SAFE,OBJECT OUTSIDE VEHICLE LANE,prolog,object_outside_vehicle_lane,25,1,safe:object_outside_vehicle_lane:25* | safe:object_at_safe_distance:20,Object is outside the vehicle lane and not an immediate collision threat.,,road_video_1.mp4:yolo11n:bus:g11:6
41,1.367,bus,yolo11n,0.7141,29.34,width_fallback,9.853,4.184,0.0,483,260,544,311,False,SAFE,OBJECT OUTSIDE VEHICLE LANE,prolog,object_outside_vehicle_lane,25,1,safe:object_outside_vehicle_lane:25* | safe:object_at_safe_distance:20,Object is outside the vehicle lane and not an immediate collision threat.,,road_video_1.mp4:yolo11n:bus:g11:6
41,1.367,person,yolo11n,0.5088,12.22,width_fallback,0.0,,0.0,824,269,847,351,False,SAFE,OBJECT OUTSIDE VEHICLE LANE,prolog,object_outside_vehicle_lane,25,1,safe:object_outside_vehicle_lane:25* | safe:object_at_safe_distance:20,Object is outside the vehicle lane and not an immediate collision threat.,,road_video_1.mp4:yolo11n:person:g20:6
42,1.401,bus,yolo11n,0.7519,28.79,width_fallback,15.251,3.151,0.0,483,260,546,312,False,SAFE,OBJECT OUTSIDE VEHICLE LANE,prolog,object_outside_vehicle_lane,25,1,safe:object_outside_vehicle_lane:25* | safe:object_at_safe_distance:20,Object is outside the vehicle lane and not an immediate collision threat.,,road_video_1.mp4:yolo11n:bus:g11:6
43,1.434,bus,yolo11n,0.7335,28.44,width_fallback,15.936,2.536,0.0,483,260,546,312,False,SAFE,OBJECT OUTSIDE VEHICLE LANE,prolog,object_outside_vehicle_lane,25,1,safe:object_outside_vehicle_lane:25* | safe:object_at_safe_distance:20,Object is outside the vehicle lane and not an immediate collision threat.,,road_video_1.mp4:yolo11n:bus:g11:6
44,1.467,bus,yolo11n,0.7369,28.37,width_fallback,12.509,2.415,0.0,485,259,547,312,False,SAFE,OBJECT OUTSIDE VEHICLE LANE,prolog,object_outside_vehicle_lane,25,1,safe:object_outside_vehicle_lane:25* | safe:object_at_safe_distance:20,Object is outside the vehicle lane and not an immediate collision threat.,,road_video_1.mp4:yolo11n:bus:g11:6
45,1.501,bus,yolo11n,0.7561,28.48,width_fallback,10.367,2.565,0.0,487,259,548,312,False,SAFE,OBJECT OUTSIDE VEHICLE LANE,prolog,object_outside_vehicle_lane,25,1,safe:object_outside_vehicle_lane:25* | safe:object_at_safe_distance:20,Object is outside the vehicle lane and not an immediate collision threat.,,road_video_1.mp4:yolo11n:bus:g11:6
46,1.534,bus,yolo11n,0.7402,28.39,width_fallback,6.726,3.31,0.0,488,259,550,313,False,SAFE,OBJECT OUTSIDE VEHICLE LANE,prolog,object_outside_vehicle_lane,25,1,safe:object_outside_vehicle_lane:25* | safe:object_at_safe_distance:20,Object is outside the vehicle lane and not an immediate collision threat.,,road_video_1.mp4:yolo11n:bus:g11:6
47,1.567,bus,yolo11n,0.7551,27.88,width_fallback,7.754,3.439,0.0,486,258,551,313,False,SAFE,OBJECT OUTSIDE VEHICLE LANE,prolog,object_outside_vehicle_lane,25,1,safe:object_outside_vehicle_lane:25* | safe:object_at_safe_distance:20,Object is outside the vehicle lane and not an immediate collision threat.,,road_video_1.mp4:yolo11n:bus:g11:6
48,1.601,bus,yolo11n,0.759,27.26,width_fallback,8.911,3.268,0.0,486,259,553,313,False,SAFE,OBJECT OUTSIDE VEHICLE LANE,prolog,object_outside_vehicle_lane,25,1,safe:object_outside_vehicle_lane:25* | safe:object_at_safe_distance:20,Object is outside the vehicle lane and not an immediate collision threat.,,road_video_1.mp4:yolo11n:bus:g11:6
49,1.634,bus,yolo11n,0.7737,26.73,width_fallback,8.825,3.16,0.0,486,259,554,314,False,SAFE,OBJECT OUTSIDE VEHICLE LANE,prolog,object_outside_vehicle_lane,25,1,safe:object_outside_vehicle_lane:25* | safe:object_at_safe_distance:20,Object is outside the vehicle lane and not an immediate collision threat.,,road_video_1.mp4:yolo11n:bus:g11:6
49,1.634,bus,yolo11n,0.5603,32.62,width_fallback,0.0,,0.0,575,262,628,310,False,SAFE,OBJECT OUTSIDE VEHICLE LANE,prolog,object_outside_vehicle_lane,25,1,safe:object_outside_vehicle_lane:25* | safe:object_at_safe_distance:20,Object is outside the vehicle lane and not an immediate collision threat.,,road_video_1.mp4:yolo11n:bus:g14:6
50,1.667,bus,yolo11n,0.774,26.25,width_fallback,9.382,2.997,0.0,486,257,555,314,False,SAFE,OBJECT OUTSIDE VEHICLE LANE,prolog,object_outside_vehicle_lane,25,1,safe:object_outside_vehicle_lane:25* | safe:object_at_safe_distance:20,Object is outside the vehicle lane and not an immediate collision threat.,,road_video_1.mp4:yolo11n:bus:g11:6
51,1.701,bus,yolo11n,0.8135,25.81,width_fallback,10.967,2.708,0.0,486,258,556,314,False,SAFE,OBJECT OUTSIDE VEHICLE LANE,prolog,object_outside_vehicle_lane,25,1,safe:object_outside_vehicle_lane:25* | safe:object_at_safe_distance:20,Object is outside the vehicle lane and not an immediate collision threat.,,road_video_1.mp4:yolo11n:bus:g11:6
52,1.734,bus,yolo11n,0.8368,25.41,width_fallback,13.152,2.359,0.0,486,257,557,314,False,SAFE,OBJECT OUTSIDE VEHICLE LANE,prolog,object_outside_vehicle_lane,25,1,safe:object_outside_vehicle_lane:25* | safe:object_at_safe_distance:20,Object is outside the vehicle lane and not an immediate collision threat.,,road_video_1.mp4:yolo11n:bus:g11:6
53,1.767,bus,yolo11n,0.8575,24.9,width_fallback,14.951,2.047,0.0,486,257,559,315,False,SAFE,OBJECT OUTSIDE VEHICLE LANE,prolog,object_outside_vehicle_lane,25,1,safe:object_outside_vehicle_lane:25* | safe:object_at_safe_distance:20,Object is outside the vehicle lane and not an immediate collision threat.,,road_video_1.mp4:yolo11n:bus:g11:6
54,1.801,bus,yolo11n,0.8168,24.46,width_fallback,14.651,1.877,0.0,487,255,561,315,False,SAFE,OBJECT OUTSIDE VEHICLE LANE,prolog,object_outside_vehicle_lane,25,1,safe:object_outside_vehicle_lane:25* | safe:object_at_safe_distance:20,Object is outside the vehicle lane and not an immediate collision threat.,,road_video_1.mp4:yolo11n:bus:g11:6
54,1.801,car,yolo11n,0.5117,37.06,width_fallback,7.4,4.788,0.0,415,274,449,304,False,SAFE,OBJECT OUTSIDE VEHICLE LANE,prolog,object_outside_vehicle_lane,25,1,safe:object_outside_vehicle_lane:25* | safe:object_at_safe_distance:20,Object is outside the vehicle lane and not an immediate collision threat.,,road_video_1.mp4:yolo11n:car:g10:6
55,1.834,bus,yolo11n,0.7709,24.07,width_fallback,13.666,1.825,0.0,488,255,563,315,False,SAFE,OBJECT OUTSIDE VEHICLE LANE,prolog,object_outside_vehicle_lane,25,1,safe:object_outside_vehicle_lane:25* | safe:object_at_safe_distance:20,Object is outside the vehicle lane and not an immediate collision threat.,,road_video_1.mp4:yolo11n:bus:g11:6
55,1.834,car,yolo11n,0.5487,37.45,width_fallback,6.597,5.188,0.0,416,274,449,304,False,SAFE,OBJECT OUTSIDE VEHICLE LANE,prolog,object_outside_vehicle_lane,25,1,safe:object_outside_vehicle_lane:25* | safe:object_at_safe_distance:20,Object is outside the vehicle lane and not an immediate collision threat.,,road_video_1.mp4:yolo11n:car:g10:6
56,1.867,bus,yolo11n,0.8201,23.7,width_fallback,12.98,1.825,0.0,488,254,564,316,False,SAFE,OBJECT OUTSIDE VEHICLE LANE,prolog,object_outside_vehicle_lane,25,1,safe:object_outside_vehicle_lane:25* | safe:object_at_safe_distance:20,Object is outside the vehicle lane and not an immediate collision threat.,,road_video_1.mp4:yolo11n:bus:g11:6
56,1.867,car,yolo11n,0.5766,37.71,width_fallback,6.588,5.429,0.0,416,274,449,304,False,SAFE,OBJECT OUTSIDE VEHICLE LANE,prolog,object_outside_vehicle_lane,25,1,safe:object_outside_vehicle_lane:25* | safe:object_at_safe_distance:20,Object is outside the vehicle lane and not an immediate collision threat.,,road_video_1.mp4:yolo11n:car:g10:6
57,1.901,bus,yolo11n,0.8093,23.36,width_fallback,12.381,1.853,0.0,488,254,565,316,False,SAFE,OBJECT OUTSIDE VEHICLE LANE,prolog,object_outside_vehicle_lane,25,1,safe:object_outside_vehicle_lane:25* | safe:object_at_safe_distance:20,Object is outside the vehicle lane and not an immediate collision threat.,,road_video_1.mp4:yolo11n:bus:g11:6
57,1.901,car,yolo11n,0.6094,37.87,width_fallback,6.075,5.791,0.0,416,274,449,304,False,SAFE,OBJECT OUTSIDE VEHICLE LANE,prolog,object_outside_vehicle_lane,25,1,safe:object_outside_vehicle_lane:25* | safe:object_at_safe_distance:20,Object is outside the vehicle lane and not an immediate collision threat.,,road_video_1.mp4:yolo11n:car:g10:6
58,1.934,bus,yolo11n,0.7356,23.04,width_fallback,11.867,1.893,0.001,488,254,566,317,False,SAFE,OBJECT OUTSIDE VEHICLE LANE,prolog,object_outside_vehicle_lane,25,1,safe:object_outside_vehicle_lane:25* | safe:object_at_safe_distance:20,Object is outside the vehicle lane and not an immediate collision threat.,,road_video_1.mp4:yolo11n:bus:g11:6
58,1.934,car,yolo11n,0.6156,37.98,width_fallback,5.727,6.17,0.0,416,274,449,304,False,SAFE,OBJECT OUTSIDE VEHICLE LANE,prolog,object_outside_vehicle_lane,25,1,safe:object_outside_vehicle_lane:25* | safe:object_at_safe_distance:20,Object is outside the vehicle lane and not an immediate collision threat.,,road_video_1.mp4:yolo11n:car:g10:6
58,1.934,car,yolo11n,0.5712,74.12,width_fallback,0.0,,0.0,472,276,489,298,False,SAFE,OBJECT OUTSIDE VEHICLE LANE,prolog,object_outside_vehicle_lane,25,1,safe:object_outside_vehicle_lane:25* | safe:object_at_safe_distance:20,Object is outside the vehicle lane and not an immediate collision threat.,,road_video_1.mp4:yolo11n:car:g11:6
59,1.967,bus,yolo11n,0.7464,24.4,width_fallback,4.327,3.579,0.0,504,254,569,317,False,SAFE,OBJECT OUTSIDE VEHICLE LANE,prolog,object_outside_vehicle_lane,25,1,safe:object_outside_vehicle_lane:25* | safe:object_at_safe_distance:20,Object is outside the vehicle lane and not an immediate collision threat.,,road_video_1.mp4:yolo11n:bus:g11:6
60,2.001,bus,yolo11n,0.8249,23.42,width_fallback,6.34,3.631,0.001,489,254,570,317,False,SAFE,OBJECT OUTSIDE VEHICLE LANE,prolog,object_outside_vehicle_lane,25,1,safe:object_outside_vehicle_lane:25* | safe:object_at_safe_distance:20,Object is outside the vehicle lane and not an immediate collision threat.,,road_video_1.mp4:yolo11n:bus:g11:6
60,2.001,car,yolo11n,0.5447,74.12,width_fallback,0.0,,0.0,472,275,489,299,False,SAFE,OBJECT OUTSIDE VEHICLE LANE,prolog,object_outside_vehicle_lane,25,1,safe:object_outside_vehicle_lane:25* | safe:object_at_safe_distance:20,Object is outside the vehicle lane and not an immediate collision threat.,,road_video_1.mp4:yolo11n:car:g11:6
60,2.001,car,yolo11n,0.507,38.47,width_fallback,4.939,6.899,0.0,417,274,449,304,False,SAFE,OBJECT OUTSIDE VEHICLE LANE,prolog,object_outside_vehicle_lane,25,1,safe:object_outside_vehicle_lane:25* | safe:object_at_safe_distance:20,Object is outside the vehicle lane and not an immediate collision threat.,,road_video_1.mp4:yolo11n:car:g10:6
61,2.034,bus,yolo11n,0.8253,22.69,width_fallback,7.583,3.343,0.001,489,254,571,317,False,SAFE,OBJECT OUTSIDE VEHICLE LANE,prolog,object_outside_vehicle_lane,25,1,safe:object_outside_vehicle_lane:25* | safe:object_at_safe_distance:20,Object is outside the vehicle lane and not an immediate collision threat.,,road_video_1.mp4:yolo11n:bus:g11:6
61,2.034,car,yolo11n,0.5694,38.37,width_fallback,4.461,7.665,0.0,417,274,450,304,False,SAFE,OBJECT OUTSIDE VEHICLE LANE,prolog,object_outside_vehicle_lane,25,1,safe:object_outside_vehicle_lane:25* | safe:object_at_safe_distance:20,Object is outside the vehicle lane and not an immediate collision threat.,,road_video_1.mp4:yolo11n:car:g10:6
61,2.034,car,yolo11n,0.5001,74.12,width_fallback,0.0,,0.0,472,275,489,299,False,SAFE,OBJECT OUTSIDE VEHICLE LANE,prolog,object_outside_vehicle_lane,25,1,safe:object_outside_vehicle_lane:25* | safe:object_at_safe_distance:20,Object is outside the vehicle lane and not an immediate collision threat.,,road_video_1.mp4:yolo11n:car:g11:6
62,2.068,bus,yolo11n,0.779,23.89,width_fallback,0.771,15.78,0.0,506,254,573,318,False,SAFE,OBJECT OUTSIDE VEHICLE LANE,prolog,object_outside_vehicle_lane,25,1,safe:object_outside_vehicle_lane:25* | safe:object_at_safe_distance:20,Object is outside the vehicle lane and not an immediate collision threat.,,road_video_1.mp4:yolo11n:bus:g11:6
62,2.068,car,yolo11n,0.5525,38.3,width_fallback,0.0,,0.0,417,274,450,304,False,SAFE,OBJECT OUTSIDE VEHICLE LANE,prolog,object_outside_vehicle_lane,25,1,safe:object_outside_vehicle_lane:25* | safe:object_at_safe_distance:20,Object is outside the vehicle lane and not an immediate collision threat.,,road_video_1.mp4:yolo11n:car:g10:6
63,2.101,bus,yolo11n,0.7803,38.89,width_fallback,0.0,,0.0,491,253,575,317,False,SAFE,OBJECT OUTSIDE VEHICLE LANE,prolog,object_outside_vehicle_lane,25,1,safe:object_outside_vehicle_lane:25* | safe:object_at_safe_distance:20,Object is outside the vehicle lane and not an immediate collision threat.,,road_video_1.mp4:yolo11n:bus:g12:6
63,2.101,car,yolo11n,0.5353,38.26,width_fallback,0.0,,0.0,417,274,450,304,False,SAFE,OBJECT OUTSIDE VEHICLE LANE,prolog,object_outside_vehicle_lane,25,1,safe:object_outside_vehicle_lane:25* | safe:object_at_safe_distance:20,Object is outside the vehicle lane and not an immediate collision threat.,,road_video_1.mp4:yolo11n:car:g10:6
64,2.134,bus,yolo11n,0.8372,32.4,width_fallback,0.0,,0.0,490,251,576,317,False,SAFE,OBJECT OUTSIDE VEHICLE LANE,prolog,object_outside_vehicle_lane,25,1,safe:object_outside_vehicle_lane:25* | safe:object_at_safe_distance:20,Object is outside the vehicle lane and not an immediate collision threat.,,road_video_1.mp4:yolo11n:bus:g12:6
65,2.168,bus,yolo11n,0.8398,28.02,width_fallback,0.0,,0.001,490,251,578,317,False,SAFE,OBJECT OUTSIDE VEHICLE LANE,prolog,object_outside_vehicle_lane,25,1,safe:object_outside_vehicle_lane:25* | safe:object_at_safe_distance:20,Object is outside the vehicle lane and not an immediate collision threat.,,road_video_1.mp4:yolo11n:bus:g12:6
66,2.201,bus,yolo11n,0.8892,25.18,width_fallback,0.0,,0.0,492,250,580,318,False,SAFE,OBJECT OUTSIDE VEHICLE LANE,prolog,object_outside_vehicle_lane,25,1,safe:object_outside_vehicle_lane:25* | safe:object_at_safe_distance:20,Object is outside the vehicle lane and not an immediate collision threat.,,road_video_1.mp4:yolo11n:bus:g12:6
67,2.234,bus,yolo11n,0.8808,23.24,width_fallback,0.0,,0.001,492,250,581,318,False,SAFE,OBJECT OUTSIDE VEHICLE LANE,prolog,object_outside_vehicle_lane,25,1,safe:object_outside_vehicle_lane:25* | safe:object_at_safe_distance:20,Object is outside the vehicle lane and not an immediate collision threat.,,road_video_1.mp4:yolo11n:bus:g12:6
68,2.268,bus,yolo11n,0.8896,21.91,width_fallback,0.0,,0.0,493,250,583,319,False,SAFE,OBJECT OUTSIDE VEHICLE LANE,prolog,object_outside_vehicle_lane,25,1,safe:object_outside_vehicle_lane:25* | safe:object_at_safe_distance:20,Object is outside the vehicle lane and not an immediate collision threat.,,road_video_1.mp4:yolo11n:bus:g12:6
68,2.268,car,yolo11n,0.5074,38.23,width_fallback,0.0,,0.0,418,274,451,304,False,SAFE,OBJECT OUTSIDE VEHICLE LANE,prolog,object_outside_vehicle_lane,25,1,safe:object_outside_vehicle_lane:25* | safe:object_at_safe_distance:20,Object is outside the vehicle lane and not an immediate collision threat.,,road_video_1.mp4:yolo11n:car:g10:6
69,2.301,bus,yolo11n,0.8453,20.9,width_fallback,0.0,,0.0,493,250,585,319,False,SAFE,OBJECT OUTSIDE VEHICLE LANE,prolog,object_outside_vehicle_lane,25,1,safe:object_outside_vehicle_lane:25* | safe:object_at_safe_distance:20,Object is outside the vehicle lane and not an immediate collision threat.,,road_video_1.mp4:yolo11n:bus:g12:6
70,2.334,bus,yolo11n,0.8118,20.17,width_fallback,0.0,,0.002,495,249,588,321,False,SAFE,OBJECT OUTSIDE VEHICLE LANE,prolog,object_outside_vehicle_lane,25,1,safe:object_outside_vehicle_lane:25* | safe:object_at_safe_distance:20,Object is outside the vehicle lane and not an immediate collision threat.,,road_video_1.mp4:yolo11n:bus:g12:6
70,2.334,car,yolo11n,0.5085,38.63,width_fallback,0.0,,0.0,419,274,451,305,False,SAFE,OBJECT OUTSIDE VEHICLE LANE,prolog,object_outside_vehicle_lane,25,1,safe:object_outside_vehicle_lane:25* | safe:object_at_safe_distance:20,Object is outside the vehicle lane and not an immediate collision threat.,,road_video_1.mp4:yolo11n:car:g10:6
71,2.368,bus,yolo11n,0.8783,19.63,width_fallback,0.0,,0.002,495,249,589,322,False,SAFE,OBJECT OUTSIDE VEHICLE LANE,prolog,object_outside_vehicle_lane,25,1,safe:object_outside_vehicle_lane:25* | safe:object_at_safe_distance:20,Object is outside the vehicle lane and not an immediate collision threat.,,road_video_1.mp4:yolo11n:bus:g12:6
71,2.368,car,yolo11n,0.5384,38.47,width_fallback,0.0,,0.0,419,274,452,305,False,SAFE,OBJECT OUTSIDE VEHICLE LANE,prolog,object_outside_vehicle_lane,25,1,safe:object_outside_vehicle_lane:25* | safe:object_at_safe_distance:20,Object is outside the vehicle lane and not an immediate collision threat.,,road_video_1.mp4:yolo11n:car:g10:6
72,2.401,bus,yolo11n,0.8865,19.07,width_fallback,38.341,0.497,0.002,495,247,592,322,False,SAFE,OBJECT OUTSIDE VEHICLE LANE,prolog,object_outside_vehicle_lane,25,1,safe:object_outside_vehicle_lane:25* | safe:object_at_safe_distance:20,Object is outside the vehicle lane and not an immediate collision threat.,,road_video_1.mp4:yolo11n:bus:g12:6
72,2.401,car,yolo11n,0.5753,38.37,width_fallback,0.25,73.31,0.0,419,274,452,305,False,SAFE,OBJECT OUTSIDE VEHICLE LANE,prolog,object_outside_vehicle_lane,25,1,safe:object_outside_vehicle_lane:25* | safe:object_at_safe_distance:20,Object is outside the vehicle lane and not an immediate collision threat.,,road_video_1.mp4:yolo11n:car:g10:6
72,2.401,person,yolo11n,0.5457,25.67,width_fallback,0.0,,0.0,611,274,624,311,False,SAFE,OBJECT OUTSIDE VEHICLE LANE,prolog,object_outside_vehicle_lane,25,1,safe:object_outside_vehicle_lane:25* | safe:object_at_safe_distance:20,Object is outside the vehicle lane and not an immediate collision threat.,,road_video_1.mp4:yolo11n:person:g15:6
73,2.434,bus,yolo11n,0.8705,18.59,width_fallback,28.231,0.57,0.003,495,245,594,322,False,SAFE,OBJECT OUTSIDE VEHICLE LANE,prolog,object_outside_vehicle_lane,25,1,safe:object_outside_vehicle_lane:25* | safe:object_at_safe_distance:20,Object is outside the vehicle lane and not an immediate collision threat.,,road_video_1.mp4:yolo11n:bus:g12:6
73,2.434,car,yolo11n,0.6056,37.91,width_fallback,1.15,55.161,0.0,418,274,452,304,False,SAFE,OBJECT OUTSIDE VEHICLE LANE,prolog,object_outside_vehicle_lane,25,1,safe:object_outside_vehicle_lane:25* | safe:object_at_safe_distance:20,Object is outside the vehicle lane and not an immediate collision threat.,,road_video_1.mp4:yolo11n:car:g10:6
73,2.434,car,yolo11n,0.5511,68.22,width_fallback,11.795,5.784,0.0,475,275,497,300,False,SAFE,OBJECT OUTSIDE VEHICLE LANE,prolog,object_outside_vehicle_lane,25,1,safe:object_outside_vehicle_lane:25* | safe:object_at_safe_distance:20,Object is outside the vehicle lane and not an immediate collision threat.,,road_video_1.mp4:yolo11n:car:g11:6
73,2.434,person,yolo11n,0.5133,25.44,width_fallback,0.0,,0.0,613,274,627,310,False,SAFE,OBJECT OUTSIDE VEHICLE LANE,prolog,object_outside_vehicle_lane,25,1,safe:object_outside_vehicle_lane:25* | safe:object_at_safe_distance:20,Object is outside the vehicle lane and not an immediate collision threat.,,road_video_1.mp4:yolo11n:person:g15:6
74,2.468,bus,yolo11n,0.8652,18.03,width_fallback,22.319,0.677,0.005,495,243,598,322,False,SAFE,OBJECT OUTSIDE VEHICLE LANE,prolog,object_outside_vehicle_lane,25,1,safe:object_outside_vehicle_lane:25* | safe:object_at_safe_distance:20,Object is outside the vehicle lane and not an immediate collision threat.,,road_video_1.mp4:yolo11n:bus:g12:6
74,2.468,car,yolo11n,0.5851,38.01,width_fallback,0.725,53.941,0.0,419,274,452,305,False,SAFE,OBJECT OUTSIDE VEHICLE LANE,prolog,object_outside_vehicle_lane,25,1,safe:object_outside_vehicle_lane:25* | safe:object_at_safe_distance:20,Object is outside the vehicle lane and not an immediate collision threat.,,road_video_1.mp4:yolo11n:car:g10:6
74,2.468,car,yolo11n,0.511,64.39,width_fallback,18.236,4.77,0.0,475,275,497,301,False,SAFE,OBJECT OUTSIDE VEHICLE LANE,prolog,object_outside_vehicle_lane,25,1,safe:object_outside_vehicle_lane:25* | safe:object_at_safe_distance:20,Object is outside the vehicle lane and not an immediate collision threat.,,road_video_1.mp4:yolo11n:car:g11:6
75,2.501,bus,yolo11n,0.8912,17.55,width_fallback,18.678,0.795,0.004,495,243,600,322,False,SAFE,OBJECT OUTSIDE VEHICLE LANE,prolog,object_outside_vehicle_lane,25,1,safe:object_outside_vehicle_lane:25* | safe:object_at_safe_distance:20,Object is outside the vehicle lane and not an immediate collision threat.,,road_video_1.mp4:yolo11n:bus:g12:6
75,2.501,car,yolo11n,0.5674,38.07,width_fallback,0.475,65.749,0.0,419,274,452,305,False,SAFE,OBJECT OUTSIDE VEHICLE LANE,prolog,object_outside_vehicle_lane,25,1,safe:object_outside_vehicle_lane:25* | safe:object_at_safe_distance:20,Object is outside the vehicle lane and not an immediate collision threat.,,road_video_1.mp4:yolo11n:car:g10:6
75,2.501,car,yolo11n,0.5186,61.9,width_fallback,21.556,3.916,0.0,476,275,498,301,False,SAFE,OBJECT OUTSIDE VEHICLE LANE,prolog,object_outside_vehicle_lane,25,1,safe:object_outside_vehicle_lane:25* | safe:object_at_safe_distance:20,Object is outside the vehicle lane and not an immediate collision threat.,,road_video_1.mp4:yolo11n:car:g11:6
76,2.534,bus,yolo11n,0.8876,17.19,width_fallback,15.893,0.924,0.005,496,243,602,323,False,SAFE,OBJECT OUTSIDE VEHICLE LANE,prolog,object_outside_vehicle_lane,25,1,safe:object_outside_vehicle_lane:25* | safe:object_at_safe_distance:20,Object is outside the vehicle lane and not an immediate collision threat.,,road_video_1.mp4:yolo11n:bus:g12:6
76,2.534,car,yolo11n,0.6126,37.71,width_fallback,1.949,44.868,0.0,419,274,453,304,False,SAFE,OBJECT OUTSIDE VEHICLE LANE,prolog,object_outside_vehicle_lane,25,1,safe:object_outside_vehicle_lane:25* | safe:object_at_safe_distance:20,Object is outside the vehicle lane and not an immediate collision threat.,,road_video_1.mp4:yolo11n:car:g10:6
76,2.534,car,yolo11n,0.5353,59.41,width_fallback,24.507,3.245,0.0,475,275,498,301,False,SAFE,OBJECT OUTSIDE VEHICLE LANE,prolog,object_outside_vehicle_lane,25,1,safe:object_outside_vehicle_lane:25* | safe:object_at_safe_distance:20,Object is outside the vehicle lane and not an immediate collision threat.,,road_video_1.mp4:yolo11n:car:g11:6
77,2.568,bus,yolo11n,0.883,16.84,width_fallback,14.266,1.039,0.004,496,243,604,323,False,SAFE,OBJECT OUTSIDE VEHICLE LANE,prolog,object_outside_vehicle_lane,25,1,safe:object_outside_vehicle_lane:25* | safe:object_at_safe_distance:20,Object is outside the vehicle lane and not an immediate collision threat.,,road_video_1.mp4:yolo11n:bus:g12:6
77,2.568,car,yolo11n,0.6453,37.49,width_fallback,4.884,28.132,0.0,419,274,453,304,False,SAFE,OBJECT OUTSIDE VEHICLE LANE,prolog,object_outside_vehicle_lane,25,1,safe:object_outside_vehicle_lane:25* | safe:object_at_safe_distance:20,Object is outside the vehicle lane and not an immediate collision threat.,,road_video_1.mp4:yolo11n:car:g10:6
77,2.568,car,yolo11n,0.5503,57.79,width_fallback,25.774,2.794,0.0,475,275,498,301,False,SAFE,OBJECT OUTSIDE VEHICLE LANE,prolog,object_outside_vehicle_lane,25,1,safe:object_outside_vehicle_lane:25* | safe:object_at_safe_distance:20,Object is outside the vehicle lane and not an immediate collision threat.,,road_video_1.mp4:yolo11n:car:g11:6
78,2.601,bus,yolo11n,0.8941,16.52,width_fallback,13.323,1.13,0.003,496,242,606,324,False,SAFE,OBJECT OUTSIDE VEHICLE LANE,prolog,object_outside_vehicle_lane,25,1,safe:object_outside_vehicle_lane:25* | safe:object_at_safe_distance:20,Object is outside the vehicle lane and not an immediate collision threat.,,road_video_1.mp4:yolo11n:bus:g12:6
78,2.601,car,yolo11n,0.6718,37.34,width_fallback,4.841,18.943,0.0,419,274,453,305,False,SAFE,OBJECT OUTSIDE VEHICLE LANE,prolog,object_outside_vehicle_lane,25,1,safe:object_outside_vehicle_lane:25* | safe:object_at_safe_distance:20,Object is outside the vehicle lane and not an immediate collision threat.,,road_video_1.mp4:yolo11n:car:g10:6
78,2.601,car,yolo11n,0.5291,56.73,width_fallback,28.971,2.418,0.0,475,275,498,300,False,SAFE,OBJECT OUTSIDE VEHICLE LANE,prolog,object_outside_vehicle_lane,25,1,safe:object_outside_vehicle_lane:25* | safe:object_at_safe_distance:20,Object is outside the vehicle lane and not an immediate collision threat.,,road_video_1.mp4:yolo11n:car:g11:6
79,2.634,bus,yolo11n,0.8866,16.2,width_fallback,12.295,1.214,0.006,497,242,609,325,False,SAFE,OBJECT OUTSIDE VEHICLE LANE,prolog,object_outside_vehicle_lane,25,1,safe:object_outside_vehicle_lane:25* | safe:object_at_safe_distance:20,Object is outside the vehicle lane and not an immediate collision threat.,,road_video_1.mp4:yolo11n:bus:g12:6
79,2.634,car,yolo11n,0.5953,37.24,width_fallback,4.841,13.881,0.0,419,273,453,305,False,SAFE,OBJECT OUTSIDE VEHICLE LANE,prolog,object_outside_vehicle_lane,25,1,safe:object_outside_vehicle_lane:25* | safe:object_at_safe_distance:20,Object is outside the vehicle lane and not an immediate collision threat.,,road_video_1.mp4:yolo11n:car:g10:6
80,2.668,bus,yolo11n,0.8985,16.05,width_fallback,10.881,1.332,0.004,500,241,611,326,False,SAFE,OBJECT OUTSIDE VEHICLE LANE,prolog,object_outside_vehicle_lane,25,1,safe:object_outside_vehicle_lane:25* | safe:object_at_safe_distance:20,Object is outside the vehicle lane and not an immediate collision threat.,,road_video_1.mp4:yolo11n:bus:g12:6
80,2.668,car,yolo11n,0.5897,37.18,width_fallback,3.127,12.984,0.0,419,273,453,305,False,SAFE,OBJECT OUTSIDE VEHICLE LANE,prolog,object_outside_vehicle_lane,25,1,safe:object_outside_vehicle_lane:25* | safe:object_at_safe_distance:20,Object is outside the vehicle lane and not an immediate collision threat.,,road_video_1.mp4:yolo11n:car:g10:6
80,2.668,car,yolo11n,0.536,55.25,width_fallback,29.782,2.164,0.0,475,275,499,300,False,SAFE,OBJECT OUTSIDE VEHICLE LANE,prolog,object_outside_vehicle_lane,25,1,safe:object_outside_vehicle_lane:25* | safe:object_at_safe_distance:20,Object is outside the vehicle lane and not an immediate collision threat.,,road_video_1.mp4:yolo11n:car:g11:6
81,2.701,bus,yolo11n,0.9006,15.85,width_fallback,9.339,1.496,0.005,501,241,614,327,False,SAFE,OBJECT OUTSIDE VEHICLE LANE,prolog,object_outside_vehicle_lane,25,1,safe:object_outside_vehicle_lane:25* | safe:object_at_safe_distance:20,Object is outside the vehicle lane and not an immediate collision threat.,,road_video_1.mp4:yolo11n:bus:g12:6
81,2.701,car,yolo11n,0.5743,37.14,width_fallback,3.727,11.626,0.0,420,273,454,304,False,SAFE,OBJECT OUTSIDE VEHICLE LANE,prolog,object_outside_vehicle_lane,25,1,safe:object_outside_vehicle_lane:25* | safe:object_at_safe_distance:20,Object is outside the vehicle lane and not an immediate collision threat.,,road_video_1.mp4:yolo11n:car:g10:6
81,2.701,car,yolo11n,0.5683,55.09,width_fallback,0.0,,0.0,476,275,499,300,False,SAFE,OBJECT OUTSIDE VEHICLE LANE,prolog,object_outside_vehicle_lane,25,1,safe:object_outside_vehicle_lane:25* | safe:object_at_safe_distance:20,Object is outside the vehicle lane and not an immediate collision threat.,,road_video_1.mp4:yolo11n:car:g11:6
81,2.701,person,yolo11n,0.5365,24.19,width_fallback,4.931,4.905,0.0,630,273,646,313,False,SAFE,OBJECT OUTSIDE VEHICLE LANE,prolog,object_outside_vehicle_lane,25,1,safe:object_outside_vehicle_lane:25* | safe:object_at_safe_distance:20,Object is outside the vehicle lane and not an immediate collision threat.,,road_video_1.mp4:yolo11n:person:g15:6
82,2.734,bus,yolo11n,0.8997,15.59,width_fallback,8.397,1.658,0.007,501,241,617,328,False,SAFE,OBJECT OUTSIDE VEHICLE LANE,prolog,object_outside_vehicle_lane,25,1,safe:object_outside_vehicle_lane:25* | safe:object_at_safe_distance:20,Object is outside the vehicle lane and not an immediate collision threat.,,road_video_1.mp4:yolo11n:bus:g12:6
82,2.734,person,yolo11n,0.5562,23.38,width_fallback,6.867,4.23,0.0,631,272,647,313,False,SAFE,OBJECT OUTSIDE VEHICLE LANE,prolog,object_outside_vehicle_lane,25,1,safe:object_outside_vehicle_lane:25* | safe:object_at_safe_distance:20,Object is outside the vehicle lane and not an immediate collision threat.,,road_video_1.mp4:yolo11n:person:g15:6
82,2.734,car,yolo11n,0.5511,54.18,width_fallback,38.272,1.828,0.0,476,275,500,300,False,SAFE,OBJECT OUTSIDE VEHICLE LANE,prolog,object_outside_vehicle_lane,25,1,safe:object_outside_vehicle_lane:25* | safe:object_at_safe_distance:20,Object is outside the vehicle lane and not an immediate collision threat.,,road_video_1.mp4:yolo11n:car:g11:6
82,2.734,car,yolo11n,0.5091,36.74,width_fallback,5.698,9.296,0.0,419,273,454,305,False,SAFE,OBJECT OUTSIDE VEHICLE LANE,prolog,object_outside_vehicle_lane,25,1,safe:object_outside_vehicle_lane:25* | safe:object_at_safe_distance:20,Object is outside the vehicle lane and not an immediate collision threat.,,road_video_1.mp4:yolo11n:car:g10:6
83,2.768,bus,yolo11n,0.9148,15.28,width_fallback,8.182,1.752,0.007,502,240,621,328,False,SAFE,OBJECT OUTSIDE VEHICLE LANE,prolog,object_outside_vehicle_lane,25,1,safe:object_outside_vehicle_lane:25* | safe:object_at_safe_distance:20,Object is outside the vehicle lane and not an immediate collision threat.,,road_video_1.mp4:yolo11n:bus:g12:6
83,2.768,car,yolo11n,0.6329,51.55,width_fallback,38.796,1.603,0.0,475,275,502,301,False,SAFE,OBJECT OUTSIDE VEHICLE LANE,prolog,object_outside_vehicle_lane,25,1,safe:object_outside_vehicle_lane:25* | safe:object_at_safe_distance:20,Object is outside the vehicle lane and not an immediate collision threat.,,road_video_1.mp4:yolo11n:car:g11:6
83,2.768,person,yolo11n,0.5481,23.36,width_fallback,6.297,3.996,0.0,633,272,648,313,False,SAFE,OBJECT OUTSIDE VEHICLE LANE,prolog,object_outside_vehicle_lane,25,1,safe:object_outside_vehicle_lane:25* | safe:object_at_safe_distance:20,Object is outside the vehicle lane and not an immediate collision threat.,,road_video_1.mp4:yolo11n:person:g15:6
84,2.801,bus,yolo11n,0.9218,14.99,width_fallback,7.925,1.815,0.009,502,240,623,329,False,SAFE,OBJECT OUTSIDE VEHICLE LANE,prolog,object_outside_vehicle_lane,25,1,safe:object_outside_vehicle_lane:25* | safe:object_at_safe_distance:20,Object is outside the vehicle lane and not an immediate collision threat.,,road_video_1.mp4:yolo11n:bus:g12:6
84,2.801,car,yolo11n,0.6445,49.26,width_fallback,38.047,1.464,0.0,475,274,503,301,False,SAFE,OBJECT OUTSIDE VEHICLE LANE,prolog,object_outside_vehicle_lane,25,1,safe:object_outside_vehicle_lane:25* | safe:object_at_safe_distance:20,Object is outside the vehicle lane and not an immediate collision threat.,,road_video_1.mp4:yolo11n:car:g11:6
84,2.801,car,yolo11n,0.5246,36.48,width_fallback,4.611,8.673,0.0,420,273,455,305,False,SAFE,OBJECT OUTSIDE VEHICLE LANE,prolog,object_outside_vehicle_lane,25,1,safe:object_outside_vehicle_lane:25* | safe:object_at_safe_distance:20,Object is outside the vehicle lane and not an immediate collision threat.,,road_video_1.mp4:yolo11n:car:g10:6
84,2.801,person,yolo11n,0.5124,21.63,width_fallback,10.096,3.162,0.0,637,271,656,314,False,SAFE,OBJECT OUTSIDE VEHICLE LANE,prolog,object_outside_vehicle_lane,25,1,safe:object_outside_vehicle_lane:25* | safe:object_at_safe_distance:20,Object is outside the vehicle lane and not an immediate collision threat.,,road_video_1.mp4:yolo11n:person:g15:6
85,2.835,bus,yolo11n,0.9204,14.73,width_fallback,7.668,1.863,0.009,503,238,626,330,False,SAFE,OBJECT OUTSIDE VEHICLE LANE,prolog,object_outside_vehicle_lane,25,1,safe:object_outside_vehicle_lane:25* | safe:object_at_safe_distance:20,Object is outside the vehicle lane and not an immediate collision threat.,,road_video_1.mp4:yolo11n:bus:g12:6
85,2.835,car,yolo11n,0.6461,47.77,width_fallback,37.559,1.378,0.0,475,274,503,302,False,SAFE,OBJECT OUTSIDE VEHICLE LANE,prolog,object_outside_vehicle_lane,25,1,safe:object_outside_vehicle_lane:25* | safe:object_at_safe_distance:20,Object is outside the vehicle lane and not an immediate collision threat.,,road_video_1.mp4:yolo11n:car:g11:6
85,2.835,person,yolo11n,0.5942,20.51,width_fallback,11.903,2.514,0.0,639,270,658,315,False,SAFE,OBJECT OUTSIDE VEHICLE LANE,prolog,object_outside_vehicle_lane,25,1,safe:object_outside_vehicle_lane:25* | safe:object_at_safe_distance:20,Object is outside the vehicle lane and not an immediate collision threat.,,road_video_1.mp4:yolo11n:person:g15:6
85,2.835,car,yolo11n,0.5385,36.31,width_fallback,4.423,8.464,0.0,420,273,455,305,False,SAFE,OBJECT OUTSIDE VEHICLE LANE,prolog,object_outside_vehicle_lane,25,1,safe:object_outside_vehicle_lane:25* | safe:object_at_safe_distance:20,Object is outside the vehicle lane and not an immediate collision threat.,,road_video_1.mp4:yolo11n:car:g10:6
86,2.868,bus,yolo11n,0.9294,14.39,width_fallback,7.754,1.86,0.01,503,237,630,330,False,SAFE,OBJECT OUTSIDE VEHICLE LANE,prolog,object_outside_vehicle_lane,25,1,safe:object_outside_vehicle_lane:25* | safe:object_at_safe_distance:20,Object is outside the vehicle lane and not an immediate collision threat.,,road_video_1.mp4:yolo11n:bus:g12:6
86,2.868,car,yolo11n,0.613,45.75,width_fallback,41.158,1.258,0.0,474,274,504,301,False,SAFE,OBJECT OUTSIDE VEHICLE LANE,prolog,object_outside_vehicle_lane,25,1,safe:object_outside_vehicle_lane:25* | safe:object_at_safe_distance:20,Object is outside the vehicle lane and not an immediate collision threat.,,road_video_1.mp4:yolo11n:car:g11:6
86,2.868,car,yolo11n,0.5826,36.2,width_fallback,4.273,8.467,0.0,420,273,455,305,False,SAFE,OBJECT OUTSIDE VEHICLE LANE,prolog,object_outside_vehicle_lane,25,1,safe:object_outside_vehicle_lane:25* | safe:object_at_safe_distance:20,Object is outside the vehicle lane and not an immediate collision threat.,,road_video_1.mp4:yolo11n:car:g10:6
87,2.901,bus,yolo11n,0.9228,14.11,width_fallback,8.311,1.787,0.013,504,235,633,331,False,SAFE,OBJECT OUTSIDE VEHICLE LANE,prolog,object_outside_vehicle_lane,25,1,safe:object_outside_vehicle_lane:25* | safe:object_at_safe_distance:20,Object is outside the vehicle lane and not an immediate collision threat.,,road_video_1.mp4:yolo11n:bus:g12:6
87,2.901,car,yolo11n,0.5996,43.96,width_fallback,0.0,,0.0,474,274,505,302,False,SAFE,OBJECT OUTSIDE VEHICLE LANE,prolog,object_outside_vehicle_lane,25,1,safe:object_outside_vehicle_lane:25* | safe:object_at_safe_distance:20,Object is outside the vehicle lane and not an immediate collision threat.,,road_video_1.mp4:yolo11n:car:g11:6
87,2.901,car,yolo11n,0.5451,36.5,width_fallback,2.774,10.578,0.0,421,272,455,305,False,SAFE,OBJECT OUTSIDE VEHICLE LANE,prolog,object_outside_vehicle_lane,25,1,safe:object_outside_vehicle_lane:25* | safe:object_at_safe_distance:20,Object is outside the vehicle lane and not an immediate collision threat.,,road_video_1.mp4:yolo11n:car:g10:6
88,2.935,bus,yolo11n,0.9341,13.78,width_fallback,8.868,1.682,0.016,504,235,637,332,False,SAFE,OBJECT OUTSIDE VEHICLE LANE,prolog,object_outside_vehicle_lane,25,1,safe:object_outside_vehicle_lane:25* | safe:object_at_safe_distance:20,Object is outside the vehicle lane and not an immediate collision threat.,,road_video_1.mp4:yolo11n:bus:g12:6
88,2.935,car,yolo11n,0.6655,45.54,width_fallback,40.912,1.193,0.0,480,276,506,303,False,SAFE,OBJECT OUTSIDE VEHICLE LANE,prolog,object_outside_vehicle_lane,25,1,safe:object_outside_vehicle_lane:25* | safe:object_at_safe_distance:20,Object is outside the vehicle lane and not an immediate collision threat.,,road_video_1.mp4:yolo11n:car:g11:6
88,2.935,car,yolo11n,0.5274,35.04,width_fallback,8.022,7.784,0.0,418,271,457,305,False,SAFE,OBJECT OUTSIDE VEHICLE LANE,prolog,object_outside_vehicle_lane,25,1,safe:object_outside_vehicle_lane:25* | safe:object_at_safe_distance:20,Object is outside the vehicle lane and not an immediate collision threat.,,road_video_1.mp4:yolo11n:car:g10:6
89,2.968,bus,yolo11n,0.9296,13.49,width_fallback,8.996,1.6,0.02,505,234,640,333,False,SAFE,OBJECT OUTSIDE VEHICLE LANE,prolog,object_outside_vehicle_lane,25,1,safe:object_outside_vehicle_lane:25* | safe:object_at_safe_distance:20,Object is outside the vehicle lane and not an immediate collision threat.,,road_video_1.mp4:yolo11n:bus:g12:6
89,2.968,car,yolo11n,0.6635,46.56,width_fallback,32.644,1.298,0.0,480,275,506,303,False,SAFE,OBJECT OUTSIDE VEHICLE LANE,prolog,object_outside_vehicle_lane,25,1,safe:object_outside_vehicle_lane:25* | safe:object_at_safe_distance:20,Object is outside the vehicle lane and not an immediate collision threat.,,road_video_1.mp4:yolo11n:car:g11:6
89,2.968,person,yolo11n,0.5909,19.17,width_fallback,11.466,2.135,0.0,650,268,671,316,False,SAFE,OBJECT OUTSIDE VEHICLE LANE,prolog,object_outside_vehicle_lane,25,1,safe:object_outside_vehicle_lane:25* | safe:object_at_safe_distance:20,Object is outside the vehicle lane and not an immediate collision threat.,,road_video_1.mp4:yolo11n:person:g15:6
90,3.001,bus,yolo11n,0.938,13.14,width_fallback,9.168,1.525,0.022,505,233,645,334,False,SAFE,OBJECT OUTSIDE VEHICLE LANE,prolog,object_outside_vehicle_lane,25,1,safe:object_outside_vehicle_lane:25* | safe:object_at_safe_distance:20,Object is outside the vehicle lane and not an immediate collision threat.,,road_video_1.mp4:yolo11n:bus:g12:6
90,3.001,car,yolo11n,0.6758,46.6,width_fallback,21.206,1.703,0.0,480,275,507,303,False,SAFE,OBJECT OUTSIDE VEHICLE LANE,prolog,object_outside_vehicle_lane,25,1,safe:object_outside_vehicle_lane:25* | safe:object_at_safe_distance:20,Object is outside the vehicle lane and not an immediate collision threat.,,road_video_1.mp4:yolo11n:car:g11:6
90,3.001,person,yolo11n,0.6145,18.29,width_fallback,12.612,1.827,0.0,653,270,674,317,False,SAFE,OBJECT OUTSIDE VEHICLE LANE,prolog,object_outside_vehicle_lane,25,1,safe:object_outside_vehicle_lane:25* | safe:object_at_safe_distance:20,Object is outside the vehicle lane and not an immediate collision threat.,,road_video_1.mp4:yolo11n:person:g15:6
91,3.035,bus,yolo11n,0.9504,12.8,width_fallback,9.382,1.453,0.025,505,232,649,335,False,SAFE,OBJECT OUTSIDE VEHICLE LANE,prolog,object_outside_vehicle_lane,25,1,safe:object_outside_vehicle_lane:25* | safe:object_at_safe_distance:20,Object is outside the vehicle lane and not an immediate collision threat.,,road_video_1.mp4:yolo11n:bus:g12:6
91,3.035,car,yolo11n,0.6799,46.04,width_fallback,13.794,2.438,0.0,479,275,507,303,False,SAFE,OBJECT OUTSIDE VEHICLE LANE,prolog,object_outside_vehicle_lane,25,1,safe:object_outside_vehicle_lane:25* | safe:object_at_safe_distance:20,Object is outside the vehicle lane and not an immediate collision threat.,,road_video_1.mp4:yolo11n:car:g11:6
91,3.035,car,yolo11n,0.5739,34.38,width_fallback,8.277,6.15,0.0,419,271,457,306,False,SAFE,OBJECT OUTSIDE VEHICLE LANE,prolog,object_outside_vehicle_lane,25,1,safe:object_outside_vehicle_lane:25* | safe:object_at_safe_distance:20,Object is outside the vehicle lane and not an immediate collision threat.,,road_video_1.mp4:yolo11n:car:g10:6
92,3.068,bus,yolo11n,0.9438,12.48,width_fallback,9.639,1.382,0.025,505,231,652,336,False,SAFE,OBJECT OUTSIDE VEHICLE LANE,prolog,object_outside_vehicle_lane,25,1,safe:object_outside_vehicle_lane:25* | safe:object_at_safe_distance:20,Object is outside the vehicle lane and not an immediate collision threat.,,road_video_1.mp4:yolo11n:bus:g12:6
92,3.068,car,yolo11n,0.6932,45.68,width_fallback,8.953,3.637,0.0,479,274,507,304,False,SAFE,OBJECT OUTSIDE VEHICLE LANE,prolog,object_outside_vehicle_lane,25,1,safe:object_outside_vehicle_lane:25* | safe:object_at_safe_distance:20,Object is outside the vehicle lane and not an immediate collision threat.,,road_video_1.mp4:yolo11n:car:g11:6
92,3.068,person,yolo11n,0.6537,16.99,width_fallback,19.628,1.394,0.0,657,269,681,318,False,SAFE,OBJECT OUTSIDE VEHICLE LANE,prolog,object_outside_vehicle_lane,25,1,safe:object_outside_vehicle_lane:25* | safe:object_at_safe_distance:20,Object is outside the vehicle lane and not an immediate collision threat.,,road_video_1.mp4:yolo11n:person:g15:6
92,3.068,car,yolo11n,0.6447,33.65,width_fallback,9.266,5.017,0.0,419,271,458,306,False,SAFE,OBJECT OUTSIDE VEHICLE LANE,prolog,object_outside_vehicle_lane,25,1,safe:object_outside_vehicle_lane:25* | safe:object_at_safe_distance:20,Object is outside the vehicle lane and not an immediate collision threat.,,road_video_1.mp4:yolo11n:car:g10:6
93,3.101,bus,yolo11n,0.9369,12.2,width_fallback,9.382,1.345,0.025,506,231,656,337,False,SAFE,OBJECT OUTSIDE VEHICLE LANE,prolog,object_outside_vehicle_lane,25,1,safe:object_outside_vehicle_lane:25* | safe:object_at_safe_distance:20,Object is outside the vehicle lane and not an immediate collision threat.,,road_video_1.mp4:yolo11n:bus:g12:6
93,3.101,car,yolo11n,0.7195,45.44,width_fallback,1.328,17.398,0.0,479,275,507,305,False,SAFE,OBJECT OUTSIDE VEHICLE LANE,prolog,object_outside_vehicle_lane,25,1,safe:object_outside_vehicle_lane:25* | safe:object_at_safe_distance:20,Object is outside the vehicle lane and not an immediate collision threat.,,road_video_1.mp4:yolo11n:car:g11:6
93,3.101,car,yolo11n,0.7023,33.48,width_fallback,9.996,4.267,0.0,420,271,458,305,False,SAFE,OBJECT OUTSIDE VEHICLE LANE,prolog,object_outside_vehicle_lane,25,1,safe:object_outside_vehicle_lane:25* | safe:object_at_safe_distance:20,Object is outside the vehicle lane and not an immediate collision threat.,,road_video_1.mp4:yolo11n:car:g10:6
93,3.101,person,yolo11n,0.6768,16.37,width_fallback,19.11,1.152,0.0,661,270,684,318,False,SAFE,OBJECT OUTSIDE VEHICLE LANE,prolog,object_outside_vehicle_lane,25,1,safe:object_outside_vehicle_lane:25* | safe:object_at_safe_distance:20,Object is outside the vehicle lane and not an immediate collision threat.,,road_video_1.mp4:yolo11n:person:g15:6
93,3.101,bus,yolo11n,0.5696,11.35,width_fallback,0.0,,0.0,675,222,847,337,False,SAFE,OBJECT OUTSIDE VEHICLE LANE,prolog,object_outside_vehicle_lane,25,1,safe:object_outside_vehicle_lane:25* | safe:object_at_safe_distance:20,Object is outside the vehicle lane and not an immediate collision threat.,,road_video_1.mp4:yolo11n:bus:g16:5
94,3.135,bus,yolo11n,0.9382,11.9,width_fallback,9.468,1.305,0.031,506,231,660,338,False,SAFE,OBJECT OUTSIDE VEHICLE LANE,prolog,object_outside_vehicle_lane,25,1,safe:object_outside_vehicle_lane:25* | safe:object_at_safe_distance:20,Object is outside the vehicle lane and not an immediate collision threat.,,road_video_1.mp4:yolo11n:bus:g12:6
94,3.135,car,yolo11n,0.7253,44.74,width_fallback,0.0,,0.0,480,275,509,305,False,SAFE,OBJECT OUTSIDE VEHICLE LANE,prolog,object_outside_vehicle_lane,25,1,safe:object_outside_vehicle_lane:25* | safe:object_at_safe_distance:20,Object is outside the vehicle lane and not an immediate collision threat.,,road_video_1.mp4:yolo11n:car:g11:6
94,3.135,car,yolo11n,0.7036,33.37,width_fallback,9.796,3.88,0.0,420,271,458,305,False,SAFE,OBJECT OUTSIDE VEHICLE LANE,prolog,object_outside_vehicle_lane,25,1,safe:object_outside_vehicle_lane:25* | safe:object_at_safe_distance:20,Object is outside the vehicle lane and not an immediate collision threat.,,road_video_1.mp4:yolo11n:car:g10:6
94,3.135,bus,yolo11n,0.6764,10.98,width_fallback,0.0,,0.0,674,221,844,336,False,SAFE,OBJECT OUTSIDE VEHICLE LANE,prolog,object_outside_vehicle_lane,25,1,safe:object_outside_vehicle_lane:25* | safe:object_at_safe_distance:20,Object is outside the vehicle lane and not an immediate collision threat.,,road_video_1.mp4:yolo11n:bus:g16:5
95,3.168,bus,yolo11n,0.916,11.57,width_fallback,9.468,1.268,0.031,507,230,667,339,False,SAFE,OBJECT OUTSIDE VEHICLE LANE,prolog,object_outside_vehicle_lane,25,1,safe:object_outside_vehicle_lane:25* | safe:object_at_safe_distance:20,Object is outside the vehicle lane and not an immediate collision threat.,,road_video_1.mp4:yolo11n:bus:g12:6
95,3.168,bus,yolo11n,0.8015,10.81,width_fallback,0.0,,0.0,680,220,847,340,False,SAFE,OBJECT OUTSIDE VEHICLE LANE,prolog,object_outside_vehicle_lane,25,1,safe:object_outside_vehicle_lane:25* | safe:object_at_safe_distance:20,Object is outside the vehicle lane and not an immediate collision threat.,,road_video_1.mp4:yolo11n:bus:g16:5
95,3.168,car,yolo11n,0.7241,44.29,width_fallback,5.355,13.291,0.0,480,275,509,305,False,SAFE,OBJECT OUTSIDE VEHICLE LANE,prolog,object_outside_vehicle_lane,25,1,safe:object_outside_vehicle_lane:25* | safe:object_at_safe_distance:20,Object is outside the vehicle lane and not an immediate collision threat.,,road_video_1.mp4:yolo11n:car:g11:6
95,3.168,car,yolo11n,0.7084,33.0,width_fallback,10.662,3.526,0.0,420,271,459,305,False,SAFE,OBJECT OUTSIDE VEHICLE LANE,prolog,object_outside_vehicle_lane,25,1,safe:object_outside_vehicle_lane:25* | safe:object_at_safe_distance:20,Object is outside the vehicle lane and not an immediate collision threat.,,road_video_1.mp4:yolo11n:car:g10:6
96,3.201,bus,yolo11n,0.9014,11.3,width_fallback,9.382,1.239,0.025,509,229,671,340,False,SAFE,OBJECT OUTSIDE VEHICLE LANE,prolog,object_outside_vehicle_lane,25,1,safe:object_outside_vehicle_lane:25* | safe:object_at_safe_distance:20,Object is outside the vehicle lane and not an immediate collision threat.,,road_video_1.mp4:yolo11n:bus:g12:6
96,3.201,car,yolo11n,0.7049,44.0,width_fallback,10.967,9.115,0.0,481,276,510,305,False,SAFE,OBJECT OUTSIDE VEHICLE LANE,prolog,object_outside_vehicle_lane,25,1,safe:object_outside_vehicle_lane:25* | safe:object_at_safe_distance:20,Object is outside the vehicle lane and not an immediate collision threat.,,road_video_1.mp4:yolo11n:car:g11:6
96,3.201,car,yolo11n,0.6927,32.76,width_fallback,12.462,3.123,0.0,420,271,459,305,False,SAFE,OBJECT OUTSIDE VEHICLE LANE,prolog,object_outside_vehicle_lane,25,1,safe:object_outside_vehicle_lane:25* | safe:object_at_safe_distance:20,Object is outside the vehicle lane and not an immediate collision threat.,,road_video_1.mp4:yolo11n:car:g10:6
96,3.201,bus,yolo11n,0.6556,10.76,width_fallback,5.898,1.824,0.0,683,218,847,342,False,SAFE,OBJECT OUTSIDE VEHICLE LANE,prolog,object_outside_vehicle_lane,25,1,safe:object_outside_vehicle_lane:25* | safe:object_at_safe_distance:20,Object is outside the vehicle lane and not an immediate collision threat.,,road_video_1.mp4:yolo11n:bus:g16:5
96,3.201,person,yolo11n,0.5607,15.74,width_fallback,17.577,1.037,0.0,670,268,694,319,False,SAFE,OBJECT OUTSIDE VEHICLE LANE,prolog,object_outside_vehicle_lane,25,1,safe:object_outside_vehicle_lane:25* | safe:object_at_safe_distance:20,Object is outside the vehicle lane and not an immediate collision threat.,,road_video_1.mp4:yolo11n:person:g15:6
97,3.235,bus,yolo11n,0.8752,11.1,width_fallback,8.739,1.253,0.026,511,229,674,341,False,SAFE,OBJECT OUTSIDE VEHICLE LANE,prolog,object_outside_vehicle_lane,25,1,safe:object_outside_vehicle_lane:25* | safe:object_at_safe_distance:20,Object is outside the vehicle lane and not an immediate collision threat.,,road_video_1.mp4:yolo11n:bus:g12:6
97,3.235,bus,yolo11n,0.7666,10.85,width_fallback,3.748,2.306,0.0,688,218,847,337,False,SAFE,OBJECT OUTSIDE VEHICLE LANE,prolog,object_outside_vehicle_lane,25,1,safe:object_outside_vehicle_lane:25* | safe:object_at_safe_distance:20,Object is outside the vehicle lane and not an immediate collision threat.,,road_video_1.mp4:yolo11n:bus:g16:5
97,3.235,car,yolo11n,0.6778,43.81,width_fallback,11.952,6.663,0.0,483,277,512,304,False,SAFE,OBJECT OUTSIDE VEHICLE LANE,prolog,object_outside_vehicle_lane,25,1,safe:object_outside_vehicle_lane:25* | safe:object_at_safe_distance:20,Object is outside the vehicle lane and not an immediate collision threat.,,road_video_1.mp4:yolo11n:car:g11:6
97,3.235,car,yolo11n,0.664,32.6,width_fallback,8.13,3.522,0.0,420,271,459,305,False,SAFE,OBJECT OUTSIDE VEHICLE LANE,prolog,object_outside_vehicle_lane,25,1,safe:object_outside_vehicle_lane:25* | safe:object_at_safe_distance:20,Object is outside the vehicle lane and not an immediate collision threat.,,road_video_1.mp4:yolo11n:car:g10:6
98,3.268,bus,yolo11n,0.8602,10.93,width_fallback,8.011,1.303,0.028,513,228,678,343,False,SAFE,OBJECT OUTSIDE VEHICLE LANE,prolog,object_outside_vehicle_lane,25,1,safe:object_outside_vehicle_lane:25* | safe:object_at_safe_distance:20,Object is outside the vehicle lane and not an immediate collision threat.,,road_video_1.mp4:yolo11n:bus:g12:6
98,3.268,car,yolo11n,0.7085,43.17,width_fallback,12.295,5.245,0.0,483,277,513,304,False,SAFE,OBJECT OUTSIDE VEHICLE LANE,prolog,object_outside_vehicle_lane,25,1,safe:object_outside_vehicle_lane:25* | safe:object_at_safe_distance:20,Object is outside the vehicle lane and not an immediate collision threat.,,road_video_1.mp4:yolo11n:car:g11:6
98,3.268,car,yolo11n,0.6354,32.8,width_fallback,6.769,4.118,0.0,421,271,459,305,False,SAFE,OBJECT OUTSIDE VEHICLE LANE,prolog,object_outside_vehicle_lane,25,1,safe:object_outside_vehicle_lane:25* | safe:object_at_safe_distance:20,Object is outside the vehicle lane and not an immediate collision threat.,,road_video_1.mp4:yolo11n:car:g10:6
98,3.268,bus,yolo11n,0.5444,10.9,width_fallback,2.699,3.086,0.0,688,217,847,343,False,SAFE,OBJECT OUTSIDE VEHICLE LANE,prolog,object_outside_vehicle_lane,25,1,safe:object_outside_vehicle_lane:25* | safe:object_at_safe_distance:20,Object is outside the vehicle lane and not an immediate collision threat.,,road_video_1.mp4:yolo11n:bus:g16:5
99,3.301,bus,yolo11n,0.8694,10.73,width_fallback,7.497,1.361,0.025,516,226,685,345,False,SAFE,OBJECT OUTSIDE VEHICLE LANE,prolog,object_outside_vehicle_lane,25,1,safe:object_outside_vehicle_lane:25* | safe:object_at_safe_distance:20,Object is outside the vehicle lane and not an immediate collision threat.,,road_video_1.mp4:yolo11n:bus:g12:6
99,3.301,car,yolo11n,0.7119,41.85,width_fallback,16.408,4.032,0.0,482,276,514,305,False,SAFE,OBJECT OUTSIDE VEHICLE LANE,prolog,object_outside_vehicle_lane,25,1,safe:object_outside_vehicle_lane:25* | safe:object_at_safe_distance:20,Object is outside the vehicle lane and not an immediate collision threat.,,road_video_1.mp4:yolo11n:car:g11:6
99,3.301,car,yolo11n,0.6754,32.92,width_fallback,3.127,7.002,0.0,421,271,459,305,False,SAFE,OBJECT OUTSIDE VEHICLE LANE,prolog,object_outside_vehicle_lane,25,1,safe:object_outside_vehicle_lane:25* | safe:object_at_safe_distance:20,Object is outside the vehicle lane and not an immediate collision threat.,,road_video_1.mp4:yolo11n:car:g10:6
100,3.335,bus,yolo11n,0.8248,10.48,width_fallback,7.368,1.388,0.029,515,223,690,345,False,SAFE,OBJECT OUTSIDE VEHICLE LANE,prolog,object_outside_vehicle_lane,25,1,safe:object_outside_vehicle_lane:25* | safe:object_at_safe_distance:20,Object is outside the vehicle lane and not an immediate collision threat.,,road_video_1.mp4:yolo11n:bus:g12:6
100,3.335,car,yolo11n,0.707,40.56,width_fallback,20.906,3.091,0.0,482,276,515,305,False,SAFE,OBJECT OUTSIDE VEHICLE LANE,prolog,object_outside_vehicle_lane,25,1,safe:object_outside_vehicle_lane:25* | safe:object_at_safe_distance:20,Object is outside the vehicle lane and not an immediate collision threat.,,road_video_1.mp4:yolo11n:car:g11:6
100,3.335,car,yolo11n,0.6817,32.71,width_fallback,3.299,8.313,0.0,421,271,460,305,False,SAFE,OBJECT OUTSIDE VEHICLE LANE,prolog,object_outside_vehicle_lane,25,1,safe:object_outside_vehicle_lane:25* | safe:object_at_safe_distance:20,Object is outside the vehicle lane and not an immediate collision threat.,,road_video_1.mp4:yolo11n:car:g10:6
101,3.368,bus,yolo11n,0.8696,10.23,width_fallback,7.154,1.407,0.021,516,222,695,346,False,SAFE,OBJECT OUTSIDE VEHICLE LANE,prolog,object_outside_vehicle_lane,25,1,safe:object_outside_vehicle_lane:25* | safe:object_at_safe_distance:20,Object is outside the vehicle lane and not an immediate collision threat.,,road_video_1.mp4:yolo11n:bus:g12:6
101,3.368,car,yolo11n,0.7149,32.87,width_fallback,2.142,11.478,0.0,422,271,460,305,False,SAFE,OBJECT OUTSIDE VEHICLE LANE,prolog,object_outside_vehicle_lane,25,1,safe:object_outside_vehicle_lane:25* | safe:object_at_safe_distance:20,Object is outside the vehicle lane and not an immediate collision threat.,,road_video_1.mp4:yolo11n:car:g10:6
101,3.368,car,yolo11n,0.7068,39.34,width_fallback,23.133,2.465,0.0,482,276,516,305,False,SAFE,OBJECT OUTSIDE VEHICLE LANE,prolog,object_outside_vehicle_lane,25,1,safe:object_outside_vehicle_lane:25* | safe:object_at_safe_distance:20,Object is outside the vehicle lane and not an immediate collision threat.,,road_video_1.mp4:yolo11n:car:g11:6
102,3.401,bus,yolo11n,0.8775,10.0,width_fallback,6.726,1.443,0.023,517,222,700,348,False,SAFE,OBJECT OUTSIDE VEHICLE LANE,prolog,object_outside_vehicle_lane,25,1,safe:object_outside_vehicle_lane:25* | safe:object_at_safe_distance:20,Object is outside the vehicle lane and not an immediate collision threat.,,road_video_1.mp4:yolo11n:bus:g12:6
102,3.401,car,yolo11n,0.7119,38.17,width_fallback,26.218,2.011,0.0,483,276,518,305,False,SAFE,OBJECT OUTSIDE VEHICLE LANE,prolog,object_outside_vehicle_lane,25,1,safe:object_outside_vehicle_lane:25* | safe:object_at_safe_distance:20,Object is outside the vehicle lane and not an immediate collision threat.,,road_video_1.mp4:yolo11n:car:g11:6
102,3.401,car,yolo11n,0.6822,32.67,width_fallback,1.414,16.712,0.0,422,271,461,305,False,SAFE,OBJECT OUTSIDE VEHICLE LANE,prolog,object_outside_vehicle_lane,25,1,safe:object_outside_vehicle_lane:25* | safe:object_at_safe_distance:20,Object is outside the vehicle lane and not an immediate collision threat.,,road_video_1.mp4:yolo11n:car:g10:6
102,3.401,bus,yolo11n,0.6438,11.37,width_fallback,0.0,,0.0,704,216,847,333,False,SAFE,OBJECT OUTSIDE VEHICLE LANE,prolog,object_outside_vehicle_lane,25,1,safe:object_outside_vehicle_lane:25* | safe:object_at_safe_distance:20,Object is outside the vehicle lane and not an immediate collision threat.,,road_video_1.mp4:yolo11n:bus:g16:5
103,3.435,bus,yolo11n,0.8719,9.76,width_fallback,6.597,1.459,0.023,517,218,705,349,False,SAFE,OBJECT OUTSIDE VEHICLE LANE,prolog,object_outside_vehicle_lane,25,1,safe:object_outside_vehicle_lane:25* | safe:object_at_safe_distance:20,Object is outside the vehicle lane and not an immediate collision threat.,,road_video_1.mp4:yolo11n:bus:g12:6
103,3.435,car,yolo11n,0.7238,37.78,width_fallback,26.646,1.744,0.0,484,276,518,306,False,SAFE,OBJECT OUTSIDE VEHICLE LANE,prolog,object_outside_vehicle_lane,25,1,safe:object_outside_vehicle_lane:25* | safe:object_at_safe_distance:20,Object is outside the vehicle lane and not an immediate collision threat.,,road_video_1.mp4:yolo11n:car:g11:6
103,3.435,car,yolo11n,0.7014,32.55,width_fallback,0.9,25.473,0.0,422,271,461,305,False,SAFE,OBJECT OUTSIDE VEHICLE LANE,prolog,object_outside_vehicle_lane,25,1,safe:object_outside_vehicle_lane:25* | safe:object_at_safe_distance:20,Object is outside the vehicle lane and not an immediate collision threat.,,road_video_1.mp4:yolo11n:car:g10:6
103,3.435,bus,yolo11n,0.6962,11.8,width_fallback,0.0,,0.0,708,215,847,334,False,SAFE,OBJECT OUTSIDE VEHICLE LANE,prolog,object_outside_vehicle_lane,25,1,safe:object_outside_vehicle_lane:25* | safe:object_at_safe_distance:20,Object is outside the vehicle lane and not an immediate collision threat.,,road_video_1.mp4:yolo11n:bus:g16:5
104,3.468,bus,yolo11n,0.8823,9.53,width_fallback,6.726,1.44,0.024,519,219,711,350,False,SAFE,OBJECT OUTSIDE VEHICLE LANE,prolog,object_outside_vehicle_lane,25,1,safe:object_outside_vehicle_lane:25* | safe:object_at_safe_distance:20,Object is outside the vehicle lane and not an immediate collision threat.,,road_video_1.mp4:yolo11n:bus:g12:6
104,3.468,car,yolo11n,0.734,37.92,width_fallback,25.232,1.636,0.0,486,277,519,307,False,SAFE,OBJECT OUTSIDE VEHICLE LANE,prolog,object_outside_vehicle_lane,25,1,safe:object_outside_vehicle_lane:25* | safe:object_at_safe_distance:20,Object is outside the vehicle lane and not an immediate collision threat.,,road_video_1.mp4:yolo11n:car:g11:6
104,3.468,car,yolo11n,0.7081,32.18,width_fallback,1.799,22.059,0.0,422,271,462,305,False,SAFE,OBJECT OUTSIDE VEHICLE LANE,prolog,object_outside_vehicle_lane,25,1,safe:object_outside_vehicle_lane:25* | safe:object_at_safe_distance:20,Object is outside the vehicle lane and not an immediate collision threat.,,road_video_1.mp4:yolo11n:car:g10:6
105,3.501,bus,yolo11n,0.8877,9.29,width_fallback,7.026,1.387,0.025,520,216,718,352,False,SAFE,OBJECT OUTSIDE VEHICLE LANE,prolog,object_outside_vehicle_lane,25,1,safe:object_outside_vehicle_lane:25* | safe:object_at_safe_distance:20,Object is outside the vehicle lane and not an immediate collision threat.,,road_video_1.mp4:yolo11n:bus:g12:6
105,3.501,car,yolo11n,0.753,37.25,width_fallback,25.361,1.56,0.0,486,277,521,308,False,SAFE,OBJECT OUTSIDE VEHICLE LANE,prolog,object_outside_vehicle_lane,25,1,safe:object_outside_vehicle_lane:25* | safe:object_at_safe_distance:20,Object is outside the vehicle lane and not an immediate collision threat.,,road_video_1.mp4:yolo11n:car:g11:6
105,3.501,car,yolo11n,0.7037,32.23,width_fallback,2.442,18.072,0.0,423,271,462,305,False,SAFE,OBJECT OUTSIDE VEHICLE LANE,prolog,object_outside_vehicle_lane,25,1,safe:object_outside_vehicle_lane:25* | safe:object_at_safe_distance:20,Object is outside the vehicle lane and not an immediate collision threat.,,road_video_1.mp4:yolo11n:car:g10:6
106,3.535,bus,yolo11n,0.8863,9.05,width_fallback,7.197,1.329,0.034,520,216,723,355,False,SAFE,OBJECT OUTSIDE VEHICLE LANE,prolog,object_outside_vehicle_lane,25,1,safe:object_outside_vehicle_lane:25* | safe:object_at_safe_distance:20,Object is outside the vehicle lane and not an immediate collision threat.,,road_video_1.mp4:yolo11n:bus:g12:6
106,3.535,car,yolo11n,0.7791,37.18,width_fallback,20.006,1.695,0.0,487,276,521,308,False,SAFE,OBJECT OUTSIDE VEHICLE LANE,prolog,object_outside_vehicle_lane,25,1,safe:object_outside_vehicle_lane:25* | safe:object_at_safe_distance:20,Object is outside the vehicle lane and not an immediate collision threat.,,road_video_1.mp4:yolo11n:car:g11:6
106,3.535,car,yolo11n,0.7115,32.25,width_fallback,2.87,14.996,0.0,424,270,463,305,False,SAFE,OBJECT OUTSIDE VEHICLE LANE,prolog,object_outside_vehicle_lane,25,1,safe:object_outside_vehicle_lane:25* | safe:object_at_safe_distance:20,Object is outside the vehicle lane and not an immediate collision threat.,,road_video_1.mp4:yolo11n:car:g10:6
106,3.535,person,yolo11n,0.5289,22.82,width_fallback,0.0,,0.0,722,279,738,327,False,SAFE,OBJECT OUTSIDE VEHICLE LANE,prolog,object_outside_vehicle_lane,25,1,safe:object_outside_vehicle_lane:25* | safe:object_at_safe_distance:20,Object is outside the vehicle lane and not an immediate collision threat.,,road_video_1.mp4:yolo11n:person:g17:6
107,3.568,bus,yolo11n,0.8988,8.81,width_fallback,7.154,1.285,0.034,523,215,732,356,False,SAFE,OBJECT OUTSIDE VEHICLE LANE,prolog,object_outside_vehicle_lane,25,1,safe:object_outside_vehicle_lane:25* | safe:object_at_safe_distance:20,Object is outside the vehicle lane and not an immediate collision threat.,,road_video_1.mp4:yolo11n:bus:g12:6
107,3.568,car,yolo11n,0.7487,36.77,width_fallback,16.236,1.951,0.0,487,276,522,309,False,SAFE,OBJECT OUTSIDE VEHICLE LANE,prolog,object_outside_vehicle_lane,25,1,safe:object_outside_vehicle_lane:25* | safe:object_at_safe_distance:20,Object is outside the vehicle lane and not an immediate collision threat.,,road_video_1.mp4:yolo11n:car:g11:6
107,3.568,car,yolo11n,0.6917,32.57,width_fallback,0.6,32.685,0.0,425,270,463,305,False,SAFE,OBJECT OUTSIDE VEHICLE LANE,prolog,object_outside_vehicle_lane,25,1,safe:object_outside_vehicle_lane:25* | safe:object_at_safe_distance:20,Object is outside the vehicle lane and not an immediate collision threat.,,road_video_1.mp4:yolo11n:car:g10:6
108,3.601,bus,yolo11n,0.8797,8.53,width_fallback,7.283,1.234,0.038,523,212,742,358,False,SAFE,OBJECT OUTSIDE VEHICLE LANE,prolog,object_outside_vehicle_lane,25,1,safe:object_outside_vehicle_lane:25* | safe:object_at_safe_distance:20,Object is outside the vehicle lane and not an immediate collision threat.,,road_video_1.mp4:yolo11n:bus:g12:6
108,3.601,car,yolo11n,0.7437,36.87,width_fallback,10.581,2.641,0.0,489,277,523,309,False,SAFE,OBJECT OUTSIDE VEHICLE LANE,prolog,object_outside_vehicle_lane,25,1,safe:object_outside_vehicle_lane:25* | safe:object_at_safe_distance:20,Object is outside the vehicle lane and not an immediate collision threat.,,road_video_1.mp4:yolo11n:car:g11:6
108,3.601,car,yolo11n,0.7297,32.78,width_fallback,0.386,56.236,0.0,425,270,463,305,False,SAFE,OBJECT OUTSIDE VEHICLE LANE,prolog,object_outside_vehicle_lane,25,1,safe:object_outside_vehicle_lane:25* | safe:object_at_safe_distance:20,Object is outside the vehicle lane and not an immediate collision threat.,,road_video_1.mp4:yolo11n:car:g10:6
109,3.635,bus,yolo11n,0.9005,8.31,width_fallback,7.24,1.195,0.039,524,210,745,360,False,SAFE,OBJECT OUTSIDE VEHICLE LANE,prolog,object_outside_vehicle_lane,25,1,safe:object_outside_vehicle_lane:25* | safe:object_at_safe_distance:20,Object is outside the vehicle lane and not an immediate collision threat.,,road_video_1.mp4:yolo11n:bus:g12:6
109,3.635,car,yolo11n,0.7109,33.22,width_fallback,0.0,,0.0,426,270,463,305,False,SAFE,OBJECT OUTSIDE VEHICLE LANE,prolog,object_outside_vehicle_lane,25,1,safe:object_outside_vehicle_lane:25* | safe:object_at_safe_distance:20,Object is outside the vehicle lane and not an immediate collision threat.,,road_video_1.mp4:yolo11n:car:g10:6
109,3.635,car,yolo11n,0.7078,36.57,width_fallback,6.854,3.854,0.0,489,277,524,309,False,SAFE,OBJECT OUTSIDE VEHICLE LANE,prolog,object_outside_vehicle_lane,25,1,safe:object_outside_vehicle_lane:25* | safe:object_at_safe_distance:20,Object is outside the vehicle lane and not an immediate collision threat.,,road_video_1.mp4:yolo11n:car:g11:6
110,3.668,bus,yolo11n,0.9065,8.06,width_fallback,7.283,1.155,0.049,522,207,753,363,False,SAFE,OBJECT OUTSIDE VEHICLE LANE,prolog,object_outside_vehicle_lane,25,1,safe:object_outside_vehicle_lane:25* | safe:object_at_safe_distance:20,Object is outside the vehicle lane and not an immediate collision threat.,,road_video_1.mp4:yolo11n:bus:g12:6
110,3.668,car,yolo11n,0.7121,36.37,width_fallback,6.04,4.829,0.0,490,277,525,309,False,SAFE,OBJECT OUTSIDE VEHICLE LANE,prolog,object_outside_vehicle_lane,25,1,safe:object_outside_vehicle_lane:25* | safe:object_at_safe_distance:20,Object is outside the vehicle lane and not an immediate collision threat.,,road_video_1.mp4:yolo11n:car:g11:6
110,3.668,car,yolo11n,0.674,33.51,width_fallback,0.0,,0.0,426,271,463,305,False,SAFE,OBJECT OUTSIDE VEHICLE LANE,prolog,object_outside_vehicle_lane,25,1,safe:object_outside_vehicle_lane:25* | safe:object_at_safe_distance:20,Object is outside the vehicle lane and not an immediate collision threat.,,road_video_1.mp4:yolo11n:car:g10:6
111,3.702,bus,yolo11n,0.9,7.81,width_fallback,7.368,1.112,0.058,524,206,762,366,False,SAFE,OBJECT OUTSIDE VEHICLE LANE,prolog,object_outside_vehicle_lane,25,1,safe:object_outside_vehicle_lane:25* | safe:object_at_safe_distance:20,Object is outside the vehicle lane and not an immediate collision threat.,,road_video_1.mp4:yolo11n:bus:g12:6
111,3.702,car,yolo11n,0.708,36.24,width_fallback,7.197,4.922,0.0,492,278,527,309,False,SAFE,OBJECT OUTSIDE VEHICLE LANE,prolog,object_outside_vehicle_lane,25,1,safe:object_outside_vehicle_lane:25* | safe:object_at_safe_distance:20,Object is outside the vehicle lane and not an immediate collision threat.,,road_video_1.mp4:yolo11n:car:g11:6
111,3.702,car,yolo11n,0.6708,33.7,width_fallback,0.0,,0.0,427,271,464,305,False,SAFE,OBJECT OUTSIDE VEHICLE LANE,prolog,object_outside_vehicle_lane,25,1,safe:object_outside_vehicle_lane:25* | safe:object_at_safe_distance:20,Object is outside the vehicle lane and not an immediate collision threat.,,road_video_1.mp4:yolo11n:car:g10:6
112,3.735,bus,yolo11n,0.9071,7.59,width_fallback,7.283,1.081,0.056,526,206,770,367,False,SAFE,OBJECT OUTSIDE VEHICLE LANE,prolog,object_outside_vehicle_lane,25,1,safe:object_outside_vehicle_lane:25* | safe:object_at_safe_distance:20,Object is outside the vehicle lane and not an immediate collision threat.,,road_video_1.mp4:yolo11n:bus:g12:6
112,3.735,car,yolo11n,0.7545,35.47,width_fallback,7.625,4.8,0.0,492,279,529,309,False,SAFE,OBJECT OUTSIDE VEHICLE LANE,prolog,object_outside_vehicle_lane,25,1,safe:object_outside_vehicle_lane:25* | safe:object_at_safe_distance:20,Object is outside the vehicle lane and not an immediate collision threat.,,road_video_1.mp4:yolo11n:car:g11:6
112,3.735,car,yolo11n,0.7464,33.51,width_fallback,0.0,,0.0,426,271,464,305,False,SAFE,OBJECT OUTSIDE VEHICLE LANE,prolog,object_outside_vehicle_lane,25,1,safe:object_outside_vehicle_lane:25* | safe:object_at_safe_distance:20,Object is outside the vehicle lane and not an immediate collision threat.,,road_video_1.mp4:yolo11n:car:g10:6
113,3.768,bus,yolo11n,0.9113,7.4,width_fallback,7.069,1.066,0.053,529,202,777,368,False,SAFE,OBJECT OUTSIDE VEHICLE LANE,prolog,object_outside_vehicle_lane,25,1,safe:object_outside_vehicle_lane:25* | safe:object_at_safe_distance:20,Object is outside the vehicle lane and not an immediate collision threat.,,road_video_1.mp4:yolo11n:bus:g12:6
113,3.768,car,yolo11n,0.7638,34.66,width_fallback,10.796,4.085,0.0,492,278,530,310,False,SAFE,OBJECT OUTSIDE VEHICLE LANE,prolog,object_outside_vehicle_lane,25,1,safe:object_outside_vehicle_lane:25* | safe:object_at_safe_distance:20,Object is outside the vehicle lane and not an immediate collision threat.,,road_video_1.mp4:yolo11n:car:g11:6
113,3.768,car,yolo11n,0.6565,33.39,width_fallback,0.0,,0.0,427,271,465,305,False,SAFE,OBJECT OUTSIDE VEHICLE LANE,prolog,object_outside_vehicle_lane,25,1,safe:object_outside_vehicle_lane:25* | safe:object_at_safe_distance:20,Object is outside the vehicle lane and not an immediate collision threat.,,road_video_1.mp4:yolo11n:car:g10:6
114,3.802,bus,yolo11n,0.9037,7.21,width_fallback,6.854,1.059,0.059,529,199,785,371,False,SAFE,OBJECT OUTSIDE VEHICLE LANE,prolog,object_outside_vehicle_lane,25,1,safe:object_outside_vehicle_lane:25* | safe:object_at_safe_distance:20,Object is outside the vehicle lane and not an immediate collision threat.,,road_video_1.mp4:yolo11n:bus:g12:6
114,3.802,car,yolo11n,0.7754,33.84,width_fallback,12.552,3.46,0.0,492,278,531,310,False,SAFE,OBJECT OUTSIDE VEHICLE LANE,prolog,object_outside_vehicle_lane,25,1,safe:object_outside_vehicle_lane:25* | safe:object_at_safe_distance:20,Object is outside the vehicle lane and not an immediate collision threat.,,road_video_1.mp4:yolo11n:car:g11:6
114,3.802,car,yolo11n,0.6384,33.62,width_fallback,0.0,,0.0,427,271,464,305,False,SAFE,OBJECT OUTSIDE VEHICLE LANE,prolog,object_outside_vehicle_lane,25,1,safe:object_outside_vehicle_lane:25* | safe:object_at_safe_distance:20,Object is outside the vehicle lane and not an immediate collision threat.,,road_video_1.mp4:yolo11n:car:g10:6
115,3.835,bus,yolo11n,0.9009,7.0,width_fallback,6.554,1.063,0.063,529,197,793,373,False,SAFE,OBJECT OUTSIDE VEHICLE LANE,prolog,object_outside_vehicle_lane,25,1,safe:object_outside_vehicle_lane:25* | safe:object_at_safe_distance:20,Object is outside the vehicle lane and not an immediate collision threat.,,road_video_1.mp4:yolo11n:bus:g12:6
115,3.835,car,yolo11n,0.7546,33.6,width_fallback,14.008,2.982,0.0,493,279,531,311,False,SAFE,OBJECT OUTSIDE VEHICLE LANE,prolog,object_outside_vehicle_lane,25,1,safe:object_outside_vehicle_lane:25* | safe:object_at_safe_distance:20,Object is outside the vehicle lane and not an immediate collision threat.,,road_video_1.mp4:yolo11n:car:g11:6
115,3.835,car,yolo11n,0.6965,33.77,width_fallback,0.0,,0.0,427,271,464,305,False,SAFE,OBJECT OUTSIDE VEHICLE LANE,prolog,object_outside_vehicle_lane,25,1,safe:object_outside_vehicle_lane:25* | safe:object_at_safe_distance:20,Object is outside the vehicle lane and not an immediate collision threat.,,road_video_1.mp4:yolo11n:car:g10:6
116,3.868,bus,yolo11n,0.9116,6.81,width_fallback,6.426,1.062,0.061,532,195,803,377,False,SAFE,OBJECT OUTSIDE VEHICLE LANE,prolog,object_outside_vehicle_lane,25,1,safe:object_outside_vehicle_lane:25* | safe:object_at_safe_distance:20,Object is outside the vehicle lane and not an immediate collision threat.,,road_video_1.mp4:yolo11n:bus:g12:6
116,3.868,car,yolo11n,0.7537,33.15,width_fallback,14.651,2.658,0.0,493,278,532,311,False,SAFE,OBJECT OUTSIDE VEHICLE LANE,prolog,object_outside_vehicle_lane,25,1,safe:object_outside_vehicle_lane:25* | safe:object_at_safe_distance:20,Object is outside the vehicle lane and not an immediate collision threat.,,road_video_1.mp4:yolo11n:car:g11:6
116,3.868,car,yolo11n,0.7411,33.87,width_fallback,0.0,,0.0,427,271,464,305,False,SAFE,OBJECT OUTSIDE VEHICLE LANE,prolog,object_outside_vehicle_lane,25,1,safe:object_outside_vehicle_lane:25* | safe:object_at_safe_distance:20,Object is outside the vehicle lane and not an immediate collision threat.,,road_video_1.mp4:yolo11n:car:g10:6
117,3.902,bus,yolo11n,0.9177,6.62,width_fallback,6.169,1.067,0.055,534,190,813,378,False,SAFE,OBJECT OUTSIDE VEHICLE LANE,prolog,object_outside_vehicle_lane,25,1,safe:object_outside_vehicle_lane:25* | safe:object_at_safe_distance:20,Object is outside the vehicle lane and not an immediate collision threat.,,road_video_1.mp4:yolo11n:bus:g12:6
117,3.902,car,yolo11n,0.752,32.3,width_fallback,17.436,2.296,0.0,492,277,533,311,False,SAFE,OBJECT OUTSIDE VEHICLE LANE,prolog,object_outside_vehicle_lane,25,1,safe:object_outside_vehicle_lane:25* | safe:object_at_safe_distance:20,Object is outside the vehicle lane and not an immediate collision threat.,,road_video_1.mp4:yolo11n:car:g11:6
117,3.902,car,yolo11n,0.6403,33.93,width_fallback,0.0,,0.0,427,270,464,306,False,SAFE,OBJECT OUTSIDE VEHICLE LANE,prolog,object_outside_vehicle_lane,25,1,safe:object_outside_vehicle_lane:25* | safe:object_at_safe_distance:20,Object is outside the vehicle lane and not an immediate collision threat.,,road_video_1.mp4:yolo11n:car:g10:6
118,3.935,bus,yolo11n,0.9288,6.43,width_fallback,5.912,1.076,0.066,534,188,823,383,False,SAFE,OBJECT OUTSIDE VEHICLE LANE,prolog,object_outside_vehicle_lane,25,1,safe:object_outside_vehicle_lane:25* | safe:object_at_safe_distance:20,Object is outside the vehicle lane and not an immediate collision threat.,,road_video_1.mp4:yolo11n:bus:g12:6
118,3.935,car,yolo11n,0.7914,31.5,width_fallback,20.306,1.961,0.0,493,278,535,312,False,SAFE,OBJECT OUTSIDE VEHICLE LANE,prolog,object_outside_vehicle_lane,25,1,safe:object_outside_vehicle_lane:25* | safe:object_at_safe_distance:20,Object is outside the vehicle lane and not an immediate collision threat.,,road_video_1.mp4:yolo11n:car:g11:6
118,3.935,car,yolo11n,0.6896,33.97,width_fallback,0.0,,0.0,427,270,464,306,False,SAFE,OBJECT OUTSIDE VEHICLE LANE,prolog,object_outside_vehicle_lane,25,1,safe:object_outside_vehicle_lane:25* | safe:object_at_safe_distance:20,Object is outside the vehicle lane and not an immediate collision threat.,,road_video_1.mp4:yolo11n:car:g10:6
119,3.968,bus,yolo11n,0.9162,6.2,width_fallback,5.955,1.06,0.078,532,184,834,386,False,SAFE,OBJECT OUTSIDE VEHICLE LANE,prolog,object_outside_vehicle_lane,25,1,safe:object_outside_vehicle_lane:25* | safe:object_at_safe_distance:20,Object is outside the vehicle lane and not an immediate collision threat.,,road_video_1.mp4:yolo11n:bus:g12:6
119,3.968,car,yolo11n,0.7817,31.23,width_fallback,18.164,1.852,0.0,494,278,535,313,False,SAFE,OBJECT OUTSIDE VEHICLE LANE,prolog,object_outside_vehicle_lane,25,1,safe:object_outside_vehicle_lane:25* | safe:object_at_safe_distance:20,Object is outside the vehicle lane and not an immediate collision threat.,,road_video_1.mp4:yolo11n:car:g11:6
119,3.968,car,yolo11n,0.6802,34.33,width_fallback,0.0,,0.0,428,270,464,306,False,SAFE,OBJECT OUTSIDE VEHICLE LANE,prolog,object_outside_vehicle_lane,25,1,safe:object_outside_vehicle_lane:25* | safe:object_at_safe_distance:20,Object is outside the vehicle lane and not an immediate collision threat.,,road_video_1.mp4:yolo11n:car:g10:6
120,4.002,bus,yolo11n,0.9184,5.98,width_fallback,6.083,1.026,0.079,533,183,847,389,False,SAFE,OBJECT OUTSIDE VEHICLE LANE,prolog,object_outside_vehicle_lane,25,1,safe:object_outside_vehicle_lane:25* | safe:object_at_safe_distance:20,Object is outside the vehicle lane and not an immediate collision threat.,,road_video_1.mp4:yolo11n:bus:g12:6
120,4.002,car,yolo11n,0.7552,30.8,width_fallback,16.536,1.857,0.0,495,278,537,313,False,SAFE,OBJECT OUTSIDE VEHICLE LANE,prolog,object_outside_vehicle_lane,25,1,safe:object_outside_vehicle_lane:25* | safe:object_at_safe_distance:20,Object is outside the vehicle lane and not an immediate collision threat.,,road_video_1.mp4:yolo11n:car:g11:6
120,4.002,car,yolo11n,0.6735,34.57,width_fallback,0.0,,0.0,428,270,464,306,False,SAFE,OBJECT OUTSIDE VEHICLE LANE,prolog,object_outside_vehicle_lane,25,1,safe:object_outside_vehicle_lane:25* | safe:object_at_safe_distance:20,Object is outside the vehicle lane and not an immediate collision threat.,,road_video_1.mp4:yolo11n:car:g10:6
121,4.035,bus,yolo11n,0.9242,5.87,width_fallback,5.74,1.024,0.083,537,180,847,393,False,SAFE,OBJECT OUTSIDE VEHICLE LANE,prolog,object_outside_vehicle_lane,25,1,safe:object_outside_vehicle_lane:25* | safe:object_at_safe_distance:20,Object is outside the vehicle lane and not an immediate collision threat.,,road_video_1.mp4:yolo11n:bus:g12:6
121,4.035,car,yolo11n,0.7372,30.27,width_fallback,15.294,1.912,0.0,495,278,538,314,False,SAFE,OBJECT OUTSIDE VEHICLE LANE,prolog,object_outside_vehicle_lane,25,1,safe:object_outside_vehicle_lane:25* | safe:object_at_safe_distance:20,Object is outside the vehicle lane and not an immediate collision threat.,,road_video_1.mp4:yolo11n:car:g11:6
121,4.035,car,yolo11n,0.7061,34.72,width_fallback,0.0,,0.0,428,270,464,307,False,SAFE,OBJECT OUTSIDE VEHICLE LANE,prolog,object_outside_vehicle_lane,25,1,safe:object_outside_vehicle_lane:25* | safe:object_at_safe_distance:20,Object is outside the vehicle lane and not an immediate collision threat.,,road_video_1.mp4:yolo11n:car:g10:6
122,4.068,bus,yolo11n,0.9065,5.81,width_fallback,5.098,1.076,0.081,541,178,847,395,False,SAFE,OBJECT OUTSIDE VEHICLE LANE,prolog,object_outside_vehicle_lane,25,1,safe:object_outside_vehicle_lane:25* | safe:object_at_safe_distance:20,Object is outside the vehicle lane and not an immediate collision threat.,,road_video_1.mp4:yolo11n:bus:g12:6
122,4.068,car,yolo11n,0.7643,29.7,width_fallback,16.707,1.852,0.0,496,278,540,314,False,SAFE,OBJECT OUTSIDE VEHICLE LANE,prolog,object_outside_vehicle_lane,25,1,safe:object_outside_vehicle_lane:25* | safe:object_at_safe_distance:20,Object is outside the vehicle lane and not an immediate collision threat.,,road_video_1.mp4:yolo11n:car:g11:6
122,4.068,car,yolo11n,0.6932,34.82,width_fallback,0.0,,0.0,428,271,464,307,False,SAFE,OBJECT OUTSIDE VEHICLE LANE,prolog,object_outside_vehicle_lane,25,1,safe:object_outside_vehicle_lane:25* | safe:object_at_safe_distance:20,Object is outside the vehicle lane and not an immediate collision threat.,,road_video_1.mp4:yolo11n:car:g10:6
123,4.102,bus,yolo11n,0.9179,5.78,width_fallback,4.412,1.181,0.093,541,173,847,401,False,SAFE,OBJECT OUTSIDE VEHICLE LANE,prolog,object_outside_vehicle_lane,25,1,safe:object_outside_vehicle_lane:25* | safe:object_at_safe_distance:20,Object is outside the vehicle lane and not an immediate collision threat.,,road_video_1.mp4:yolo11n:bus:g12:6
123,4.102,car,yolo11n,0.7853,29.33,width_fallback,16.365,1.825,0.0,497,278,541,314,False,SAFE,OBJECT OUTSIDE VEHICLE LANE,prolog,object_outside_vehicle_lane,25,1,safe:object_outside_vehicle_lane:25* | safe:object_at_safe_distance:20,Object is outside the vehicle lane and not an immediate collision threat.,,road_video_1.mp4:yolo11n:car:g11:6
123,4.102,car,yolo11n,0.699,34.88,width_fallback,0.0,,0.0,428,271,464,307,False,SAFE,OBJECT OUTSIDE VEHICLE LANE,prolog,object_outside_vehicle_lane,25,1,safe:object_outside_vehicle_lane:25* | safe:object_at_safe_distance:20,Object is outside the vehicle lane and not an immediate collision threat.,,road_video_1.mp4:yolo11n:car:g10:6
124,4.135,bus,yolo11n,0.9101,5.77,width_fallback,3.641,1.363,0.105,542,168,847,406,False,SAFE,OBJECT OUTSIDE VEHICLE LANE,prolog,object_outside_vehicle_lane,25,1,safe:object_outside_vehicle_lane:25* | safe:object_at_safe_distance:20,Object is outside the vehicle lane and not an immediate collision threat.,,road_video_1.mp4:yolo11n:bus:g12:6
124,4.135,car,yolo11n,0.788,29.32,width_fallback,12.766,2.037,0.0,499,278,542,314,False,SAFE,OBJECT OUTSIDE VEHICLE LANE,prolog,object_outside_vehicle_lane,25,1,safe:object_outside_vehicle_lane:25* | safe:object_at_safe_distance:20,Object is outside the vehicle lane and not an immediate collision threat.,,road_video_1.mp4:yolo11n:car:g11:6
124,4.135,car,yolo11n,0.7211,34.59,width_fallback,0.0,,0.0,428,271,465,307,False,SAFE,OBJECT OUTSIDE VEHICLE LANE,prolog,object_outside_vehicle_lane,25,1,safe:object_outside_vehicle_lane:25* | safe:object_at_safe_distance:20,Object is outside the vehicle lane and not an immediate collision threat.,,road_video_1.mp4:yolo11n:car:g10:6
125,4.168,bus,yolo11n,0.9053,5.77,width_fallback,2.827,1.668,0.115,544,163,847,411,False,SAFE,OBJECT OUTSIDE VEHICLE LANE,prolog,object_outside_vehicle_lane,25,1,safe:object_outside_vehicle_lane:25* | safe:object_at_safe_distance:20,Object is outside the vehicle lane and not an immediate collision threat.,,road_video_1.mp4:yolo11n:bus:g12:6
125,4.168,car,yolo11n,0.8062,29.08,width_fallback,10.367,2.383,0.0,499,278,543,315,False,SAFE,OBJECT OUTSIDE VEHICLE LANE,prolog,object_outside_vehicle_lane,25,1,safe:object_outside_vehicle_lane:25* | safe:object_at_safe_distance:20,Object is outside the vehicle lane and not an immediate collision threat.,,road_video_1.mp4:yolo11n:car:g11:6
125,4.168,car,yolo11n,0.7158,34.4,width_fallback,0.0,,0.0,428,271,465,307,False,SAFE,OBJECT OUTSIDE VEHICLE LANE,prolog,object_outside_vehicle_lane,25,1,safe:object_outside_vehicle_lane:25* | safe:object_at_safe_distance:20,Object is outside the vehicle lane and not an immediate collision threat.,,road_video_1.mp4:yolo11n:car:g10:6
126,4.202,bus,yolo11n,0.9183,5.77,width_fallback,1.842,2.327,0.119,544,161,847,413,False,SAFE,OBJECT OUTSIDE VEHICLE LANE,prolog,object_outside_vehicle_lane,25,1,safe:object_outside_vehicle_lane:25* | safe:object_at_safe_distance:20,Object is outside the vehicle lane and not an immediate collision threat.,,road_video_1.mp4:yolo11n:bus:g12:6
126,4.202,car,yolo11n,0.815,28.7,width_fallback,10.838,2.502,0.0,499,278,544,315,False,SAFE,OBJECT OUTSIDE VEHICLE LANE,prolog,object_outside_vehicle_lane,25,1,safe:object_outside_vehicle_lane:25* | safe:object_at_safe_distance:20,Object is outside the vehicle lane and not an immediate collision threat.,,road_video_1.mp4:yolo11n:car:g11:6
126,4.202,car,yolo11n,0.7504,34.28,width_fallback,0.214,102.948,0.0,428,271,465,307,False,SAFE,OBJECT OUTSIDE VEHICLE LANE,prolog,object_outside_vehicle_lane,25,1,safe:object_outside_vehicle_lane:25* | safe:object_at_safe_distance:20,Object is outside the vehicle lane and not an immediate collision threat.,,road_video_1.mp4:yolo11n:car:g10:6
127,4.235,bus,yolo11n,0.9142,5.79,width_fallback,0.814,4.481,0.131,547,158,847,419,False,SAFE,OBJECT OUTSIDE VEHICLE LANE,prolog,object_outside_vehicle_lane,25,1,safe:object_outside_vehicle_lane:25* | safe:object_at_safe_distance:20,Object is outside the vehicle lane and not an immediate collision threat.,,road_video_1.mp4:yolo11n:bus:g12:6
127,4.235,car,yolo11n,0.8165,45.41,width_fallback,0.0,,0.0,500,278,545,316,False,SAFE,OBJECT OUTSIDE VEHICLE LANE,prolog,object_outside_vehicle_lane,25,1,safe:object_outside_vehicle_lane:25* | safe:object_at_safe_distance:20,Object is outside the vehicle lane and not an immediate collision threat.,,road_video_1.mp4:yolo11n:car:g12:6
127,4.235,car,yolo11n,0.7517,34.53,width_fallback,0.171,147.3,0.0,429,271,465,306,False,SAFE,OBJECT OUTSIDE VEHICLE LANE,prolog,object_outside_vehicle_lane,25,1,safe:object_outside_vehicle_lane:25* | safe:object_at_safe_distance:20,Object is outside the vehicle lane and not an immediate collision threat.,,road_video_1.mp4:yolo11n:car:g10:6
128,4.268,bus,yolo11n,0.9032,5.81,width_fallback,0.257,12.636,0.135,548,132,847,425,False,SAFE,OBJECT OUTSIDE VEHICLE LANE,prolog,object_outside_vehicle_lane,25,1,safe:object_outside_vehicle_lane:25* | safe:object_at_safe_distance:20,Object is outside the vehicle lane and not an immediate collision threat.,,road_video_1.mp4:yolo11n:bus:g12:6
128,4.268,car,yolo11n,0.7953,40.24,width_fallback,0.0,,0.0,500,278,546,317,False,SAFE,OBJECT OUTSIDE VEHICLE LANE,prolog,object_outside_vehicle_lane,25,1,safe:object_outside_vehicle_lane:25* | safe:object_at_safe_distance:20,Object is outside the vehicle lane and not an immediate collision threat.,,road_video_1.mp4:yolo11n:car:g12:6
128,4.268,car,yolo11n,0.7348,34.36,width_fallback,1.542,91.041,0.0,428,271,465,306,False,SAFE,OBJECT OUTSIDE VEHICLE LANE,prolog,object_outside_vehicle_lane,25,1,safe:object_outside_vehicle_lane:25* | safe:object_at_safe_distance:20,Object is outside the vehicle lane and not an immediate collision threat.,,road_video_1.mp4:yolo11n:car:g10:6
129,4.302,bus,yolo11n,0.9225,5.85,width_fallback,0.0,,0.15,551,135,847,431,False,SAFE,OBJECT OUTSIDE VEHICLE LANE,prolog,object_outside_vehicle_lane,25,1,safe:object_outside_vehicle_lane:25* | safe:object_at_safe_distance:20,Object is outside the vehicle lane and not an immediate collision threat.,,road_video_1.mp4:yolo11n:bus:g12:6
129,4.302,car,yolo11n,0.7856,37.0,width_fallback,0.0,,0.0,501,277,548,317,False,SAFE,OBJECT OUTSIDE VEHICLE LANE,prolog,object_outside_vehicle_lane,25,1,safe:object_outside_vehicle_lane:25* | safe:object_at_safe_distance:20,Object is outside the vehicle lane and not an immediate collision threat.,,road_video_1.mp4:yolo11n:car:g12:6
129,4.302,car,yolo11n,0.7487,34.25,width_fallback,2.442,56.384,0.0,428,270,465,306,False,SAFE,OBJECT OUTSIDE VEHICLE LANE,prolog,object_outside_vehicle_lane,25,1,safe:object_outside_vehicle_lane:25* | safe:object_at_safe_distance:20,Object is outside the vehicle lane and not an immediate collision threat.,,road_video_1.mp4:yolo11n:car:g10:6
130,4.335,bus,yolo11n,0.9437,5.92,width_fallback,0.0,,0.139,558,131,847,434,False,SAFE,OBJECT OUTSIDE VEHICLE LANE,prolog,object_outside_vehicle_lane,25,1,safe:object_outside_vehicle_lane:25* | safe:object_at_safe_distance:20,Object is outside the vehicle lane and not an immediate collision threat.,,road_video_1.mp4:yolo11n:bus:g12:6
130,4.335,car,yolo11n,0.7724,33.05,width_fallback,0.0,,0.0,501,278,550,319,False,SAFE,OBJECT OUTSIDE VEHICLE LANE,prolog,object_outside_vehicle_lane,25,1,safe:object_outside_vehicle_lane:25* | safe:object_at_safe_distance:20,Object is outside the vehicle lane and not an immediate collision threat.,,road_video_1.mp4:yolo11n:car:g12:6
130,4.335,car,yolo11n,0.7651,33.87,width_fallback,4.327,34.534,0.0,428,270,466,306,False,SAFE,OBJECT OUTSIDE VEHICLE LANE,prolog,object_outside_vehicle_lane,25,1,safe:object_outside_vehicle_lane:25* | safe:object_at_safe_distance:20,Object is outside the vehicle lane and not an immediate collision threat.,,road_video_1.mp4:yolo11n:car:g10:6
131,4.368,bus,yolo11n,0.9317,5.98,width_fallback,0.0,,0.136,559,127,847,435,False,SAFE,OBJECT OUTSIDE VEHICLE LANE,prolog,object_outside_vehicle_lane,25,1,safe:object_outside_vehicle_lane:25* | safe:object_at_safe_distance:20,Object is outside the vehicle lane and not an immediate collision threat.,,road_video_1.mp4:yolo11n:bus:g12:6
131,4.368,car,yolo11n,0.7793,30.48,width_fallback,0.0,,0.0,502,278,551,319,False,SAFE,OBJECT OUTSIDE VEHICLE LANE,prolog,object_outside_vehicle_lane,25,1,safe:object_outside_vehicle_lane:25* | safe:object_at_safe_distance:20,Object is outside the vehicle lane and not an immediate collision threat.,,road_video_1.mp4:yolo11n:car:g12:6
131,4.368,car,yolo11n,0.746,33.93,width_fallback,2.827,24.394,0.0,429,270,466,306,False,SAFE,OBJECT OUTSIDE VEHICLE LANE,prolog,object_outside_vehicle_lane,25,1,safe:object_outside_vehicle_lane:25* | safe:object_at_safe_distance:20,Object is outside the vehicle lane and not an immediate collision threat.,,road_video_1.mp4:yolo11n:car:g10:6
132,4.402,bus,yolo11n,0.9293,6.02,width_fallback,0.0,,0.134,560,126,847,435,False,SAFE,OBJECT OUTSIDE VEHICLE LANE,prolog,object_outside_vehicle_lane,25,1,safe:object_outside_vehicle_lane:25* | safe:object_at_safe_distance:20,Object is outside the vehicle lane and not an immediate collision threat.,,road_video_1.mp4:yolo11n:bus:g12:6
132,4.402,car,yolo11n,0.8258,28.46,width_fallback,0.0,,0.0,502,277,553,319,False,SAFE,OBJECT OUTSIDE VEHICLE LANE,prolog,object_outside_vehicle_lane,25,1,safe:object_outside_vehicle_lane:25* | safe:object_at_safe_distance:20,Object is outside the vehicle lane and not an immediate collision threat.,,road_video_1.mp4:yolo11n:car:g12:6
132,4.402,car,yolo11n,0.7394,33.97,width_fallback,1.842,21.715,0.0,429,270,466,306,False,SAFE,OBJECT OUTSIDE VEHICLE LANE,prolog,object_outside_vehicle_lane,25,1,safe:object_outside_vehicle_lane:25* | safe:object_at_safe_distance:20,Object is outside the vehicle lane and not an immediate collision threat.,,road_video_1.mp4:yolo11n:car:g10:6
133,4.435,bus,yolo11n,0.9316,6.06,width_fallback,0.0,,0.141,562,134,847,437,False,SAFE,OBJECT OUTSIDE VEHICLE LANE,prolog,object_outside_vehicle_lane,25,1,safe:object_outside_vehicle_lane:25* | safe:object_at_safe_distance:20,Object is outside the vehicle lane and not an immediate collision threat.,,road_video_1.mp4:yolo11n:bus:g12:6
133,4.435,car,yolo11n,0.8569,27.15,width_fallback,0.0,,0.0,503,277,554,320,False,SAFE,OBJECT OUTSIDE VEHICLE LANE,prolog,object_outside_vehicle_lane,25,1,safe:object_outside_vehicle_lane:25* | safe:object_at_safe_distance:20,Object is outside the vehicle lane and not an immediate collision threat.,,road_video_1.mp4:yolo11n:car:g12:6
133,4.435,car,yolo11n,0.7448,33.69,width_fallback,2.528,17.941,0.0,428,269,466,307,False,SAFE,OBJECT OUTSIDE VEHICLE LANE,prolog,object_outside_vehicle_lane,25,1,safe:object_outside_vehicle_lane:25* | safe:object_at_safe_distance:20,Object is outside the vehicle lane and not an immediate collision threat.,,road_video_1.mp4:yolo11n:car:g10:6
134,4.469,bus,yolo11n,0.9216,6.11,width_fallback,0.0,,0.138,565,134,847,438,False,SAFE,OBJECT OUTSIDE VEHICLE LANE,prolog,object_outside_vehicle_lane,25,1,safe:object_outside_vehicle_lane:25* | safe:object_at_safe_distance:20,Object is outside the vehicle lane and not an immediate collision threat.,,road_video_1.mp4:yolo11n:bus:g12:6
134,4.469,car,yolo11n,0.8694,26.29,width_fallback,0.0,,0.0,504,277,555,320,False,SAFE,OBJECT OUTSIDE VEHICLE LANE,prolog,object_outside_vehicle_lane,25,1,safe:object_outside_vehicle_lane:25* | safe:object_at_safe_distance:20,Object is outside the vehicle lane and not an immediate collision threat.,,road_video_1.mp4:yolo11n:car:g12:6
134,4.469,car,yolo11n,0.7478,33.5,width_fallback,4.412,13.284,0.0,429,269,467,307,False,SAFE,OBJECT OUTSIDE VEHICLE LANE,prolog,object_outside_vehicle_lane,25,1,safe:object_outside_vehicle_lane:25* | safe:object_at_safe_distance:20,Object is outside the vehicle lane and not an immediate collision threat.,,road_video_1.mp4:yolo11n:car:g10:6
135,4.502,bus,yolo11n,0.9368,6.16,width_fallback,0.0,,0.131,567,132,847,438,False,SAFE,OBJECT OUTSIDE VEHICLE LANE,prolog,object_outside_vehicle_lane,25,1,safe:object_outside_vehicle_lane:25* | safe:object_at_safe_distance:20,Object is outside the vehicle lane and not an immediate collision threat.,,road_video_1.mp4:yolo11n:bus:g12:6
135,4.502,car,yolo11n,0.8806,25.57,width_fallback,0.0,,0.0,505,277,557,320,False,SAFE,OBJECT OUTSIDE VEHICLE LANE,prolog,object_outside_vehicle_lane,25,1,safe:object_outside_vehicle_lane:25* | safe:object_at_safe_distance:20,Object is outside the vehicle lane and not an immediate collision threat.,,road_video_1.mp4:yolo11n:car:g12:6
135,4.502,car,yolo11n,0.7583,33.38,width_fallback,4.198,10.884,0.0,429,269,467,307,False,SAFE,OBJECT OUTSIDE VEHICLE LANE,prolog,object_outside_vehicle_lane,25,1,safe:object_outside_vehicle_lane:25* | safe:object_at_safe_distance:20,Object is outside the vehicle lane and not an immediate collision threat.,,road_video_1.mp4:yolo11n:car:g10:6
136,4.535,bus,yolo11n,0.9361,6.22,width_fallback,0.0,,0.123,571,132,847,438,False,SAFE,OBJECT OUTSIDE VEHICLE LANE,prolog,object_outside_vehicle_lane,25,1,safe:object_outside_vehicle_lane:25* | safe:object_at_safe_distance:20,Object is outside the vehicle lane and not an immediate collision threat.,,road_video_1.mp4:yolo11n:bus:g12:6
136,4.535,car,yolo11n,0.8641,26.93,width_fallback,43.139,0.624,0.0,506,276,560,320,False,SAFE,OBJECT OUTSIDE VEHICLE LANE,prolog,object_outside_vehicle_lane,25,1,safe:object_outside_vehicle_lane:25* | safe:object_at_safe_distance:20,Object is outside the vehicle lane and not an immediate collision threat.,,road_video_1.mp4:yolo11n:car:g12:6
136,4.535,car,yolo11n,0.7269,33.31,width_fallback,4.027,9.709,0.0,429,269,467,307,False,SAFE,OBJECT OUTSIDE VEHICLE LANE,prolog,object_outside_vehicle_lane,25,1,safe:object_outside_vehicle_lane:25* | safe:object_at_safe_distance:20,Object is outside the vehicle lane and not an immediate collision threat.,,road_video_1.mp4:yolo11n:car:g10:6
137,4.569,bus,yolo11n,0.9372,6.27,width_fallback,0.0,,0.129,572,135,847,440,False,SAFE,OBJECT OUTSIDE VEHICLE LANE,prolog,object_outside_vehicle_lane,25,1,safe:object_outside_vehicle_lane:25* | safe:object_at_safe_distance:20,Object is outside the vehicle lane and not an immediate collision threat.,,road_video_1.mp4:yolo11n:bus:g12:6
137,4.569,car,yolo11n,0.846,28.36,width_fallback,20.092,0.979,0.0,506,277,561,321,False,SAFE,OBJECT OUTSIDE VEHICLE LANE,prolog,object_outside_vehicle_lane,25,1,safe:object_outside_vehicle_lane:25* | safe:object_at_safe_distance:20,Object is outside the vehicle lane and not an immediate collision threat.,,road_video_1.mp4:yolo11n:car:g12:6
137,4.569,car,yolo11n,0.7178,33.57,width_fallback,1.285,17.094,0.0,430,269,467,307,False,SAFE,OBJECT OUTSIDE VEHICLE LANE,prolog,object_outside_vehicle_lane,25,1,safe:object_outside_vehicle_lane:25* | safe:object_at_safe_distance:20,Object is outside the vehicle lane and not an immediate collision threat.,,road_video_1.mp4:yolo11n:car:g10:6
138,4.602,bus,yolo11n,0.9211,6.34,width_fallback,0.0,,0.093,576,131,847,431,False,SAFE,OBJECT OUTSIDE VEHICLE LANE,prolog,object_outside_vehicle_lane,25,1,safe:object_outside_vehicle_lane:25* | safe:object_at_safe_distance:20,Object is outside the vehicle lane and not an immediate collision threat.,,road_video_1.mp4:yolo11n:bus:g12:6
138,4.602,car,yolo11n,0.848,28.97,width_fallback,6.469,2.553,0.0,506,277,563,322,False,SAFE,OBJECT OUTSIDE VEHICLE LANE,prolog,object_outside_vehicle_lane,25,1,safe:object_outside_vehicle_lane:25* | safe:object_at_safe_distance:20,Object is outside the vehicle lane and not an immediate collision threat.,,road_video_1.mp4:yolo11n:car:g12:6
138,4.602,car,yolo11n,0.6874,33.13,width_fallback,3.427,13.752,0.0,429,268,468,307,False,SAFE,OBJECT OUTSIDE VEHICLE LANE,prolog,object_outside_vehicle_lane,25,1,safe:object_outside_vehicle_lane:25* | safe:object_at_safe_distance:20,Object is outside the vehicle lane and not an immediate collision threat.,,road_video_1.mp4:yolo11n:car:g10:6
139,4.635,bus,yolo11n,0.9376,6.4,width_fallback,0.0,,0.08,579,128,847,430,False,SAFE,OBJECT OUTSIDE VEHICLE LANE,prolog,object_outside_vehicle_lane,25,1,safe:object_outside_vehicle_lane:25* | safe:object_at_safe_distance:20,Object is outside the vehicle lane and not an immediate collision threat.,,road_video_1.mp4:yolo11n:bus:g12:6
139,4.635,car,yolo11n,0.8256,29.36,width_fallback,0.0,,0.0,507,277,563,323,False,SAFE,OBJECT OUTSIDE VEHICLE LANE,prolog,object_outside_vehicle_lane,25,1,safe:object_outside_vehicle_lane:25* | safe:object_at_safe_distance:20,Object is outside the vehicle lane and not an immediate collision threat.,,road_video_1.mp4:yolo11n:car:g12:6
139,4.635,car,yolo11n,0.6755,33.14,width_fallback,3.556,11.758,0.0,429,268,467,308,False,SAFE,OBJECT OUTSIDE VEHICLE LANE,prolog,object_outside_vehicle_lane,25,1,safe:object_outside_vehicle_lane:25* | safe:object_at_safe_distance:20,Object is outside the vehicle lane and not an immediate collision threat.,,road_video_1.mp4:yolo11n:car:g10:6
140,4.669,bus,yolo11n,0.9315,6.47,width_fallback,0.0,,0.083,582,127,847,436,False,SAFE,OBJECT OUTSIDE VEHICLE LANE,prolog,object_outside_vehicle_lane,25,1,safe:object_outside_vehicle_lane:25* | safe:object_at_safe_distance:20,Object is outside the vehicle lane and not an immediate collision threat.,,road_video_1.mp4:yolo11n:bus:g12:6
140,4.669,car,yolo11n,0.8547,29.1,width_fallback,0.0,,0.0,508,277,565,323,False,SAFE,OBJECT OUTSIDE VEHICLE LANE,prolog,object_outside_vehicle_lane,25,1,safe:object_outside_vehicle_lane:25* | safe:object_at_safe_distance:20,Object is outside the vehicle lane and not an immediate collision threat.,,road_video_1.mp4:yolo11n:car:g12:6
140,4.669,car,yolo11n,0.6995,33.15,width_fallback,2.313,12.915,0.0,429,268,467,308,False,SAFE,OBJECT OUTSIDE VEHICLE LANE,prolog,object_outside_vehicle_lane,25,1,safe:object_outside_vehicle_lane:25* | safe:object_at_safe_distance:20,Object is outside the vehicle lane and not an immediate collision threat.,,road_video_1.mp4:yolo11n:car:g10:6
141,4.702,bus,yolo11n,0.9463,6.55,width_fallback,0.0,,0.057,585,125,847,429,False,SAFE,OBJECT OUTSIDE VEHICLE LANE,prolog,object_outside_vehicle_lane,25,1,safe:object_outside_vehicle_lane:25* | safe:object_at_safe_distance:20,Object is outside the vehicle lane and not an immediate collision threat.,,road_video_1.mp4:yolo11n:bus:g12:6
141,4.702,car,yolo11n,0.8373,27.64,width_fallback,0.0,,0.0,510,277,568,325,False,SAFE,OBJECT OUTSIDE VEHICLE LANE,prolog,object_outside_vehicle_lane,25,1,safe:object_outside_vehicle_lane:25* | safe:object_at_safe_distance:20,Object is outside the vehicle lane and not an immediate collision threat.,,road_video_1.mp4:yolo11n:car:g12:6
141,4.702,car,yolo11n,0.728,33.15,width_fallback,1.499,17.052,0.0,429,267,467,308,False,SAFE,OBJECT OUTSIDE VEHICLE LANE,prolog,object_outside_vehicle_lane,25,1,safe:object_outside_vehicle_lane:25* | safe:object_at_safe_distance:20,Object is outside the vehicle lane and not an immediate collision threat.,,road_video_1.mp4:yolo11n:car:g10:6
142,4.735,bus,yolo11n,0.9287,6.63,width_fallback,0.0,,0.082,588,124,846,439,False,SAFE,OBJECT OUTSIDE VEHICLE LANE,prolog,object_outside_vehicle_lane,25,1,safe:object_outside_vehicle_lane:25* | safe:object_at_safe_distance:20,Object is outside the vehicle lane and not an immediate collision threat.,,road_video_1.mp4:yolo11n:bus:g12:6
142,4.735,car,yolo11n,0.8439,25.32,width_fallback,1.071,12.043,0.0,510,277,570,325,False,SAFE,OBJECT OUTSIDE VEHICLE LANE,prolog,object_outside_vehicle_lane,25,1,safe:object_outside_vehicle_lane:25* | safe:object_at_safe_distance:20,Object is outside the vehicle lane and not an immediate collision threat.,,road_video_1.mp4:yolo11n:car:g12:6
142,4.735,car,yolo11n,0.7421,32.86,width_fallback,2.228,16.017,0.0,429,267,468,308,False,SAFE,OBJECT OUTSIDE VEHICLE LANE,prolog,object_outside_vehicle_lane,25,1,safe:object_outside_vehicle_lane:25* | safe:object_at_safe_distance:20,Object is outside the vehicle lane and not an immediate collision threat.,,road_video_1.mp4:yolo11n:car:g10:6
142,4.735,person,yolo11n,0.5609,29.17,width_fallback,0.0,,0.0,382,267,394,299,False,SAFE,OBJECT OUTSIDE VEHICLE LANE,prolog,object_outside_vehicle_lane,25,1,safe:object_outside_vehicle_lane:25* | safe:object_at_safe_distance:20,Object is outside the vehicle lane and not an immediate collision threat.,,road_video_1.mp4:yolo11n:person:g9:6
143,4.769,bus,yolo11n,0.9131,6.72,width_fallback,0.0,,0.064,592,122,846,436,False,SAFE,OBJECT OUTSIDE VEHICLE LANE,prolog,object_outside_vehicle_lane,25,1,safe:object_outside_vehicle_lane:25* | safe:object_at_safe_distance:20,Object is outside the vehicle lane and not an immediate collision threat.,,road_video_1.mp4:yolo11n:bus:g12:6
143,4.769,car,yolo11n,0.8368,25.35,width_fallback,6.769,8.309,0.0,509,276,571,326,False,SAFE,OBJECT OUTSIDE VEHICLE LANE,prolog,object_outside_vehicle_lane,25,1,safe:object_outside_vehicle_lane:25* | safe:object_at_safe_distance:20,Object is outside the vehicle lane and not an immediate collision threat.,,road_video_1.mp4:yolo11n:car:g12:6
143,4.769,car,yolo11n,0.7499,32.38,width_fallback,3.984,12.467,0.0,429,267,469,309,False,SAFE,OBJECT OUTSIDE VEHICLE LANE,prolog,object_outside_vehicle_lane,25,1,safe:object_outside_vehicle_lane:25* | safe:object_at_safe_distance:20,Object is outside the vehicle lane and not an immediate collision threat.,,road_video_1.mp4:yolo11n:car:g10:6
144,4.802,bus,yolo11n,0.9238,6.8,width_fallback,0.0,,0.058,595,122,847,436,False,SAFE,OBJECT OUTSIDE VEHICLE LANE,prolog,object_outside_vehicle_lane,25,1,safe:object_outside_vehicle_lane:25* | safe:object_at_safe_distance:20,Object is outside the vehicle lane and not an immediate collision threat.,,road_video_1.mp4:yolo11n:bus:g12:6
144,4.802,car,yolo11n,0.8514,25.24,width_fallback,13.366,5.42,0.0,510,276,575,326,False,SAFE,OBJECT OUTSIDE VEHICLE LANE,prolog,object_outside_vehicle_lane,25,1,safe:object_outside_vehicle_lane:25* | safe:object_at_safe_distance:20,Object is outside the vehicle lane and not an immediate collision threat.,,road_video_1.mp4:yolo11n:car:g12:6
144,4.802,car,yolo11n,0.7393,31.8,width_fallback,7.583,8.744,0.0,428,268,469,308,False,SAFE,OBJECT OUTSIDE VEHICLE LANE,prolog,object_outside_vehicle_lane,25,1,safe:object_outside_vehicle_lane:25* | safe:object_at_safe_distance:20,Object is outside the vehicle lane and not an immediate collision threat.,,road_video_1.mp4:yolo11n:car:g10:6
145,4.835,bus,yolo11n,0.9222,6.88,width_fallback,0.0,,0.055,598,121,847,436,False,SAFE,OBJECT OUTSIDE VEHICLE LANE,prolog,object_outside_vehicle_lane,25,1,safe:object_outside_vehicle_lane:25* | safe:object_at_safe_distance:20,Object is outside the vehicle lane and not an immediate collision threat.,,road_video_1.mp4:yolo11n:bus:g12:6
145,4.835,car,yolo11n,0.8703,25.19,width_fallback,16.193,3.681,0.0,510,276,575,327,False,SAFE,OBJECT OUTSIDE VEHICLE LANE,prolog,object_outside_vehicle_lane,25,1,safe:object_outside_vehicle_lane:25* | safe:object_at_safe_distance:20,Object is outside the vehicle lane and not an immediate collision threat.,,road_video_1.mp4:yolo11n:car:g12:6
145,4.835,car,yolo11n,0.7504,31.43,width_fallback,7.283,6.751,0.0,428,268,469,308,False,SAFE,OBJECT OUTSIDE VEHICLE LANE,prolog,object_outside_vehicle_lane,25,1,safe:object_outside_vehicle_lane:25* | safe:object_at_safe_distance:20,Object is outside the vehicle lane and not an immediate collision threat.,,road_video_1.mp4:yolo11n:car:g10:6
145,4.835,person,yolo11n,0.5214,29.17,width_fallback,0.0,,0.0,380,266,392,301,False,SAFE,OBJECT OUTSIDE VEHICLE LANE,prolog,object_outside_vehicle_lane,25,1,safe:object_outside_vehicle_lane:25* | safe:object_at_safe_distance:20,Object is outside the vehicle lane and not an immediate collision threat.,,road_video_1.mp4:yolo11n:person:g9:6
146,4.869,bus,yolo11n,0.9347,6.97,width_fallback,0.0,,0.048,602,122,847,435,False,SAFE,OBJECT OUTSIDE VEHICLE LANE,prolog,object_outside_vehicle_lane,25,1,safe:object_outside_vehicle_lane:25* | safe:object_at_safe_distance:20,Object is outside the vehicle lane and not an immediate collision threat.,,road_video_1.mp4:yolo11n:bus:g12:6
146,4.869,car,yolo11n,0.8545,24.49,width_fallback,20.863,2.553,0.0,511,276,577,328,False,SAFE,OBJECT OUTSIDE VEHICLE LANE,prolog,object_outside_vehicle_lane,25,1,safe:object_outside_vehicle_lane:25* | safe:object_at_safe_distance:20,Object is outside the vehicle lane and not an immediate collision threat.,,road_video_1.mp4:yolo11n:car:g12:6
146,4.869,car,yolo11n,0.7236,31.45,width_fallback,7.24,5.668,0.0,429,267,469,308,False,SAFE,OBJECT OUTSIDE VEHICLE LANE,prolog,object_outside_vehicle_lane,25,1,safe:object_outside_vehicle_lane:25* | safe:object_at_safe_distance:20,Object is outside the vehicle lane and not an immediate collision threat.,,road_video_1.mp4:yolo11n:car:g10:6
147,4.902,bus,yolo11n,0.9337,7.07,width_fallback,0.0,,0.043,606,122,847,436,False,SAFE,OBJECT OUTSIDE VEHICLE LANE,prolog,object_outside_vehicle_lane,25,1,safe:object_outside_vehicle_lane:25* | safe:object_at_safe_distance:20,Object is outside the vehicle lane and not an immediate collision threat.,,road_video_1.mp4:yolo11n:bus:g12:6
147,4.902,car,yolo11n,0.8561,24.38,width_fallback,20.22,1.947,0.0,512,276,580,329,False,SAFE,OBJECT OUTSIDE VEHICLE LANE,prolog,object_outside_vehicle_lane,25,1,safe:object_outside_vehicle_lane:25* | safe:object_at_safe_distance:20,Object is outside the vehicle lane and not an immediate collision threat.,,road_video_1.mp4:yolo11n:car:g12:6
147,4.902,car,yolo11n,0.7512,31.47,width_fallback,7.197,5.085,0.0,429,267,469,308,False,SAFE,OBJECT OUTSIDE VEHICLE LANE,prolog,object_outside_vehicle_lane,25,1,safe:object_outside_vehicle_lane:25* | safe:object_at_safe_distance:20,Object is outside the vehicle lane and not an immediate collision threat.,,road_video_1.mp4:yolo11n:car:g10:6
148,4.935,bus,yolo11n,0.932,7.19,width_fallback,0.0,,0.027,611,123,847,435,False,SAFE,OBJECT OUTSIDE VEHICLE LANE,prolog,object_outside_vehicle_lane,25,1,safe:object_outside_vehicle_lane:25* | safe:object_at_safe_distance:20,Object is outside the vehicle lane and not an immediate collision threat.,,road_video_1.mp4:yolo11n:bus:g12:6
148,4.935,car,yolo11n,0.8723,22.24,width_fallback,23.133,1.503,0.0,513,276,582,329,False,SAFE,OBJECT OUTSIDE VEHICLE LANE,prolog,object_outside_vehicle_lane,25,1,safe:object_outside_vehicle_lane:25* | safe:object_at_safe_distance:20,Object is outside the vehicle lane and not an immediate collision threat.,,road_video_1.mp4:yolo11n:car:g12:6
148,4.935,car,yolo11n,0.7684,31.48,width_fallback,7.154,4.777,0.0,429,267,469,308,False,SAFE,OBJECT OUTSIDE VEHICLE LANE,prolog,object_outside_vehicle_lane,25,1,safe:object_outside_vehicle_lane:25* | safe:object_at_safe_distance:20,Object is outside the vehicle lane and not an immediate collision threat.,,road_video_1.mp4:yolo11n:car:g10:6
149,4.969,bus,yolo11n,0.9279,7.31,width_fallback,0.0,,0.012,615,123,847,434,False,SAFE,OBJECT OUTSIDE VEHICLE LANE,prolog,object_outside_vehicle_lane,25,1,safe:object_outside_vehicle_lane:25* | safe:object_at_safe_distance:20,Object is outside the vehicle lane and not an immediate collision threat.,,road_video_1.mp4:yolo11n:bus:g12:6
149,4.969,car,yolo11n,0.8817,20.84,width_fallback,19.192,1.315,0.0,515,276,584,331,False,SAFE,OBJECT OUTSIDE VEHICLE LANE,prolog,object_outside_vehicle_lane,25,1,safe:object_outside_vehicle_lane:25* | safe:object_at_safe_distance:20,Object is outside the vehicle lane and not an immediate collision threat.,,road_video_1.mp4:yolo11n:car:g12:6
149,4.969,car,yolo11n,0.7793,31.49,width_fallback,5.869,5.042,0.0,429,267,469,308,False,SAFE,OBJECT OUTSIDE VEHICLE LANE,prolog,object_outside_vehicle_lane,25,1,safe:object_outside_vehicle_lane:25* | safe:object_at_safe_distance:20,Object is outside the vehicle lane and not an immediate collision threat.,,road_video_1.mp4:yolo11n:car:g10:6
150,5.002,bus,yolo11n,0.9238,7.46,width_fallback,0.0,,0.005,621,123,847,434,False,SAFE,OBJECT OUTSIDE VEHICLE LANE,prolog,object_outside_vehicle_lane,25,1,safe:object_outside_vehicle_lane:25* | safe:object_at_safe_distance:20,Object is outside the vehicle lane and not an immediate collision threat.,,road_video_1.mp4:yolo11n:bus:g12:6
150,5.002,car,yolo11n,0.8826,19.76,width_fallback,23.947,1.095,0.0,515,276,586,332,False,SAFE,OBJECT OUTSIDE VEHICLE LANE,prolog,object_outside_vehicle_lane,25,1,safe:object_outside_vehicle_lane:25* | safe:object_at_safe_distance:20,Object is outside the vehicle lane and not an immediate collision threat.,,road_video_1.mp4:yolo11n:car:g12:6
150,5.002,car,yolo11n,0.7853,31.49,width_fallback,3.813,6.49,0.0,429,267,469,309,False,SAFE,OBJECT OUTSIDE VEHICLE LANE,prolog,object_outside_vehicle_lane,25,1,safe:object_outside_vehicle_lane:25* | safe:object_at_safe_distance:20,Object is outside the vehicle lane and not an immediate collision threat.,,road_video_1.mp4:yolo11n:car:g10:6
150,5.002,car,yolo11n,0.5447,23.45,width_fallback,7.347,2.812,0.0,475,269,525,308,False,SAFE,OBJECT OUTSIDE VEHICLE LANE,prolog,object_outside_vehicle_lane,25,1,safe:object_outside_vehicle_lane:25* | safe:object_at_safe_distance:20,Object is outside the vehicle lane and not an immediate collision threat.,,road_video_1.mp4:yolo11n:car:g11:6
151,5.035,bus,yolo11n,0.9325,7.62,width_fallback,0.0,,0.001,626,123,847,434,False,SAFE,OBJECT OUTSIDE VEHICLE LANE,prolog,object_outside_vehicle_lane,25,1,safe:object_outside_vehicle_lane:25* | safe:object_at_safe_distance:20,Object is outside the vehicle lane and not an immediate collision threat.,,road_video_1.mp4:yolo11n:bus:g12:6
151,5.035,car,yolo11n,0.8888,18.89,width_fallback,27.203,0.915,0.0,516,276,589,332,False,SAFE,OBJECT OUTSIDE VEHICLE LANE,prolog,object_outside_vehicle_lane,25,1,safe:object_outside_vehicle_lane:25* | safe:object_at_safe_distance:20,Object is outside the vehicle lane and not an immediate collision threat.,,road_video_1.mp4:yolo11n:car:g12:6
151,5.035,car,yolo11n,0.785,31.23,width_fallback,2.442,9.325,0.0,428,267,469,309,False,SAFE,OBJECT OUTSIDE VEHICLE LANE,prolog,object_outside_vehicle_lane,25,1,safe:object_outside_vehicle_lane:25* | safe:object_at_safe_distance:20,Object is outside the vehicle lane and not an immediate collision threat.,,road_video_1.mp4:yolo11n:car:g10:6
151,5.035,car,yolo11n,0.5618,24.43,width_fallback,5.838,3.43,0.0,479,268,527,305,False,SAFE,OBJECT OUTSIDE VEHICLE LANE,prolog,object_outside_vehicle_lane,25,1,safe:object_outside_vehicle_lane:25* | safe:object_at_safe_distance:20,Object is outside the vehicle lane and not an immediate collision threat.,,road_video_1.mp4:yolo11n:car:g11:6
152,5.069,bus,yolo11n,0.918,7.8,width_fallback,0.0,,0.0,632,122,847,434,False,SAFE,OBJECT OUTSIDE VEHICLE LANE,prolog,object_outside_vehicle_lane,25,1,safe:object_outside_vehicle_lane:25* | safe:object_at_safe_distance:20,Object is outside the vehicle lane and not an immediate collision threat.,,road_video_1.mp4:yolo11n:bus:g12:6
152,5.069,car,yolo11n,0.8823,18.32,width_fallback,29.431,0.783,0.0,518,276,591,334,False,SAFE,OBJECT OUTSIDE VEHICLE LANE,prolog,object_outside_vehicle_lane,25,1,safe:object_outside_vehicle_lane:25* | safe:object_at_safe_distance:20,Object is outside the vehicle lane and not an immediate collision threat.,,road_video_1.mp4:yolo11n:car:g12:6
152,5.069,car,yolo11n,0.8049,30.8,width_fallback,2.699,10.264,0.0,428,267,470,308,False,SAFE,OBJECT OUTSIDE VEHICLE LANE,prolog,object_outside_vehicle_lane,25,1,safe:object_outside_vehicle_lane:25* | safe:object_at_safe_distance:20,Object is outside the vehicle lane and not an immediate collision threat.,,road_video_1.mp4:yolo11n:car:g10:6
153,5.102,bus,yolo11n,0.9184,8.0,width_fallback,0.0,,0.0,638,122,847,433,False,SAFE,OBJECT OUTSIDE VEHICLE LANE,prolog,object_outside_vehicle_lane,25,1,safe:object_outside_vehicle_lane:25* | safe:object_at_safe_distance:20,Object is outside the vehicle lane and not an immediate collision threat.,,road_video_1.mp4:yolo11n:bus:g12:6
153,5.102,car,yolo11n,0.8756,20.97,width_fallback,15.079,1.057,0.0,519,276,594,336,False,SAFE,OBJECT OUTSIDE VEHICLE LANE,prolog,object_outside_vehicle_lane,25,1,safe:object_outside_vehicle_lane:25* | safe:object_at_safe_distance:20,Object is outside the vehicle lane and not an immediate collision threat.,,road_video_1.mp4:yolo11n:car:g12:6
153,5.102,car,yolo11n,0.769,30.52,width_fallback,3.984,9.092,0.0,428,267,470,308,False,SAFE,OBJECT OUTSIDE VEHICLE LANE,prolog,object_outside_vehicle_lane,25,1,safe:object_outside_vehicle_lane:25* | safe:object_at_safe_distance:20,Object is outside the vehicle lane and not an immediate collision threat.,,road_video_1.mp4:yolo11n:car:g10:6
154,5.135,bus,yolo11n,0.9154,8.23,width_fallback,0.0,,0.0,645,122,847,435,False,SAFE,OBJECT OUTSIDE VEHICLE LANE,prolog,object_outside_vehicle_lane,25,1,safe:object_outside_vehicle_lane:25* | safe:object_at_safe_distance:20,Object is outside the vehicle lane and not an immediate collision threat.,,road_video_1.mp4:yolo11n:bus:g12:6
154,5.135,car,yolo11n,0.8539,19.36,width_fallback,21.505,0.986,0.0,520,276,597,336,False,SAFE,OBJECT OUTSIDE VEHICLE LANE,prolog,object_outside_vehicle_lane,25,1,safe:object_outside_vehicle_lane:25* | safe:object_at_safe_distance:20,Object is outside the vehicle lane and not an immediate collision threat.,,road_video_1.mp4:yolo11n:car:g12:6
154,5.135,car,yolo11n,0.7493,30.34,width_fallback,4.841,7.821,0.0,428,266,470,308,False,SAFE,OBJECT OUTSIDE VEHICLE LANE,prolog,object_outside_vehicle_lane,25,1,safe:object_outside_vehicle_lane:25* | safe:object_at_safe_distance:20,Object is outside the vehicle lane and not an immediate collision threat.,,road_video_1.mp4:yolo11n:car:g10:6
155,5.169,bus,yolo11n,0.9109,8.48,width_fallback,0.0,,0.0,651,122,847,437,False,SAFE,OBJECT OUTSIDE VEHICLE LANE,prolog,object_outside_vehicle_lane,25,1,safe:object_outside_vehicle_lane:25* | safe:object_at_safe_distance:20,Object is outside the vehicle lane and not an immediate collision threat.,,road_video_1.mp4:yolo11n:bus:g12:6
155,5.169,car,yolo11n,0.8376,20.66,width_fallback,6.769,1.916,0.0,521,276,599,338,False,SAFE,OBJECT OUTSIDE VEHICLE LANE,prolog,object_outside_vehicle_lane,25,1,safe:object_outside_vehicle_lane:25* | safe:object_at_safe_distance:20,Object is outside the vehicle lane and not an immediate collision threat.,,road_video_1.mp4:yolo11n:car:g12:6
155,5.169,car,yolo11n,0.7905,30.22,width_fallback,5.398,6.821,0.0,428,266,470,308,False,SAFE,OBJECT OUTSIDE VEHICLE LANE,prolog,object_outside_vehicle_lane,25,1,safe:object_outside_vehicle_lane:25* | safe:object_at_safe_distance:20,Object is outside the vehicle lane and not an immediate collision threat.,,road_video_1.mp4:yolo11n:car:g10:6
156,5.202,bus,yolo11n,0.916,8.73,width_fallback,0.0,,0.0,657,121,847,439,False,SAFE,OBJECT OUTSIDE VEHICLE LANE,prolog,object_outside_vehicle_lane,25,1,safe:object_outside_vehicle_lane:25* | safe:object_at_safe_distance:20,Object is outside the vehicle lane and not an immediate collision threat.,,road_video_1.mp4:yolo11n:bus:g12:6
156,5.202,car,yolo11n,0.8515,21.23,width_fallback,0.0,,0.0,523,276,603,339,False,SAFE,OBJECT OUTSIDE VEHICLE LANE,prolog,object_outside_vehicle_lane,25,1,safe:object_outside_vehicle_lane:25* | safe:object_at_safe_distance:20,Object is outside the vehicle lane and not an immediate collision threat.,,road_video_1.mp4:yolo11n:car:g12:6
156,5.202,car,yolo11n,0.7926,30.14,width_fallback,5.783,6.097,0.0,428,267,470,308,False,SAFE,OBJECT OUTSIDE VEHICLE LANE,prolog,object_outside_vehicle_lane,25,1,safe:object_outside_vehicle_lane:25* | safe:object_at_safe_distance:20,Object is outside the vehicle lane and not an immediate collision threat.,,road_video_1.mp4:yolo11n:car:g10:6
157,5.235,bus,yolo11n,0.9078,9.08,width_fallback,0.0,,0.0,667,119,847,445,False,SAFE,OBJECT OUTSIDE VEHICLE LANE,prolog,object_outside_vehicle_lane,25,1,safe:object_outside_vehicle_lane:25* | safe:object_at_safe_distance:20,Object is outside the vehicle lane and not an immediate collision threat.,,road_video_1.mp4:yolo11n:bus:g12:6
157,5.235,car,yolo11n,0.8274,20.95,width_fallback,0.0,,0.0,523,276,606,340,False,SAFE,OBJECT OUTSIDE VEHICLE LANE,prolog,object_outside_vehicle_lane,25,1,safe:object_outside_vehicle_lane:25* | safe:object_at_safe_distance:20,Object is outside the vehicle lane and not an immediate collision threat.,,road_video_1.mp4:yolo11n:car:g12:6
157,5.235,car,yolo11n,0.8006,30.09,width_fallback,5.998,5.611,0.0,428,267,470,308,False,SAFE,OBJECT OUTSIDE VEHICLE LANE,prolog,object_outside_vehicle_lane,25,1,safe:object_outside_vehicle_lane:25* | safe:object_at_safe_distance:20,Object is outside the vehicle lane and not an immediate collision threat.,,road_video_1.mp4:yolo11n:car:g10:6
158,5.269,bus,yolo11n,0.922,9.44,width_fallback,0.0,,0.0,674,119,847,446,False,SAFE,OBJECT OUTSIDE VEHICLE LANE,prolog,object_outside_vehicle_lane,25,1,safe:object_outside_vehicle_lane:25* | safe:object_at_safe_distance:20,Object is outside the vehicle lane and not an immediate collision threat.,,road_video_1.mp4:yolo11n:bus:g12:6
158,5.269,car,yolo11n,0.8155,20.77,width_fallback,0.0,,0.0,525,276,609,341,False,SAFE,OBJECT OUTSIDE VEHICLE LANE,prolog,object_outside_vehicle_lane,25,1,safe:object_outside_vehicle_lane:25* | safe:object_at_safe_distance:20,Object is outside the vehicle lane and not an immediate collision threat.,,road_video_1.mp4:yolo11n:car:g12:6
158,5.269,car,yolo11n,0.7999,30.06,width_fallback,5.012,5.785,0.0,428,267,470,308,False,SAFE,OBJECT OUTSIDE VEHICLE LANE,prolog,object_outside_vehicle_lane,25,1,safe:object_outside_vehicle_lane:25* | safe:object_at_safe_distance:20,Object is outside the vehicle lane and not an immediate collision threat.,,road_video_1.mp4:yolo11n:car:g10:6
159,5.302,bus,yolo11n,0.9213,9.9,width_fallback,0.0,,0.0,684,117,847,447,False,SAFE,OBJECT OUTSIDE VEHICLE LANE,prolog,object_outside_vehicle_lane,25,1,safe:object_outside_vehicle_lane:25* | safe:object_at_safe_distance:20,Object is outside the vehicle lane and not an immediate collision threat.,,road_video_1.mp4:yolo11n:bus:g12:6
159,5.302,car,yolo11n,0.8008,30.04,width_fallback,3.256,7.334,0.0,428,267,470,308,False,SAFE,OBJECT OUTSIDE VEHICLE LANE,prolog,object_outside_vehicle_lane,25,1,safe:object_outside_vehicle_lane:25* | safe:object_at_safe_distance:20,Object is outside the vehicle lane and not an immediate collision threat.,,road_video_1.mp4:yolo11n:car:g10:6
159,5.302,car,yolo11n,0.6114,24.73,width_fallback,0.0,,0.0,488,267,534,305,False,SAFE,OBJECT OUTSIDE VEHICLE LANE,prolog,object_outside_vehicle_lane,25,1,safe:object_outside_vehicle_lane:25* | safe:object_at_safe_distance:20,Object is outside the vehicle lane and not an immediate collision threat.,,road_video_1.mp4:yolo11n:car:g12:6
160,5.336,bus,yolo11n,0.8892,10.38,width_fallback,0.0,,0.0,692,115,847,446,False,SAFE,OBJECT OUTSIDE VEHICLE LANE,prolog,object_outside_vehicle_lane,25,1,safe:object_outside_vehicle_lane:25* | safe:object_at_safe_distance:20,Object is outside the vehicle lane and not an immediate collision threat.,,road_video_1.mp4:yolo11n:bus:g12:6
160,5.336,car,yolo11n,0.8278,14.37,width_fallback,0.0,,0.0,527,275,616,344,False,SAFE,OBJECT OUTSIDE VEHICLE LANE,prolog,object_outside_vehicle_lane,25,1,safe:object_outside_vehicle_lane:25* | safe:object_at_safe_distance:20,Object is outside the vehicle lane and not an immediate collision threat.,,road_video_1.mp4:yolo11n:car:g13:6
160,5.336,car,yolo11n,0.8076,29.78,width_fallback,3.17,8.261,0.0,428,267,471,308,False,SAFE,OBJECT OUTSIDE VEHICLE LANE,prolog,object_outside_vehicle_lane,25,1,safe:object_outside_vehicle_lane:25* | safe:object_at_safe_distance:20,Object is outside the vehicle lane and not an immediate collision threat.,,road_video_1.mp4:yolo11n:car:g10:6
160,5.336,car,yolo11n,0.6229,25.46,width_fallback,0.0,,0.0,489,267,536,305,False,SAFE,OBJECT OUTSIDE VEHICLE LANE,prolog,object_outside_vehicle_lane,25,1,safe:object_outside_vehicle_lane:25* | safe:object_at_safe_distance:20,Object is outside the vehicle lane and not an immediate collision threat.,,road_video_1.mp4:yolo11n:car:g12:6
161,5.369,car,yolo11n,0.8307,14.19,width_fallback,0.0,,0.0,529,275,620,346,False,SAFE,OBJECT OUTSIDE VEHICLE LANE,prolog,object_outside_vehicle_lane,25,1,safe:object_outside_vehicle_lane:25* | safe:object_at_safe_distance:20,Object is outside the vehicle lane and not an immediate collision threat.,,road_video_1.mp4:yolo11n:car:g13:6
161,5.369,car,yolo11n,0.8063,29.61,width_fallback,3.127,8.804,0.0,428,267,471,308,False,SAFE,OBJECT OUTSIDE VEHICLE LANE,prolog,object_outside_vehicle_lane,25,1,safe:object_outside_vehicle_lane:25* | safe:object_at_safe_distance:20,Object is outside the vehicle lane and not an immediate collision threat.,,road_video_1.mp4:yolo11n:car:g10:6
161,5.369,bus,yolo11n,0.7281,11.06,width_fallback,0.0,,0.0,705,115,847,433,False,SAFE,OBJECT OUTSIDE VEHICLE LANE,prolog,object_outside_vehicle_lane,25,1,safe:object_outside_vehicle_lane:25* | safe:object_at_safe_distance:20,Object is outside the vehicle lane and not an immediate collision threat.,,road_video_1.mp4:yolo11n:bus:g12:6
161,5.369,car,yolo11n,0.7098,25.74,width_fallback,0.0,,0.0,487,266,535,305,False,SAFE,OBJECT OUTSIDE VEHICLE LANE,prolog,object_outside_vehicle_lane,25,1,safe:object_outside_vehicle_lane:25* | safe:object_at_safe_distance:20,Object is outside the vehicle lane and not an immediate collision threat.,,road_video_1.mp4:yolo11n:car:g12:6
162,5.402,bus,yolo11n,0.852,11.83,width_fallback,0.0,,0.0,715,112,847,433,False,SAFE,OBJECT OUTSIDE VEHICLE LANE,prolog,object_outside_vehicle_lane,25,1,safe:object_outside_vehicle_lane:25* | safe:object_at_safe_distance:20,Object is outside the vehicle lane and not an immediate collision threat.,,road_video_1.mp4:yolo11n:bus:g12:6
162,5.402,car,yolo11n,0.779,14.02,width_fallback,0.0,,0.0,532,275,624,347,False,SAFE,OBJECT OUTSIDE VEHICLE LANE,prolog,object_outside_vehicle_lane,25,1,safe:object_outside_vehicle_lane:25* | safe:object_at_safe_distance:20,Object is outside the vehicle lane and not an immediate collision threat.,,road_video_1.mp4:yolo11n:car:g13:6
162,5.402,car,yolo11n,0.7759,29.5,width_fallback,3.084,9.146,0.0,428,266,471,309,False,SAFE,OBJECT OUTSIDE VEHICLE LANE,prolog,object_outside_vehicle_lane,25,1,safe:object_outside_vehicle_lane:25* | safe:object_at_safe_distance:20,Object is outside the vehicle lane and not an immediate collision threat.,,road_video_1.mp4:yolo11n:car:g10:6
162,5.402,car,yolo11n,0.6607,25.92,width_fallback,0.0,,0.0,488,266,536,306,False,SAFE,OBJECT OUTSIDE VEHICLE LANE,prolog,object_outside_vehicle_lane,25,1,safe:object_outside_vehicle_lane:25* | safe:object_at_safe_distance:20,Object is outside the vehicle lane and not an immediate collision threat.,,road_video_1.mp4:yolo11n:car:g12:6
163,5.436,bus,yolo11n,0.8959,12.71,width_fallback,0.0,,0.0,725,111,847,434,False,SAFE,OBJECT OUTSIDE VEHICLE LANE,prolog,object_outside_vehicle_lane,25,1,safe:object_outside_vehicle_lane:25* | safe:object_at_safe_distance:20,Object is outside the vehicle lane and not an immediate collision threat.,,road_video_1.mp4:yolo11n:bus:g12:6
163,5.436,car,yolo11n,0.8551,13.66,width_fallback,7.097,1.925,0.473,531,275,628,349,True,WARNING,SLOW DOWN AND INCREASE FOLLOWING DISTANCE,prolog,vehicle_following_distance,60,3,warning:vehicle_following_distance:60* | warning:generic_warning:55 | caution:caution_object_in_vehicle_lane:40 | safe:object_at_safe_distance:20,Reduce speed and increase following distance to maintain a safe gap.,C:\Users\User\Documents\GitHub\AIproject\output\incidents\road_video_1.mp4\road_video_1.mp4_f163_WARNING_car.jpg,road_video_1.mp4:yolo11n:car:g13:6
163,5.436,car,yolo11n,0.7955,29.43,width_fallback,3.042,9.385,1.0,428,266,471,308,True,SAFE,OBJECT AT SAFE DISTANCE,prolog,object_at_safe_distance,20,0,safe:object_at_safe_distance:20*,Object is at a safe distance.,,road_video_1.mp4:yolo11n:car:g10:6
163,5.436,car,yolo11n,0.7014,25.67,width_fallback,0.0,,0.869,487,265,537,305,True,SAFE,OBJECT AT SAFE DISTANCE,prolog,object_at_safe_distance,20,0,safe:object_at_safe_distance:20*,Object is at a safe distance.,,road_video_1.mp4:yolo11n:car:g12:6
164,5.469,bus,yolo11n,0.8694,13.83,width_fallback,0.0,,0.0,737,111,847,434,False,SAFE,OBJECT OUTSIDE VEHICLE LANE,prolog,object_outside_vehicle_lane,25,1,safe:object_outside_vehicle_lane:25* | safe:object_at_safe_distance:20,Object is outside the vehicle lane and not an immediate collision threat.,,road_video_1.mp4:yolo11n:bus:g12:6
164,5.469,car,yolo11n,0.8356,13.33,width_fallback,7.797,1.828,0.0,533,274,632,350,False,SAFE,OBJECT OUTSIDE VEHICLE LANE,prolog,object_outside_vehicle_lane,25,1,safe:object_outside_vehicle_lane:25* | safe:object_at_safe_distance:20,Object is outside the vehicle lane and not an immediate collision threat.,,road_video_1.mp4:yolo11n:car:g13:6
164,5.469,car,yolo11n,0.7814,29.63,width_fallback,1.971,11.928,0.246,429,266,471,309,True,SAFE,OBJECT AT SAFE DISTANCE,prolog,object_at_safe_distance,20,0,safe:object_at_safe_distance:20*,Object is at a safe distance.,,road_video_1.mp4:yolo11n:car:g10:6
164,5.469,car,yolo11n,0.6727,25.87,width_fallback,0.0,,0.0,490,266,538,306,False,SAFE,OBJECT OUTSIDE VEHICLE LANE,prolog,object_outside_vehicle_lane,25,1,safe:object_outside_vehicle_lane:25* | safe:object_at_safe_distance:20,Object is outside the vehicle lane and not an immediate collision threat.,,road_video_1.mp4:yolo11n:car:g12:6
165,5.502,bus,yolo11n,0.8743,15.3,width_fallback,0.0,,0.0,750,110,847,434,False,SAFE,OBJECT OUTSIDE VEHICLE LANE,prolog,object_outside_vehicle_lane,25,1,safe:object_outside_vehicle_lane:25* | safe:object_at_safe_distance:20,Object is outside the vehicle lane and not an immediate collision threat.,,road_video_1.mp4:yolo11n:bus:g12:6
165,5.502,car,yolo11n,0.8407,12.95,width_fallback,8.516,1.69,0.0,534,274,637,352,False,SAFE,OBJECT OUTSIDE VEHICLE LANE,prolog,object_outside_vehicle_lane,25,1,safe:object_outside_vehicle_lane:25* | safe:object_at_safe_distance:20,Object is outside the vehicle lane and not an immediate collision threat.,,road_video_1.mp4:yolo11n:car:g13:6
165,5.502,car,yolo11n,0.7617,29.76,width_fallback,1.285,16.981,0.246,429,266,471,309,True,SAFE,OBJECT AT SAFE DISTANCE,prolog,object_at_safe_distance,20,0,safe:object_at_safe_distance:20*,Object is at a safe distance.,,road_video_1.mp4:yolo11n:car:g10:6
165,5.502,car,yolo11n,0.6636,25.64,width_fallback,0.0,,0.0,488,266,538,306,False,SAFE,OBJECT OUTSIDE VEHICLE LANE,prolog,object_outside_vehicle_lane,25,1,safe:object_outside_vehicle_lane:25* | safe:object_at_safe_distance:20,Object is outside the vehicle lane and not an immediate collision threat.,,road_video_1.mp4:yolo11n:car:g12:6
166,5.536,car,yolo11n,0.8475,12.7,width_fallback,8.347,1.614,0.0,538,274,641,355,False,SAFE,OBJECT OUTSIDE VEHICLE LANE,prolog,object_outside_vehicle_lane,25,1,safe:object_outside_vehicle_lane:25* | safe:object_at_safe_distance:20,Object is outside the vehicle lane and not an immediate collision threat.,,road_video_1.mp4:yolo11n:car:g13:6
166,5.536,bus,yolo11n,0.8261,17.42,width_fallback,0.0,,0.0,765,109,847,434,False,SAFE,OBJECT OUTSIDE VEHICLE LANE,prolog,object_outside_vehicle_lane,25,1,safe:object_outside_vehicle_lane:25* | safe:object_at_safe_distance:20,Object is outside the vehicle lane and not an immediate collision threat.,,road_video_1.mp4:yolo11n:bus:g12:6
166,5.536,car,yolo11n,0.747,29.84,width_fallback,0.857,25.012,0.246,429,266,471,309,True,SAFE,OBJECT AT SAFE DISTANCE,prolog,object_at_safe_distance,20,0,safe:object_at_safe_distance:20*,Object is at a safe distance.,,road_video_1.mp4:yolo11n:car:g10:6
166,5.536,car,yolo11n,0.6773,25.48,width_fallback,0.0,,0.0,489,266,539,307,False,SAFE,OBJECT OUTSIDE VEHICLE LANE,prolog,object_outside_vehicle_lane,25,1,safe:object_outside_vehicle_lane:25* | safe:object_at_safe_distance:20,Object is outside the vehicle lane and not an immediate collision threat.,,road_video_1.mp4:yolo11n:car:g12:6
167,5.569,car,yolo11n,0.8816,12.38,width_fallback,8.525,1.541,0.0,540,274,647,357,False,SAFE,OBJECT OUTSIDE VEHICLE LANE,prolog,object_outside_vehicle_lane,25,1,safe:object_outside_vehicle_lane:25* | safe:object_at_safe_distance:20,Object is outside the vehicle lane and not an immediate collision threat.,,road_video_1.mp4:yolo11n:car:g13:6
167,5.569,car,yolo11n,0.7659,29.9,width_fallback,0.0,,0.195,429,266,471,308,True,SAFE,OBJECT AT SAFE DISTANCE,prolog,object_at_safe_distance,20,0,safe:object_at_safe_distance:20*,Object is at a safe distance.,,road_video_1.mp4:yolo11n:car:g10:6
167,5.569,car,yolo11n,0.7062,25.21,width_fallback,1.071,11.646,0.0,489,265,540,308,False,SAFE,OBJECT OUTSIDE VEHICLE LANE,prolog,object_outside_vehicle_lane,25,1,safe:object_outside_vehicle_lane:25* | safe:object_at_safe_distance:20,Object is outside the vehicle lane and not an immediate collision threat.,,road_video_1.mp4:yolo11n:car:g12:6
168,5.602,car,yolo11n,0.8757,12.05,width_fallback,9.168,1.439,0.415,541,275,651,359,True,CRITICAL,BRAKE NOW OBJECT TOO CLOSE,prolog,brake_now_object_too_close,90,4,critical:brake_now_object_too_close:90* | warning:vehicle_following_distance:60 | warning:generic_warning:55 | caution:caution_object_in_vehicle_lane:40 | safe:object_at_safe_distance:20,Object detected very close; immediate braking advised.,C:\Users\User\Documents\GitHub\AIproject\output\incidents\road_video_1.mp4\road_video_1.mp4_f168_CRITICAL_car.jpg,road_video_1.mp4:yolo11n:car:g13:6
168,5.602,car,yolo11n,0.7487,29.93,width_fallback,0.0,,1.0,429,266,471,307,True,SAFE,OBJECT AT SAFE DISTANCE,prolog,object_at_safe_distance,20,0,safe:object_at_safe_distance:20*,Object is at a safe distance.,,road_video_1.mp4:yolo11n:car:g10:6
168,5.602,car,yolo11n,0.7073,24.87,width_fallback,3.727,9.408,0.844,489,265,541,308,True,SAFE,OBJECT AT SAFE DISTANCE,prolog,object_at_safe_distance,20,0,safe:object_at_safe_distance:20*,Object is at a safe distance.,,road_video_1.mp4:yolo11n:car:g12:6
169,5.636,car,yolo11n,0.8682,11.7,width_fallback,9.939,1.321,0.397,542,274,656,360,True,CRITICAL,BRAKE NOW OBJECT TOO CLOSE,prolog,brake_now_object_too_close,90,4,critical:brake_now_object_too_close:90* | warning:vehicle_following_distance:60 | warning:generic_warning:55 | caution:caution_object_in_vehicle_lane:40 | safe:object_at_safe_distance:20,Object detected very close; immediate braking advised.,,road_video_1.mp4:yolo11n:car:g13:6
169,5.636,car,yolo11n,0.7593,29.96,width_fallback,0.0,,1.0,429,266,471,308,True,SAFE,OBJECT AT SAFE DISTANCE,prolog,object_at_safe_distance,20,0,safe:object_at_safe_distance:20*,Object is at a safe distance.,,road_video_1.mp4:yolo11n:car:g10:6
169,5.636,car,yolo11n,0.689,24.65,width_fallback,5.441,7.213,0.803,490,264,542,307,True,SAFE,OBJECT AT SAFE DISTANCE,prolog,object_at_safe_distance,20,0,safe:object_at_safe_distance:20*,Object is at a safe distance.,,road_video_1.mp4:yolo11n:car:g12:6
170,5.669,car,yolo11n,0.8395,11.28,width_fallback,10.196,1.225,0.381,544,274,664,362,True,CRITICAL,BRAKE NOW OBJECT TOO CLOSE,prolog,brake_now_object_too_close,90,4,critical:brake_now_object_too_close:90* | warning:vehicle_following_distance:60 | warning:generic_warning:55 | caution:caution_object_in_vehicle_lane:40 | safe:object_at_safe_distance:20,Object detected very close; immediate braking advised.,,road_video_1.mp4:yolo11n:car:g13:6
170,5.669,car,yolo11n,0.7216,29.97,width_fallback,0.0,,1.0,429,266,471,308,True,SAFE,OBJECT AT SAFE DISTANCE,prolog,object_at_safe_distance,20,0,safe:object_at_safe_distance:20*,Object is at a safe distance.,,road_video_1.mp4:yolo11n:car:g10:6
170,5.669,car,yolo11n,0.6414,25.02,width_fallback,2.785,8.011,0.819,494,265,543,309,True,SAFE,OBJECT AT SAFE DISTANCE,prolog,object_at_safe_distance,20,0,safe:object_at_safe_distance:20*,Object is at a safe distance.,,road_video_1.mp4:yolo11n:car:g12:6
171,5.702,car,yolo11n,0.8166,10.92,width_fallback,10.324,1.149,0.403,545,274,668,367,True,CRITICAL,BRAKE NOW OBJECT TOO CLOSE,prolog,brake_now_object_too_close,90,4,critical:brake_now_object_too_close:90* | warning:vehicle_following_distance:60 | warning:generic_warning:55 | caution:caution_object_in_vehicle_lane:40 | safe:object_at_safe_distance:20,Object detected very close; immediate braking advised.,,road_video_1.mp4:yolo11n:car:g13:6
171,5.702,car,yolo11n,0.7823,29.98,width_fallback,0.0,,1.0,429,266,471,308,True,SAFE,OBJECT AT SAFE DISTANCE,prolog,object_at_safe_distance,20,0,safe:object_at_safe_distance:20*,Object is at a safe distance.,,road_video_1.mp4:yolo11n:car:g10:6
171,5.702,car,yolo11n,0.7129,25.08,width_fallback,3.384,7.741,0.802,494,265,544,309,True,SAFE,OBJECT AT SAFE DISTANCE,prolog,object_at_safe_distance,20,0,safe:object_at_safe_distance:20*,Object is at a safe distance.,,road_video_1.mp4:yolo11n:car:g12:6
172,5.736,car,yolo11n,0.8188,10.54,width_fallback,10.324,1.092,0.159,547,274,675,368,False,SAFE,OBJECT OUTSIDE VEHICLE LANE,prolog,object_outside_vehicle_lane,25,1,safe:object_outside_vehicle_lane:25* | safe:object_at_safe_distance:20,Object is outside the vehicle lane and not an immediate collision threat.,,road_video_1.mp4:yolo11n:car:g13:6
172,5.736,car,yolo11n,0.7827,29.99,width_fallback,0.0,,0.067,429,266,471,308,False,SAFE,OBJECT OUTSIDE VEHICLE LANE,prolog,object_outside_vehicle_lane,25,1,safe:object_outside_vehicle_lane:25* | safe:object_at_safe_distance:20,Object is outside the vehicle lane and not an immediate collision threat.,,road_video_1.mp4:yolo11n:car:g10:6
172,5.736,car,yolo11n,0.7415,25.12,width_fallback,2.228,9.332,0.0,494,265,544,309,False,SAFE,OBJECT OUTSIDE VEHICLE LANE,prolog,object_outside_vehicle_lane,25,1,safe:object_outside_vehicle_lane:25* | safe:object_at_safe_distance:20,Object is outside the vehicle lane and not an immediate collision threat.,,road_video_1.mp4:yolo11n:car:g12:6
173,5.769,car,yolo11n,0.8731,10.19,width_fallback,10.753,1.027,0.16,550,274,682,371,False,SAFE,OBJECT OUTSIDE VEHICLE LANE,prolog,object_outside_vehicle_lane,25,1,safe:object_outside_vehicle_lane:25* | safe:object_at_safe_distance:20,Object is outside the vehicle lane and not an immediate collision threat.,,road_video_1.mp4:yolo11n:car:g13:6
173,5.769,car,yolo11n,0.8076,29.99,width_fallback,0.0,,0.0,429,266,471,307,False,SAFE,OBJECT OUTSIDE VEHICLE LANE,prolog,object_outside_vehicle_lane,25,1,safe:object_outside_vehicle_lane:25* | safe:object_at_safe_distance:20,Object is outside the vehicle lane and not an immediate collision threat.,,road_video_1.mp4:yolo11n:car:g10:6
173,5.769,car,yolo11n,0.7563,24.98,width_fallback,2.142,10.38,0.0,494,265,545,309,False,SAFE,OBJECT OUTSIDE VEHICLE LANE,prolog,object_outside_vehicle_lane,25,1,safe:object_outside_vehicle_lane:25* | safe:object_at_safe_distance:20,Object is outside the vehicle lane and not an immediate collision threat.,,road_video_1.mp4:yolo11n:car:g12:6
174,5.802,car,yolo11n,0.8739,9.82,width_fallback,10.967,0.968,0.154,551,274,689,373,False,SAFE,OBJECT OUTSIDE VEHICLE LANE,prolog,object_outside_vehicle_lane,25,1,safe:object_outside_vehicle_lane:25* | safe:object_at_safe_distance:20,Object is outside the vehicle lane and not an immediate collision threat.,,road_video_1.mp4:yolo11n:car:g13:6
174,5.802,car,yolo11n,0.8047,30.25,width_fallback,0.0,,0.0,429,266,470,307,False,SAFE,OBJECT OUTSIDE VEHICLE LANE,prolog,object_outside_vehicle_lane,25,1,safe:object_outside_vehicle_lane:25* | safe:object_at_safe_distance:20,Object is outside the vehicle lane and not an immediate collision threat.,,road_video_1.mp4:yolo11n:car:g10:6
174,5.802,car,yolo11n,0.7388,24.56,width_fallback,2.785,9.678,0.007,492,264,545,310,False,SAFE,OBJECT OUTSIDE VEHICLE LANE,prolog,object_outside_vehicle_lane,25,1,safe:object_outside_vehicle_lane:25* | safe:object_at_safe_distance:20,Object is outside the vehicle lane and not an immediate collision threat.,,road_video_1.mp4:yolo11n:car:g12:6
175,5.836,car,yolo11n,0.871,9.51,width_fallback,10.881,0.926,0.167,554,274,695,377,False,SAFE,OBJECT OUTSIDE VEHICLE LANE,prolog,object_outside_vehicle_lane,25,1,safe:object_outside_vehicle_lane:25* | safe:object_at_safe_distance:20,Object is outside the vehicle lane and not an immediate collision threat.,,road_video_1.mp4:yolo11n:car:g13:6
175,5.836,car,yolo11n,0.8129,24.61,width_fallback,1.114,15.266,0.007,494,265,545,310,False,SAFE,OBJECT OUTSIDE VEHICLE LANE,prolog,object_outside_vehicle_lane,25,1,safe:object_outside_vehicle_lane:25* | safe:object_at_safe_distance:20,Object is outside the vehicle lane and not an immediate collision threat.,,road_video_1.mp4:yolo11n:car:g12:6
175,5.836,car,yolo11n,0.7969,30.42,width_fallback,0.0,,0.0,429,267,470,307,False,SAFE,OBJECT OUTSIDE VEHICLE LANE,prolog,object_outside_vehicle_lane,25,1,safe:object_outside_vehicle_lane:25* | safe:object_at_safe_distance:20,Object is outside the vehicle lane and not an immediate collision threat.,,road_video_1.mp4:yolo11n:car:g10:6
176,5.869,car,yolo11n,0.8804,9.14,width_fallback,10.967,0.884,0.199,555,274,704,381,True,CRITICAL,BRAKE NOW OBJECT TOO CLOSE,prolog,brake_now_object_too_close,90,4,critical:brake_now_object_too_close:90* | warning:vehicle_following_distance:60 | warning:generic_warning:55 | caution:caution_object_in_vehicle_lane:40 | safe:object_at_safe_distance:20,Object detected very close; immediate braking advised.,,road_video_1.mp4:yolo11n:car:g13:6
176,5.869,car,yolo11n,0.8242,24.64,width_fallback,0.0,,0.015,495,265,546,310,False,SAFE,OBJECT OUTSIDE VEHICLE LANE,prolog,object_outside_vehicle_lane,25,1,safe:object_outside_vehicle_lane:25* | safe:object_at_safe_distance:20,Object is outside the vehicle lane and not an immediate collision threat.,,road_video_1.mp4:yolo11n:car:g12:6
176,5.869,car,yolo11n,0.7893,30.53,width_fallback,0.0,,0.0,429,266,470,307,False,SAFE,OBJECT OUTSIDE VEHICLE LANE,prolog,object_outside_vehicle_lane,25,1,safe:object_outside_vehicle_lane:25* | safe:object_at_safe_distance:20,Object is outside the vehicle lane and not an immediate collision threat.,,road_video_1.mp4:yolo11n:car:g10:6
177,5.902,car,yolo11n,0.9105,8.81,width_fallback,10.581,0.861,0.195,557,274,711,385,True,CRITICAL,BRAKE NOW OBJECT TOO CLOSE,prolog,brake_now_object_too_close,90,4,critical:brake_now_object_too_close:90* | warning:vehicle_following_distance:60 | warning:generic_warning:55 | caution:caution_object_in_vehicle_lane:40 | safe:object_at_safe_distance:20,Object detected very close; immediate braking advised.,,road_video_1.mp4:yolo11n:car:g13:6
177,5.902,car,yolo11n,0.8284,24.5,width_fallback,2.228,13.345,0.009,495,265,547,311,False,SAFE,OBJECT OUTSIDE VEHICLE LANE,prolog,object_outside_vehicle_lane,25,1,safe:object_outside_vehicle_lane:25* | safe:object_at_safe_distance:20,Object is outside the vehicle lane and not an immediate collision threat.,,road_video_1.mp4:yolo11n:car:g12:6
177,5.902,car,yolo11n,0.8054,30.6,width_fallback,0.0,,0.0,429,266,470,307,False,SAFE,OBJECT OUTSIDE VEHICLE LANE,prolog,object_outside_vehicle_lane,25,1,safe:object_outside_vehicle_lane:25* | safe:object_at_safe_distance:20,Object is outside the vehicle lane and not an immediate collision threat.,,road_video_1.mp4:yolo11n:car:g10:6
178,5.936,car,yolo11n,0.9153,8.48,width_fallback,10.453,0.839,0.188,559,274,719,388,True,CRITICAL,BRAKE NOW OBJECT TOO CLOSE,prolog,brake_now_object_too_close,90,4,critical:brake_now_object_too_close:90* | warning:vehicle_following_distance:60 | warning:generic_warning:55 | caution:caution_object_in_vehicle_lane:40 | safe:object_at_safe_distance:20,Object detected very close; immediate braking advised.,,road_video_1.mp4:yolo11n:car:g13:6
178,5.936,car,yolo11n,0.842,24.41,width_fallback,2.87,11.167,0.006,495,264,547,311,False,SAFE,OBJECT OUTSIDE VEHICLE LANE,prolog,object_outside_vehicle_lane,25,1,safe:object_outside_vehicle_lane:25* | safe:object_at_safe_distance:20,Object is outside the vehicle lane and not an immediate collision threat.,,road_video_1.mp4:yolo11n:car:g12:6
178,5.936,car,yolo11n,0.8118,30.64,width_fallback,0.0,,0.0,428,266,469,307,False,SAFE,OBJECT OUTSIDE VEHICLE LANE,prolog,object_outside_vehicle_lane,25,1,safe:object_outside_vehicle_lane:25* | safe:object_at_safe_distance:20,Object is outside the vehicle lane and not an immediate collision threat.,,road_video_1.mp4:yolo11n:car:g10:6
179,5.969,car,yolo11n,0.8948,8.15,width_fallback,10.239,0.819,0.173,562,273,729,391,False,SAFE,OBJECT OUTSIDE VEHICLE LANE,prolog,object_outside_vehicle_lane,25,1,safe:object_outside_vehicle_lane:25* | safe:object_at_safe_distance:20,Object is outside the vehicle lane and not an immediate collision threat.,,road_video_1.mp4:yolo11n:car:g13:6
179,5.969,car,yolo11n,0.8387,24.03,width_fallback,4.669,8.458,0.017,494,264,548,313,False,SAFE,OBJECT OUTSIDE VEHICLE LANE,prolog,object_outside_vehicle_lane,25,1,safe:object_outside_vehicle_lane:25* | safe:object_at_safe_distance:20,Object is outside the vehicle lane and not an immediate collision threat.,,road_video_1.mp4:yolo11n:car:g12:6
179,5.969,car,yolo11n,0.8301,30.67,width_fallback,0.0,,0.0,428,266,469,307,False,SAFE,OBJECT OUTSIDE VEHICLE LANE,prolog,object_outside_vehicle_lane,25,1,safe:object_outside_vehicle_lane:25* | safe:object_at_safe_distance:20,Object is outside the vehicle lane and not an immediate collision threat.,,road_video_1.mp4:yolo11n:car:g10:6
180,6.002,car,yolo11n,0.8925,7.83,width_fallback,10.11,0.799,0.192,565,273,739,397,True,CRITICAL,BRAKE NOW OBJECT TOO CLOSE,prolog,brake_now_object_too_close,90,4,critical:brake_now_object_too_close:90* | warning:vehicle_following_distance:60 | warning:generic_warning:55 | caution:caution_object_in_vehicle_lane:40 | safe:object_at_safe_distance:20,Object detected very close; immediate braking advised.,,road_video_1.mp4:yolo11n:car:g13:6
180,6.002,car,yolo11n,0.8227,23.22,width_fallback,7.54,6.038,0.046,490,263,548,313,False,SAFE,OBJECT OUTSIDE VEHICLE LANE,prolog,object_outside_vehicle_lane,25,1,safe:object_outside_vehicle_lane:25* | safe:object_at_safe_distance:20,Object is outside the vehicle lane and not an immediate collision threat.,,road_video_1.mp4:yolo11n:car:g12:6
180,6.002,car,yolo11n,0.7998,30.69,width_fallback,0.0,,0.067,428,266,469,307,False,SAFE,OBJECT OUTSIDE VEHICLE LANE,prolog,object_outside_vehicle_lane,25,1,safe:object_outside_vehicle_lane:25* | safe:object_at_safe_distance:20,Object is outside the vehicle lane and not an immediate collision threat.,,road_video_1.mp4:yolo11n:car:g10:6
181,6.036,car,yolo11n,0.895,7.49,width_fallback,9.982,0.777,0.191,567,273,751,400,True,CRITICAL,BRAKE NOW OBJECT TOO CLOSE,prolog,brake_now_object_too_close,90,4,critical:brake_now_object_too_close:90* | warning:vehicle_following_distance:60 | warning:generic_warning:55 | caution:caution_object_in_vehicle_lane:40 | safe:object_at_safe_distance:20,Object detected very close; immediate braking advised.,,road_video_1.mp4:yolo11n:car:g13:6
181,6.036,car,yolo11n,0.7958,30.45,width_fallback,0.0,,0.0,427,266,469,307,False,SAFE,OBJECT OUTSIDE VEHICLE LANE,prolog,object_outside_vehicle_lane,25,1,safe:object_outside_vehicle_lane:25* | safe:object_at_safe_distance:20,Object is outside the vehicle lane and not an immediate collision threat.,,road_video_1.mp4:yolo11n:car:g10:6
181,6.036,car,yolo11n,0.7897,22.57,width_fallback,8.525,4.512,0.058,490,263,549,314,False,SAFE,OBJECT OUTSIDE VEHICLE LANE,prolog,object_outside_vehicle_lane,25,1,safe:object_outside_vehicle_lane:25* | safe:object_at_safe_distance:20,Object is outside the vehicle lane and not an immediate collision threat.,,road_video_1.mp4:yolo11n:car:g12:6
182,6.069,car,yolo11n,0.8916,7.18,width_fallback,9.982,0.751,0.213,571,273,762,407,True,CRITICAL,BRAKE NOW OBJECT TOO CLOSE,prolog,brake_now_object_too_close,90,4,critical:brake_now_object_too_close:90* | warning:vehicle_following_distance:60 | warning:generic_warning:55 | caution:caution_object_in_vehicle_lane:40 | safe:object_at_safe_distance:20,Object detected very close; immediate braking advised.,,road_video_1.mp4:yolo11n:car:g13:6
182,6.069,car,yolo11n,0.8042,30.55,width_fallback,0.0,,0.133,427,266,468,307,False,SAFE,OBJECT OUTSIDE VEHICLE LANE,prolog,object_outside_vehicle_lane,25,1,safe:object_outside_vehicle_lane:25* | safe:object_at_safe_distance:20,Object is outside the vehicle lane and not an immediate collision threat.,,road_video_1.mp4:yolo11n:car:g10:6
182,6.069,car,yolo11n,0.7919,22.15,width_fallback,10.539,3.427,0.07,491,263,550,314,False,SAFE,OBJECT OUTSIDE VEHICLE LANE,prolog,object_outside_vehicle_lane,25,1,safe:object_outside_vehicle_lane:25* | safe:object_at_safe_distance:20,Object is outside the vehicle lane and not an immediate collision threat.,,road_video_1.mp4:yolo11n:car:g12:6
183,6.103,car,yolo11n,0.9104,6.86,width_fallback,9.767,0.729,0.187,575,272,776,410,True,CRITICAL,BRAKE NOW OBJECT TOO CLOSE,prolog,brake_now_object_too_close,90,4,critical:brake_now_object_too_close:90* | warning:vehicle_following_distance:60 | warning:generic_warning:55 | caution:caution_object_in_vehicle_lane:40 | safe:object_at_safe_distance:20,Object detected very close; immediate braking advised.,,road_video_1.mp4:yolo11n:car:g13:6
183,6.103,car,yolo11n,0.8259,30.36,width_fallback,0.728,32.516,0.2,426,267,468,308,True,SAFE,OBJECT AT SAFE DISTANCE,prolog,object_at_safe_distance,20,0,safe:object_at_safe_distance:20*,Object is at a safe distance.,,road_video_1.mp4:yolo11n:car:g10:6
183,6.103,car,yolo11n,0.7548,21.87,width_fallback,11.867,2.714,0.039,492,263,551,314,False,SAFE,OBJECT OUTSIDE VEHICLE LANE,prolog,object_outside_vehicle_lane,25,1,safe:object_outside_vehicle_lane:25* | safe:object_at_safe_distance:20,Object is outside the vehicle lane and not an immediate collision threat.,,road_video_1.mp4:yolo11n:car:g12:6
184,6.136,car,yolo11n,0.9032,6.54,width_fallback,9.725,0.704,0.208,577,273,789,416,True,CRITICAL,BRAKE NOW OBJECT TOO CLOSE,prolog,brake_now_object_too_close,90,4,critical:brake_now_object_too_close:90* | warning:vehicle_following_distance:60 | warning:generic_warning:55 | caution:caution_object_in_vehicle_lane:40 | safe:object_at_safe_distance:20,Object detected very close; immediate braking advised.,,road_video_1.mp4:yolo11n:car:g13:6
184,6.136,car,yolo11n,0.8301,29.99,width_fallback,2.613,23.048,0.133,425,267,468,308,False,SAFE,OBJECT OUTSIDE VEHICLE LANE,prolog,object_outside_vehicle_lane,25,1,safe:object_outside_vehicle_lane:25* | safe:object_at_safe_distance:20,Object is outside the vehicle lane and not an immediate collision threat.,,road_video_1.mp4:yolo11n:car:g10:6
184,6.136,car,yolo11n,0.8069,21.0,width_fallback,14.994,2.123,0.037,488,262,553,314,False,SAFE,OBJECT OUTSIDE VEHICLE LANE,prolog,object_outside_vehicle_lane,25,1,safe:object_outside_vehicle_lane:25* | safe:object_at_safe_distance:20,Object is outside the vehicle lane and not an immediate collision threat.,,road_video_1.mp4:yolo11n:car:g12:6
185,6.169,car,yolo11n,0.9249,6.23,width_fallback,9.639,0.678,0.175,581,272,804,421,False,SAFE,OBJECT OUTSIDE VEHICLE LANE,prolog,object_outside_vehicle_lane,25,1,safe:object_outside_vehicle_lane:25* | safe:object_at_safe_distance:20,Object is outside the vehicle lane and not an immediate collision threat.,,road_video_1.mp4:yolo11n:car:g13:6
185,6.169,car,yolo11n,0.8572,29.99,width_fallback,2.785,17.523,0.0,425,267,467,308,False,SAFE,OBJECT OUTSIDE VEHICLE LANE,prolog,object_outside_vehicle_lane,25,1,safe:object_outside_vehicle_lane:25* | safe:object_at_safe_distance:20,Object is outside the vehicle lane and not an immediate collision threat.,,road_video_1.mp4:yolo11n:car:g10:6
185,6.169,car,yolo11n,0.8074,20.33,width_fallback,17.478,1.691,0.005,488,262,554,314,False,SAFE,OBJECT OUTSIDE VEHICLE LANE,prolog,object_outside_vehicle_lane,25,1,safe:object_outside_vehicle_lane:25* | safe:object_at_safe_distance:20,Object is outside the vehicle lane and not an immediate collision threat.,,road_video_1.mp4:yolo11n:car:g12:6
186,6.203,car,yolo11n,0.8837,5.94,width_fallback,9.468,0.655,0.156,586,272,819,426,False,SAFE,OBJECT OUTSIDE VEHICLE LANE,prolog,object_outside_vehicle_lane,25,1,safe:object_outside_vehicle_lane:25* | safe:object_at_safe_distance:20,Object is outside the vehicle lane and not an immediate collision threat.,,road_video_1.mp4:yolo11n:car:g13:6
186,6.203,car,yolo11n,0.856,30.25,width_fallback,1.799,17.203,0.0,425,268,466,308,False,SAFE,OBJECT OUTSIDE VEHICLE LANE,prolog,object_outside_vehicle_lane,25,1,safe:object_outside_vehicle_lane:25* | safe:object_at_safe_distance:20,Object is outside the vehicle lane and not an immediate collision threat.,,road_video_1.mp4:yolo11n:car:g10:6
186,6.203,car,yolo11n,0.7837,20.69,width_fallback,14.308,1.581,0.0,495,262,554,316,False,SAFE,OBJECT OUTSIDE VEHICLE LANE,prolog,object_outside_vehicle_lane,25,1,safe:object_outside_vehicle_lane:25* | safe:object_at_safe_distance:20,Object is outside the vehicle lane and not an immediate collision threat.,,road_video_1.mp4:yolo11n:car:g12:6
187,6.236,car,yolo11n,0.8964,5.67,width_fallback,9.253,0.636,0.158,590,272,834,435,False,SAFE,OBJECT OUTSIDE VEHICLE LANE,prolog,object_outside_vehicle_lane,25,1,safe:object_outside_vehicle_lane:25* | safe:object_at_safe_distance:20,Object is outside the vehicle lane and not an immediate collision threat.,,road_video_1.mp4:yolo11n:car:g13:6
187,6.236,car,yolo11n,0.8441,30.42,width_fallback,1.157,21.297,0.0,425,268,466,308,False,SAFE,OBJECT OUTSIDE VEHICLE LANE,prolog,object_outside_vehicle_lane,25,1,safe:object_outside_vehicle_lane:25* | safe:object_at_safe_distance:20,Object is outside the vehicle lane and not an immediate collision threat.,,road_video_1.mp4:yolo11n:car:g10:6
187,6.236,car,yolo11n,0.7364,20.68,width_fallback,10.881,1.725,0.0,494,262,555,317,False,SAFE,OBJECT OUTSIDE VEHICLE LANE,prolog,object_outside_vehicle_lane,25,1,safe:object_outside_vehicle_lane:25* | safe:object_at_safe_distance:20,Object is outside the vehicle lane and not an immediate collision threat.,,road_video_1.mp4:yolo11n:car:g12:6
188,6.269,car,yolo11n,0.8884,5.44,width_fallback,8.782,0.629,0.197,596,272,847,447,True,CRITICAL,BRAKE NOW OBJECT TOO CLOSE,prolog,brake_now_object_too_close,90,4,critical:brake_now_object_too_close:90* | warning:vehicle_following_distance:60 | warning:generic_warning:55 | caution:caution_object_in_vehicle_lane:40 | safe:object_at_safe_distance:20,Object detected very close; immediate braking advised.,,road_video_1.mp4:yolo11n:car:g13:6
188,6.269,car,yolo11n,0.8349,30.53,width_fallback,0.0,,0.0,425,268,466,309,False,SAFE,OBJECT OUTSIDE VEHICLE LANE,prolog,object_outside_vehicle_lane,25,1,safe:object_outside_vehicle_lane:25* | safe:object_at_safe_distance:20,Object is outside the vehicle lane and not an immediate collision threat.,,road_video_1.mp4:yolo11n:car:g10:6
188,6.269,car,yolo11n,0.7588,20.44,width_fallback,9.125,1.957,0.0,492,262,555,317,False,SAFE,OBJECT OUTSIDE VEHICLE LANE,prolog,object_outside_vehicle_lane,25,1,safe:object_outside_vehicle_lane:25* | safe:object_at_safe_distance:20,Object is outside the vehicle lane and not an immediate collision threat.,,road_video_1.mp4:yolo11n:car:g12:6
189,6.303,car,yolo11n,0.9104,5.32,width_fallback,7.968,0.646,0.247,600,272,847,458,True,CRITICAL,BRAKE NOW OBJECT TOO CLOSE,prolog,brake_now_object_too_close,90,4,critical:brake_now_object_too_close:90* | warning:vehicle_following_distance:60 | warning:generic_warning:55 | caution:caution_object_in_vehicle_lane:40 | safe:object_at_safe_distance:20,Object detected very close; immediate braking advised.,,road_video_1.mp4:yolo11n:car:g13:6
189,6.303,car,yolo11n,0.8126,30.6,width_fallback,0.0,,0.0,425,268,466,309,False,SAFE,OBJECT OUTSIDE VEHICLE LANE,prolog,object_outside_vehicle_lane,25,1,safe:object_outside_vehicle_lane:25* | safe:object_at_safe_distance:20,Object is outside the vehicle lane and not an immediate collision threat.,,road_video_1.mp4:yolo11n:car:g10:6
189,6.303,car,yolo11n,0.7872,19.87,width_fallback,9.767,1.992,0.003,489,262,556,318,False,SAFE,OBJECT OUTSIDE VEHICLE LANE,prolog,object_outside_vehicle_lane,25,1,safe:object_outside_vehicle_lane:25* | safe:object_at_safe_distance:20,Object is outside the vehicle lane and not an immediate collision threat.,,road_video_1.mp4:yolo11n:car:g12:6
190,6.336,car,yolo11n,0.8253,5.3,width_fallback,6.683,0.712,0.23,607,272,847,465,True,CRITICAL,BRAKE NOW OBJECT TOO CLOSE,prolog,brake_now_object_too_close,90,4,critical:brake_now_object_too_close:90* | warning:vehicle_following_distance:60 | warning:generic_warning:55 | caution:caution_object_in_vehicle_lane:40 | safe:object_at_safe_distance:20,Object detected very close; immediate braking advised.,,road_video_1.mp4:yolo11n:car:g13:6
190,6.336,car,yolo11n,0.8076,19.13,width_fallback,11.738,1.829,0.001,487,262,558,318,False,SAFE,OBJECT OUTSIDE VEHICLE LANE,prolog,object_outside_vehicle_lane,25,1,safe:object_outside_vehicle_lane:25* | safe:object_at_safe_distance:20,Object is outside the vehicle lane and not an immediate collision threat.,,road_video_1.mp4:yolo11n:car:g12:6
190,6.336,car,yolo11n,0.7945,30.91,width_fallback,0.0,,0.0,425,268,465,309,False,SAFE,OBJECT OUTSIDE VEHICLE LANE,prolog,object_outside_vehicle_lane,25,1,safe:object_outside_vehicle_lane:25* | safe:object_at_safe_distance:20,Object is outside the vehicle lane and not an immediate collision threat.,,road_video_1.mp4:yolo11n:car:g10:6
191,6.369,car,yolo11n,0.8919,5.33,width_fallback,5.184,0.854,0.246,613,272,847,471,True,CRITICAL,BRAKE NOW OBJECT TOO CLOSE,prolog,brake_now_object_too_close,90,4,critical:brake_now_object_too_close:90* | warning:vehicle_following_distance:60 | warning:generic_warning:55 | caution:caution_object_in_vehicle_lane:40 | safe:object_at_safe_distance:20,Object detected very close; immediate braking advised.,,road_video_1.mp4:yolo11n:car:g13:6
191,6.369,car,yolo11n,0.8258,30.85,width_fallback,0.0,,0.0,424,268,465,308,False,SAFE,OBJECT OUTSIDE VEHICLE LANE,prolog,object_outside_vehicle_lane,25,1,safe:object_outside_vehicle_lane:25* | safe:object_at_safe_distance:20,Object is outside the vehicle lane and not an immediate collision threat.,,road_video_1.mp4:yolo11n:car:g10:6
191,6.369,car,yolo11n,0.8204,18.56,width_fallback,10.453,1.805,0.0,487,262,559,319,False,SAFE,OBJECT OUTSIDE VEHICLE LANE,prolog,object_outside_vehicle_lane,25,1,safe:object_outside_vehicle_lane:25* | safe:object_at_safe_distance:20,Object is outside the vehicle lane and not an immediate collision threat.,,road_video_1.mp4:yolo11n:car:g12:6
192,6.403,car,yolo11n,0.8887,5.39,width_fallback,3.599,1.144,0.23,618,271,847,471,True,CRITICAL,BRAKE NOW OBJECT TOO CLOSE,prolog,brake_now_object_too_close,90,4,critical:brake_now_object_too_close:90* | warning:vehicle_following_distance:60 | warning:generic_warning:55 | caution:caution_object_in_vehicle_lane:40 | safe:object_at_safe_distance:20,Object detected very close; immediate braking advised.,,road_video_1.mp4:yolo11n:car:g13:6
192,6.403,car,yolo11n,0.8295,30.81,width_fallback,0.0,,0.0,424,268,465,309,False,SAFE,OBJECT OUTSIDE VEHICLE LANE,prolog,object_outside_vehicle_lane,25,1,safe:object_outside_vehicle_lane:25* | safe:object_at_safe_distance:20,Object is outside the vehicle lane and not an immediate collision threat.,,road_video_1.mp4:yolo11n:car:g10:6
192,6.403,car,yolo11n,0.7848,18.28,width_fallback,8.782,1.929,0.001,488,262,559,320,False,SAFE,OBJECT OUTSIDE VEHICLE LANE,prolog,object_outside_vehicle_lane,25,1,safe:object_outside_vehicle_lane:25* | safe:object_at_safe_distance:20,Object is outside the vehicle lane and not an immediate collision threat.,,road_video_1.mp4:yolo11n:car:g12:6
193,6.436,car,yolo11n,0.9206,5.49,width_fallback,1.928,1.911,0.207,625,271,847,472,True,WARNING,SLOW DOWN AND INCREASE FOLLOWING DISTANCE,prolog,vehicle_following_distance,60,3,warning:vehicle_following_distance:60* | warning:generic_warning:55 | caution:caution_object_in_vehicle_lane:40 | safe:object_at_safe_distance:20,Reduce speed and increase following distance to maintain a safe gap.,,road_video_1.mp4:yolo11n:car:g13:6
193,6.436,car,yolo11n,0.8219,30.78,width_fallback,0.0,,0.0,423,268,464,309,False,SAFE,OBJECT OUTSIDE VEHICLE LANE,prolog,object_outside_vehicle_lane,25,1,safe:object_outside_vehicle_lane:25* | safe:object_at_safe_distance:20,Object is outside the vehicle lane and not an immediate collision threat.,,road_video_1.mp4:yolo11n:car:g10:6
193,6.436,car,yolo11n,0.7915,18.27,width_fallback,10.367,1.854,0.001,490,262,559,320,False,SAFE,OBJECT OUTSIDE VEHICLE LANE,prolog,object_outside_vehicle_lane,25,1,safe:object_outside_vehicle_lane:25* | safe:object_at_safe_distance:20,Object is outside the vehicle lane and not an immediate collision threat.,,road_video_1.mp4:yolo11n:car:g12:6
193,6.436,person,yolo11n,0.6424,23.46,width_fallback,0.0,,0.0,624,274,641,313,False,SAFE,OBJECT OUTSIDE VEHICLE LANE,prolog,object_outside_vehicle_lane,25,1,safe:object_outside_vehicle_lane:25* | safe:object_at_safe_distance:20,Object is outside the vehicle lane and not an immediate collision threat.,,road_video_1.mp4:yolo11n:person:g15:6
194,6.469,car,yolo11n,0.9137,5.62,width_fallback,0.214,12.858,0.181,632,271,847,472,True,WARNING,SLOW DOWN AND INCREASE FOLLOWING DISTANCE,prolog,vehicle_following_distance,60,3,warning:vehicle_following_distance:60* | warning:generic_warning:55 | caution:caution_object_in_vehicle_lane:40 | safe:object_at_safe_distance:20,Reduce speed and increase following distance to maintain a safe gap.,,road_video_1.mp4:yolo11n:car:g13:6
194,6.469,car,yolo11n,0.8198,30.51,width_fallback,0.0,,0.0,422,268,464,309,False,SAFE,OBJECT OUTSIDE VEHICLE LANE,prolog,object_outside_vehicle_lane,25,1,safe:object_outside_vehicle_lane:25* | safe:object_at_safe_distance:20,Object is outside the vehicle lane and not an immediate collision threat.,,road_video_1.mp4:yolo11n:car:g10:6
194,6.469,car,yolo11n,0.7303,18.27,width_fallback,10.324,1.816,0.0,492,261,561,320,False,SAFE,OBJECT OUTSIDE VEHICLE LANE,prolog,object_outside_vehicle_lane,25,1,safe:object_outside_vehicle_lane:25* | safe:object_at_safe_distance:20,Object is outside the vehicle lane and not an immediate collision threat.,,road_video_1.mp4:yolo11n:car:g12:6
194,6.469,person,yolo11n,0.5377,23.41,width_fallback,0.0,,0.0,625,274,640,313,False,SAFE,OBJECT OUTSIDE VEHICLE LANE,prolog,object_outside_vehicle_lane,25,1,safe:object_outside_vehicle_lane:25* | safe:object_at_safe_distance:20,Object is outside the vehicle lane and not an immediate collision threat.,,road_video_1.mp4:yolo11n:person:g15:6
195,6.503,car,yolo11n,0.9253,5.77,width_fallback,0.0,,0.187,639,271,847,473,True,WARNING,SLOW DOWN AND INCREASE FOLLOWING DISTANCE,prolog,vehicle_following_distance,60,3,warning:vehicle_following_distance:60* | warning:generic_warning:55 | caution:caution_object_in_vehicle_lane:40 | safe:object_at_safe_distance:20,Reduce speed and increase following distance to maintain a safe gap.,,road_video_1.mp4:yolo11n:car:g13:6
195,6.503,car,yolo11n,0.839,29.85,width_fallback,2.913,16.324,0.0,420,268,464,309,False,SAFE,OBJECT OUTSIDE VEHICLE LANE,prolog,object_outside_vehicle_lane,25,1,safe:object_outside_vehicle_lane:25* | safe:object_at_safe_distance:20,Object is outside the vehicle lane and not an immediate collision threat.,,road_video_1.mp4:yolo11n:car:g10:6
195,6.503,car,yolo11n,0.757,18.09,width_fallback,10.067,1.807,0.001,491,262,562,321,False,SAFE,OBJECT OUTSIDE VEHICLE LANE,prolog,object_outside_vehicle_lane,25,1,safe:object_outside_vehicle_lane:25* | safe:object_at_safe_distance:20,Object is outside the vehicle lane and not an immediate collision threat.,,road_video_1.mp4:yolo11n:car:g12:6
195,6.503,person,yolo11n,0.581,22.88,width_fallback,0.0,,0.0,626,274,642,313,False,SAFE,OBJECT OUTSIDE VEHICLE LANE,prolog,object_outside_vehicle_lane,25,1,safe:object_outside_vehicle_lane:25* | safe:object_at_safe_distance:20,Object is outside the vehicle lane and not an immediate collision threat.,,road_video_1.mp4:yolo11n:person:g15:6
196,6.536,car,yolo11n,0.9044,5.95,width_fallback,0.0,,0.16,646,271,847,473,False,SAFE,OBJECT OUTSIDE VEHICLE LANE,prolog,object_outside_vehicle_lane,25,1,safe:object_outside_vehicle_lane:25* | safe:object_at_safe_distance:20,Object is outside the vehicle lane and not an immediate collision threat.,,road_video_1.mp4:yolo11n:car:g13:6
196,6.536,car,yolo11n,0.8179,29.66,width_fallback,4.027,12.293,0.0,420,268,463,309,False,SAFE,OBJECT OUTSIDE VEHICLE LANE,prolog,object_outside_vehicle_lane,25,1,safe:object_outside_vehicle_lane:25* | safe:object_at_safe_distance:20,Object is outside the vehicle lane and not an immediate collision threat.,,road_video_1.mp4:yolo11n:car:g10:6
196,6.536,car,yolo11n,0.7557,17.64,width_fallback,9.553,1.825,0.02,489,261,564,322,False,SAFE,OBJECT OUTSIDE VEHICLE LANE,prolog,object_outside_vehicle_lane,25,1,safe:object_outside_vehicle_lane:25* | safe:object_at_safe_distance:20,Object is outside the vehicle lane and not an immediate collision threat.,,road_video_1.mp4:yolo11n:car:g12:6
196,6.536,person,yolo11n,0.5231,22.53,width_fallback,0.0,,0.0,629,274,645,315,False,SAFE,OBJECT OUTSIDE VEHICLE LANE,prolog,object_outside_vehicle_lane,25,1,safe:object_outside_vehicle_lane:25* | safe:object_at_safe_distance:20,Object is outside the vehicle lane and not an immediate collision threat.,,road_video_1.mp4:yolo11n:person:g15:6
197,6.569,car,yolo11n,0.8864,6.15,width_fallback,0.0,,0.131,654,270,847,471,False,SAFE,OBJECT OUTSIDE VEHICLE LANE,prolog,object_outside_vehicle_lane,25,1,safe:object_outside_vehicle_lane:25* | safe:object_at_safe_distance:20,Object is outside the vehicle lane and not an immediate collision threat.,,road_video_1.mp4:yolo11n:car:g13:6
197,6.569,car,yolo11n,0.8324,29.78,width_fallback,4.841,9.529,0.0,420,268,462,309,False,SAFE,OBJECT OUTSIDE VEHICLE LANE,prolog,object_outside_vehicle_lane,25,1,safe:object_outside_vehicle_lane:25* | safe:object_at_safe_distance:20,Object is outside the vehicle lane and not an immediate collision threat.,,road_video_1.mp4:yolo11n:car:g10:6
197,6.569,car,yolo11n,0.739,17.27,width_fallback,7.968,1.979,0.042,490,261,566,323,False,SAFE,OBJECT OUTSIDE VEHICLE LANE,prolog,object_outside_vehicle_lane,25,1,safe:object_outside_vehicle_lane:25* | safe:object_at_safe_distance:20,Object is outside the vehicle lane and not an immediate collision threat.,,road_video_1.mp4:yolo11n:car:g12:6
197,6.569,person,yolo11n,0.5807,22.3,width_fallback,0.0,,0.0,631,274,647,315,False,SAFE,OBJECT OUTSIDE VEHICLE LANE,prolog,object_outside_vehicle_lane,25,1,safe:object_outside_vehicle_lane:25* | safe:object_at_safe_distance:20,Object is outside the vehicle lane and not an immediate collision threat.,,road_video_1.mp4:yolo11n:person:g15:6
198,6.603,car,yolo11n,0.8943,6.41,width_fallback,0.0,,0.105,664,270,847,469,False,SAFE,OBJECT OUTSIDE VEHICLE LANE,prolog,object_outside_vehicle_lane,25,1,safe:object_outside_vehicle_lane:25* | safe:object_at_safe_distance:20,Object is outside the vehicle lane and not an immediate collision threat.,,road_video_1.mp4:yolo11n:car:g13:6
198,6.603,car,yolo11n,0.8369,29.86,width_fallback,4.241,8.409,0.0,419,268,461,308,False,SAFE,OBJECT OUTSIDE VEHICLE LANE,prolog,object_outside_vehicle_lane,25,1,safe:object_outside_vehicle_lane:25* | safe:object_at_safe_distance:20,Object is outside the vehicle lane and not an immediate collision threat.,,road_video_1.mp4:yolo11n:car:g10:6
198,6.603,car,yolo11n,0.7536,16.95,width_fallback,6.897,2.194,0.083,489,261,566,324,False,SAFE,OBJECT OUTSIDE VEHICLE LANE,prolog,object_outside_vehicle_lane,25,1,safe:object_outside_vehicle_lane:25* | safe:object_at_safe_distance:20,Object is outside the vehicle lane and not an immediate collision threat.,,road_video_1.mp4:yolo11n:car:g12:6
199,6.636,car,yolo11n,0.9068,6.7,width_fallback,0.0,,0.075,673,266,847,469,False,SAFE,OBJECT OUTSIDE VEHICLE LANE,prolog,object_outside_vehicle_lane,25,1,safe:object_outside_vehicle_lane:25* | safe:object_at_safe_distance:20,Object is outside the vehicle lane and not an immediate collision threat.,,road_video_1.mp4:yolo11n:car:g13:6
199,6.636,car,yolo11n,0.8384,30.16,width_fallback,2.785,9.499,0.0,419,268,460,308,False,SAFE,OBJECT OUTSIDE VEHICLE LANE,prolog,object_outside_vehicle_lane,25,1,safe:object_outside_vehicle_lane:25* | safe:object_at_safe_distance:20,Object is outside the vehicle lane and not an immediate collision threat.,,road_video_1.mp4:yolo11n:car:g10:6
199,6.636,person,yolo11n,0.7643,17.28,width_fallback,0.0,,0.0,313,262,332,324,False,SAFE,OBJECT OUTSIDE VEHICLE LANE,prolog,object_outside_vehicle_lane,25,1,safe:object_outside_vehicle_lane:25* | safe:object_at_safe_distance:20,Object is outside the vehicle lane and not an immediate collision threat.,,road_video_1.mp4:yolo11n:person:g7:6
199,6.636,car,yolo11n,0.6851,16.67,width_fallback,6.897,2.295,0.054,489,261,567,324,False,SAFE,OBJECT OUTSIDE VEHICLE LANE,prolog,object_outside_vehicle_lane,25,1,safe:object_outside_vehicle_lane:25* | safe:object_at_safe_distance:20,Object is outside the vehicle lane and not an immediate collision threat.,,road_video_1.mp4:yolo11n:car:g12:6
199,6.636,person,yolo11n,0.6248,5.8,width_fallback,0.0,,0.0,799,290,847,362,False,SAFE,OBJECT OUTSIDE VEHICLE LANE,prolog,object_outside_vehicle_lane,25,1,safe:object_outside_vehicle_lane:25* | safe:object_at_safe_distance:20,Object is outside the vehicle lane and not an immediate collision threat.,,road_video_1.mp4:yolo11n:person:g19:7
200,6.669,car,yolo11n,0.8538,7.08,width_fallback,0.0,,0.083,685,267,847,470,False,SAFE,OBJECT OUTSIDE VEHICLE LANE,prolog,object_outside_vehicle_lane,25,1,safe:object_outside_vehicle_lane:25* | safe:object_at_safe_distance:20,Object is outside the vehicle lane and not an immediate collision threat.,,road_video_1.mp4:yolo11n:car:g13:6
200,6.669,car,yolo11n,0.8229,30.11,width_fallback,2.87,9.945,0.0,418,268,460,308,False,SAFE,OBJECT OUTSIDE VEHICLE LANE,prolog,object_outside_vehicle_lane,25,1,safe:object_outside_vehicle_lane:25* | safe:object_at_safe_distance:20,Object is outside the vehicle lane and not an immediate collision threat.,,road_video_1.mp4:yolo11n:car:g10:6
200,6.669,car,yolo11n,0.5545,16.64,width_fallback,6.983,2.334,0.098,491,261,567,325,False,SAFE,OBJECT OUTSIDE VEHICLE LANE,prolog,object_outside_vehicle_lane,25,1,safe:object_outside_vehicle_lane:25* | safe:object_at_safe_distance:20,Object is outside the vehicle lane and not an immediate collision threat.,,road_video_1.mp4:yolo11n:car:g12:6
201,6.703,car,yolo11n,0.9165,7.5,width_fallback,0.0,,0.063,695,267,847,470,False,SAFE,OBJECT OUTSIDE VEHICLE LANE,prolog,object_outside_vehicle_lane,25,1,safe:object_outside_vehicle_lane:25* | safe:object_at_safe_distance:20,Object is outside the vehicle lane and not an immediate collision threat.,,road_video_1.mp4:yolo11n:car:g13:6
201,6.703,car,yolo11n,0.8374,30.32,width_fallback,0.814,22.233,0.0,418,268,459,308,False,SAFE,OBJECT OUTSIDE VEHICLE LANE,prolog,object_outside_vehicle_lane,25,1,safe:object_outside_vehicle_lane:25* | safe:object_at_safe_distance:20,Object is outside the vehicle lane and not an immediate collision threat.,,road_video_1.mp4:yolo11n:car:g10:6
201,6.703,car,yolo11n,0.5823,16.4,width_fallback,8.011,2.205,0.096,490,261,569,325,False,SAFE,OBJECT OUTSIDE VEHICLE LANE,prolog,object_outside_vehicle_lane,25,1,safe:object_outside_vehicle_lane:25* | safe:object_at_safe_distance:20,Object is outside the vehicle lane and not an immediate collision threat.,,road_video_1.mp4:yolo11n:car:g12:6
202,6.736,car,yolo11n,0.9252,8.05,width_fallback,0.0,,0.035,708,267,847,470,False,SAFE,OBJECT OUTSIDE VEHICLE LANE,prolog,object_outside_vehicle_lane,25,1,safe:object_outside_vehicle_lane:25* | safe:object_at_safe_distance:20,Object is outside the vehicle lane and not an immediate collision threat.,,road_video_1.mp4:yolo11n:car:g13:6
202,6.736,car,yolo11n,0.847,30.47,width_fallback,0.0,,0.0,418,268,459,308,False,SAFE,OBJECT OUTSIDE VEHICLE LANE,prolog,object_outside_vehicle_lane,25,1,safe:object_outside_vehicle_lane:25* | safe:object_at_safe_distance:20,Object is outside the vehicle lane and not an immediate collision threat.,,road_video_1.mp4:yolo11n:car:g10:6
202,6.736,car,yolo11n,0.6789,16.17,width_fallback,8.225,2.097,0.083,489,262,569,326,False,SAFE,OBJECT OUTSIDE VEHICLE LANE,prolog,object_outside_vehicle_lane,25,1,safe:object_outside_vehicle_lane:25* | safe:object_at_safe_distance:20,Object is outside the vehicle lane and not an immediate collision threat.,,road_video_1.mp4:yolo11n:car:g12:6
203,6.769,car,yolo11n,0.9263,8.7,width_fallback,0.0,,0.019,720,269,847,471,False,SAFE,OBJECT OUTSIDE VEHICLE LANE,prolog,object_outside_vehicle_lane,25,1,safe:object_outside_vehicle_lane:25* | safe:object_at_safe_distance:20,Object is outside the vehicle lane and not an immediate collision threat.,,road_video_1.mp4:yolo11n:car:g13:6
203,6.769,car,yolo11n,0.8685,30.83,width_fallback,0.0,,0.0,418,268,458,308,False,SAFE,OBJECT OUTSIDE VEHICLE LANE,prolog,object_outside_vehicle_lane,25,1,safe:object_outside_vehicle_lane:25* | safe:object_at_safe_distance:20,Object is outside the vehicle lane and not an immediate collision threat.,,road_video_1.mp4:yolo11n:car:g10:6
203,6.769,car,yolo11n,0.6103,15.96,width_fallback,7.197,2.152,0.082,489,262,570,326,False,SAFE,OBJECT OUTSIDE VEHICLE LANE,prolog,object_outside_vehicle_lane,25,1,safe:object_outside_vehicle_lane:25* | safe:object_at_safe_distance:20,Object is outside the vehicle lane and not an immediate collision threat.,,road_video_1.mp4:yolo11n:car:g12:6
203,6.769,person,yolo11n,0.5259,19.4,width_fallback,0.0,,0.0,307,265,322,324,False,SAFE,OBJECT OUTSIDE VEHICLE LANE,prolog,object_outside_vehicle_lane,25,1,safe:object_outside_vehicle_lane:25* | safe:object_at_safe_distance:20,Object is outside the vehicle lane and not an immediate collision threat.,,road_video_1.mp4:yolo11n:person:g7:6
203,6.769,person,yolo11n,0.5175,21.7,width_fallback,0.0,,0.0,644,275,661,321,False,SAFE,OBJECT OUTSIDE VEHICLE LANE,prolog,object_outside_vehicle_lane,25,1,safe:object_outside_vehicle_lane:25* | safe:object_at_safe_distance:20,Object is outside the vehicle lane and not an immediate collision threat.,,road_video_1.mp4:yolo11n:person:g15:6
204,6.803,car,yolo11n,0.8844,9.49,width_fallback,0.0,,0.001,732,272,847,471,False,SAFE,OBJECT OUTSIDE VEHICLE LANE,prolog,object_outside_vehicle_lane,25,1,safe:object_outside_vehicle_lane:25* | safe:object_at_safe_distance:20,Object is outside the vehicle lane and not an immediate collision threat.,,road_video_1.mp4:yolo11n:car:g13:6
204,6.803,car,yolo11n,0.8132,30.79,width_fallback,0.0,,0.0,417,268,458,308,False,SAFE,OBJECT OUTSIDE VEHICLE LANE,prolog,object_outside_vehicle_lane,25,1,safe:object_outside_vehicle_lane:25* | safe:object_at_safe_distance:20,Object is outside the vehicle lane and not an immediate collision threat.,,road_video_1.mp4:yolo11n:car:g10:6
204,6.803,car,yolo11n,0.6156,15.82,width_fallback,6.212,2.329,0.069,490,259,571,327,False,SAFE,OBJECT OUTSIDE VEHICLE LANE,prolog,object_outside_vehicle_lane,25,1,safe:object_outside_vehicle_lane:25* | safe:object_at_safe_distance:20,Object is outside the vehicle lane and not an immediate collision threat.,,road_video_1.mp4:yolo11n:car:g12:6
205,6.836,car,yolo11n,0.8796,10.63,width_fallback,0.0,,0.0,748,275,847,471,False,SAFE,OBJECT OUTSIDE VEHICLE LANE,prolog,object_outside_vehicle_lane,25,1,safe:object_outside_vehicle_lane:25* | safe:object_at_safe_distance:20,Object is outside the vehicle lane and not an immediate collision threat.,,road_video_1.mp4:yolo11n:car:g13:6
205,6.836,car,yolo11n,0.8295,31.04,width_fallback,0.0,,0.0,417,268,457,308,False,SAFE,OBJECT OUTSIDE VEHICLE LANE,prolog,object_outside_vehicle_lane,25,1,safe:object_outside_vehicle_lane:25* | safe:object_at_safe_distance:20,Object is outside the vehicle lane and not an immediate collision threat.,,road_video_1.mp4:yolo11n:car:g10:6
205,6.836,car,yolo11n,0.5846,15.59,width_fallback,5.826,2.485,0.055,489,259,572,328,False,SAFE,OBJECT OUTSIDE VEHICLE LANE,prolog,object_outside_vehicle_lane,25,1,safe:object_outside_vehicle_lane:25* | safe:object_at_safe_distance:20,Object is outside the vehicle lane and not an immediate collision threat.,,road_video_1.mp4:yolo11n:car:g12:6
206,6.87,car,yolo11n,0.8406,12.16,width_fallback,0.0,,0.0,763,279,847,473,False,SAFE,OBJECT OUTSIDE VEHICLE LANE,prolog,object_outside_vehicle_lane,25,1,safe:object_outside_vehicle_lane:25* | safe:object_at_safe_distance:20,Object is outside the vehicle lane and not an immediate collision threat.,,road_video_1.mp4:yolo11n:car:g13:6
206,6.87,car,yolo11n,0.8329,31.2,width_fallback,0.0,,0.0,416,269,456,308,False,SAFE,OBJECT OUTSIDE VEHICLE LANE,prolog,object_outside_vehicle_lane,25,1,safe:object_outside_vehicle_lane:25* | safe:object_at_safe_distance:20,Object is outside the vehicle lane and not an immediate collision threat.,,road_video_1.mp4:yolo11n:car:g10:6
206,6.87,car,yolo11n,0.6254,15.45,width_fallback,5.226,2.697,0.007,490,260,573,330,False,SAFE,OBJECT OUTSIDE VEHICLE LANE,prolog,object_outside_vehicle_lane,25,1,safe:object_outside_vehicle_lane:25* | safe:object_at_safe_distance:20,Object is outside the vehicle lane and not an immediate collision threat.,,road_video_1.mp4:yolo11n:car:g12:6
207,6.903,car,yolo11n,0.8414,31.59,width_fallback,0.0,,0.0,416,269,455,307,False,SAFE,OBJECT OUTSIDE VEHICLE LANE,prolog,object_outside_vehicle_lane,25,1,safe:object_outside_vehicle_lane:25* | safe:object_at_safe_distance:20,Object is outside the vehicle lane and not an immediate collision threat.,,road_video_1.mp4:yolo11n:car:g10:6
207,6.903,person,yolo11n,0.7346,20.91,width_fallback,0.0,,0.0,652,275,670,322,False,SAFE,OBJECT OUTSIDE VEHICLE LANE,prolog,object_outside_vehicle_lane,25,1,safe:object_outside_vehicle_lane:25* | safe:object_at_safe_distance:20,Object is outside the vehicle lane and not an immediate collision threat.,,road_video_1.mp4:yolo11n:person:g15:6
207,6.903,car,yolo11n,0.6347,15.49,width_fallback,4.927,2.898,0.002,493,259,574,330,False,SAFE,OBJECT OUTSIDE VEHICLE LANE,prolog,object_outside_vehicle_lane,25,1,safe:object_outside_vehicle_lane:25* | safe:object_at_safe_distance:20,Object is outside the vehicle lane and not an immediate collision threat.,,road_video_1.mp4:yolo11n:car:g12:6
208,6.936,car,yolo11n,0.8472,31.56,width_fallback,0.0,,0.0,415,269,455,308,False,SAFE,OBJECT OUTSIDE VEHICLE LANE,prolog,object_outside_vehicle_lane,25,1,safe:object_outside_vehicle_lane:25* | safe:object_at_safe_distance:20,Object is outside the vehicle lane and not an immediate collision threat.,,road_video_1.mp4:yolo11n:car:g10:6
208,6.936,person,yolo11n,0.7129,20.8,width_fallback,5.318,2.33,0.0,655,275,672,322,False,SAFE,OBJECT OUTSIDE VEHICLE LANE,prolog,object_outside_vehicle_lane,25,1,safe:object_outside_vehicle_lane:25* | safe:object_at_safe_distance:20,Object is outside the vehicle lane and not an immediate collision threat.,,road_video_1.mp4:yolo11n:person:g15:6
208,6.936,car,yolo11n,0.6728,15.58,width_fallback,3.513,3.59,0.001,495,260,575,330,False,SAFE,OBJECT OUTSIDE VEHICLE LANE,prolog,object_outside_vehicle_lane,25,1,safe:object_outside_vehicle_lane:25* | safe:object_at_safe_distance:20,Object is outside the vehicle lane and not an immediate collision threat.,,road_video_1.mp4:yolo11n:car:g12:6
208,6.936,car,yolo11n,0.6071,20.86,width_fallback,0.0,,0.0,797,320,847,473,False,SAFE,OBJECT OUTSIDE VEHICLE LANE,prolog,object_outside_vehicle_lane,25,1,safe:object_outside_vehicle_lane:25* | safe:object_at_safe_distance:20,Object is outside the vehicle lane and not an immediate collision threat.,,road_video_1.mp4:yolo11n:car:g19:7
209,6.97,car,yolo11n,0.8477,31.82,width_fallback,0.0,,0.0,415,269,454,307,False,SAFE,OBJECT OUTSIDE VEHICLE LANE,prolog,object_outside_vehicle_lane,25,1,safe:object_outside_vehicle_lane:25* | safe:object_at_safe_distance:20,Object is outside the vehicle lane and not an immediate collision threat.,,road_video_1.mp4:yolo11n:car:g10:6
209,6.97,car,yolo11n,0.735,15.31,width_fallback,3.684,3.844,0.006,492,259,577,331,False,SAFE,OBJECT OUTSIDE VEHICLE LANE,prolog,object_outside_vehicle_lane,25,1,safe:object_outside_vehicle_lane:25* | safe:object_at_safe_distance:20,Object is outside the vehicle lane and not an immediate collision threat.,,road_video_1.mp4:yolo11n:car:g12:6
209,6.97,person,yolo11n,0.7115,21.18,width_fallback,4.458,3.42,0.0,657,274,673,322,False,SAFE,OBJECT OUTSIDE VEHICLE LANE,prolog,object_outside_vehicle_lane,25,1,safe:object_outside_vehicle_lane:25* | safe:object_at_safe_distance:20,Object is outside the vehicle lane and not an immediate collision threat.,,road_video_1.mp4:yolo11n:person:g15:6
210,7.003,car,yolo11n,0.8334,32.29,width_fallback,0.0,,0.0,415,269,453,307,False,SAFE,OBJECT OUTSIDE VEHICLE LANE,prolog,object_outside_vehicle_lane,25,1,safe:object_outside_vehicle_lane:25* | safe:object_at_safe_distance:20,Object is outside the vehicle lane and not an immediate collision threat.,,road_video_1.mp4:yolo11n:car:g10:6
210,7.003,car,yolo11n,0.7348,15.27,width_fallback,2.956,4.439,0.0,495,260,578,331,False,SAFE,OBJECT OUTSIDE VEHICLE LANE,prolog,object_outside_vehicle_lane,25,1,safe:object_outside_vehicle_lane:25* | safe:object_at_safe_distance:20,Object is outside the vehicle lane and not an immediate collision threat.,,road_video_1.mp4:yolo11n:car:g12:6
210,7.003,person,yolo11n,0.6546,20.57,width_fallback,4.618,3.885,0.0,658,273,676,322,False,SAFE,OBJECT OUTSIDE VEHICLE LANE,prolog,object_outside_vehicle_lane,25,1,safe:object_outside_vehicle_lane:25* | safe:object_at_safe_distance:20,Object is outside the vehicle lane and not an immediate collision threat.,,road_video_1.mp4:yolo11n:person:g15:6
211,7.036,car,yolo11n,0.7672,32.59,width_fallback,0.0,,0.0,415,269,453,307,False,SAFE,OBJECT OUTSIDE VEHICLE LANE,prolog,object_outside_vehicle_lane,25,1,safe:object_outside_vehicle_lane:25* | safe:object_at_safe_distance:20,Object is outside the vehicle lane and not an immediate collision threat.,,road_video_1.mp4:yolo11n:car:g10:6
211,7.036,car,yolo11n,0.6704,15.11,width_fallback,3.042,4.677,0.0,493,259,578,332,False,SAFE,OBJECT OUTSIDE VEHICLE LANE,prolog,object_outside_vehicle_lane,25,1,safe:object_outside_vehicle_lane:25* | safe:object_at_safe_distance:20,Object is outside the vehicle lane and not an immediate collision threat.,,road_video_1.mp4:yolo11n:car:g12:6
211,7.036,person,yolo11n,0.6072,19.49,width_fallback,6.077,3.58,0.0,660,273,680,323,False,SAFE,OBJECT OUTSIDE VEHICLE LANE,prolog,object_outside_vehicle_lane,25,1,safe:object_outside_vehicle_lane:25* | safe:object_at_safe_distance:20,Object is outside the vehicle lane and not an immediate collision threat.,,road_video_1.mp4:yolo11n:person:g15:6
212,7.07,person,yolo11n,0.7456,18.51,width_fallback,7.577,3.068,0.0,661,273,682,326,False,SAFE,OBJECT OUTSIDE VEHICLE LANE,prolog,object_outside_vehicle_lane,25,1,safe:object_outside_vehicle_lane:25* | safe:object_at_safe_distance:20,Object is outside the vehicle lane and not an immediate collision threat.,,road_video_1.mp4:yolo11n:person:g15:6
212,7.07,car,yolo11n,0.6472,32.79,width_fallback,0.0,,0.0,415,270,453,307,False,SAFE,OBJECT OUTSIDE VEHICLE LANE,prolog,object_outside_vehicle_lane,25,1,safe:object_outside_vehicle_lane:25* | safe:object_at_safe_distance:20,Object is outside the vehicle lane and not an immediate collision threat.,,road_video_1.mp4:yolo11n:car:g10:6
212,7.07,car,yolo11n,0.5945,15.2,width_fallback,1.671,6.666,0.0,498,259,580,333,False,SAFE,OBJECT OUTSIDE VEHICLE LANE,prolog,object_outside_vehicle_lane,25,1,safe:object_outside_vehicle_lane:25* | safe:object_at_safe_distance:20,Object is outside the vehicle lane and not an immediate collision threat.,,road_video_1.mp4:yolo11n:car:g12:6
213,7.103,person,yolo11n,0.7267,17.6,width_fallback,12.295,2.332,0.0,662,273,684,326,False,SAFE,OBJECT OUTSIDE VEHICLE LANE,prolog,object_outside_vehicle_lane,25,1,safe:object_outside_vehicle_lane:25* | safe:object_at_safe_distance:20,Object is outside the vehicle lane and not an immediate collision threat.,,road_video_1.mp4:yolo11n:person:g15:6
213,7.103,car,yolo11n,0.6294,14.95,width_fallback,2.142,6.807,0.0,494,259,581,334,False,SAFE,OBJECT OUTSIDE VEHICLE LANE,prolog,object_outside_vehicle_lane,25,1,safe:object_outside_vehicle_lane:25* | safe:object_at_safe_distance:20,Object is outside the vehicle lane and not an immediate collision threat.,,road_video_1.mp4:yolo11n:car:g12:6
213,7.103,car,yolo11n,0.623,32.92,width_fallback,0.0,,0.0,414,270,452,307,False,SAFE,OBJECT OUTSIDE VEHICLE LANE,prolog,object_outside_vehicle_lane,25,1,safe:object_outside_vehicle_lane:25* | safe:object_at_safe_distance:20,Object is outside the vehicle lane and not an immediate collision threat.,,road_video_1.mp4:yolo11n:car:g10:6
214,7.136,person,yolo11n,0.7356,17.56,width_fallback,14.351,1.833,0.0,664,273,684,327,False,SAFE,OBJECT OUTSIDE VEHICLE LANE,prolog,object_outside_vehicle_lane,25,1,safe:object_outside_vehicle_lane:25* | safe:object_at_safe_distance:20,Object is outside the vehicle lane and not an immediate collision threat.,,road_video_1.mp4:yolo11n:person:g15:6
214,7.136,car,yolo11n,0.6102,32.71,width_fallback,0.0,,0.0,412,270,451,306,False,SAFE,OBJECT OUTSIDE VEHICLE LANE,prolog,object_outside_vehicle_lane,25,1,safe:object_outside_vehicle_lane:25* | safe:object_at_safe_distance:20,Object is outside the vehicle lane and not an immediate collision threat.,,road_video_1.mp4:yolo11n:car:g10:6
214,7.136,car,yolo11n,0.5185,14.9,width_fallback,2.528,6.397,0.0,495,259,580,334,False,SAFE,OBJECT OUTSIDE VEHICLE LANE,prolog,object_outside_vehicle_lane,25,1,safe:object_outside_vehicle_lane:25* | safe:object_at_safe_distance:20,Object is outside the vehicle lane and not an immediate collision threat.,,road_video_1.mp4:yolo11n:car:g12:6
215,7.17,person,yolo11n,0.6972,17.25,width_fallback,15.208,1.519,0.0,666,273,687,328,False,SAFE,OBJECT OUTSIDE VEHICLE LANE,prolog,object_outside_vehicle_lane,25,1,safe:object_outside_vehicle_lane:25* | safe:object_at_safe_distance:20,Object is outside the vehicle lane and not an immediate collision threat.,,road_video_1.mp4:yolo11n:person:g15:6
215,7.17,car,yolo11n,0.6058,33.18,width_fallback,0.0,,0.0,412,270,449,306,False,SAFE,OBJECT OUTSIDE VEHICLE LANE,prolog,object_outside_vehicle_lane,25,1,safe:object_outside_vehicle_lane:25* | safe:object_at_safe_distance:20,Object is outside the vehicle lane and not an immediate collision threat.,,road_video_1.mp4:yolo11n:car:g10:6
215,7.17,car,yolo11n,0.5252,14.7,width_fallback,3.77,5.273,0.0,493,259,581,335,False,SAFE,OBJECT OUTSIDE VEHICLE LANE,prolog,object_outside_vehicle_lane,25,1,safe:object_outside_vehicle_lane:25* | safe:object_at_safe_distance:20,Object is outside the vehicle lane and not an immediate collision threat.,,road_video_1.mp4:yolo11n:car:g12:6
216,7.203,person,yolo11n,0.7277,16.54,width_fallback,19.878,1.21,0.0,667,274,690,329,False,SAFE,OBJECT OUTSIDE VEHICLE LANE,prolog,object_outside_vehicle_lane,25,1,safe:object_outside_vehicle_lane:25* | safe:object_at_safe_distance:20,Object is outside the vehicle lane and not an immediate collision threat.,,road_video_1.mp4:yolo11n:person:g15:6
216,7.203,car,yolo11n,0.5659,14.35,width_fallback,4.113,4.47,0.0,490,259,582,336,False,SAFE,OBJECT OUTSIDE VEHICLE LANE,prolog,object_outside_vehicle_lane,25,1,safe:object_outside_vehicle_lane:25* | safe:object_at_safe_distance:20,Object is outside the vehicle lane and not an immediate collision threat.,,road_video_1.mp4:yolo11n:car:g12:6
216,7.203,car,yolo11n,0.5041,33.82,width_fallback,0.0,,0.0,412,270,448,306,False,SAFE,OBJECT OUTSIDE VEHICLE LANE,prolog,object_outside_vehicle_lane,25,1,safe:object_outside_vehicle_lane:25* | safe:object_at_safe_distance:20,Object is outside the vehicle lane and not an immediate collision threat.,,road_video_1.mp4:yolo11n:car:g10:6
217,7.236,person,yolo11n,0.7339,15.85,width_fallback,20.22,1.018,0.0,669,274,693,329,False,SAFE,OBJECT OUTSIDE VEHICLE LANE,prolog,object_outside_vehicle_lane,25,1,safe:object_outside_vehicle_lane:25* | safe:object_at_safe_distance:20,Object is outside the vehicle lane and not an immediate collision threat.,,road_video_1.mp4:yolo11n:person:g15:6
217,7.236,person,yolo11n,0.6664,16.56,width_fallback,1.2,13.806,0.0,268,260,299,338,False,SAFE,OBJECT OUTSIDE VEHICLE LANE,prolog,object_outside_vehicle_lane,25,1,safe:object_outside_vehicle_lane:25* | safe:object_at_safe_distance:20,Object is outside the vehicle lane and not an immediate collision threat.,,road_video_1.mp4:yolo11n:person:g7:6
217,7.236,car,yolo11n,0.6486,34.23,width_fallback,0.0,,0.0,411,270,447,305,False,SAFE,OBJECT OUTSIDE VEHICLE LANE,prolog,object_outside_vehicle_lane,25,1,safe:object_outside_vehicle_lane:25* | safe:object_at_safe_distance:20,Object is outside the vehicle lane and not an immediate collision threat.,,road_video_1.mp4:yolo11n:car:g10:6
217,7.236,car,yolo11n,0.6292,14.12,width_fallback,4.927,3.748,0.0,491,259,583,337,False,SAFE,OBJECT OUTSIDE VEHICLE LANE,prolog,object_outside_vehicle_lane,25,1,safe:object_outside_vehicle_lane:25* | safe:object_at_safe_distance:20,Object is outside the vehicle lane and not an immediate collision threat.,,road_video_1.mp4:yolo11n:car:g12:6
218,7.27,person,yolo11n,0.7508,15.41,width_fallback,17.478,0.957,0.0,670,274,694,331,False,SAFE,OBJECT OUTSIDE VEHICLE LANE,prolog,object_outside_vehicle_lane,25,1,safe:object_outside_vehicle_lane:25* | safe:object_at_safe_distance:20,Object is outside the vehicle lane and not an immediate collision threat.,,road_video_1.mp4:yolo11n:person:g15:6
218,7.27,person,yolo11n,0.6724,14.08,width_fallback,5.051,8.848,0.0,264,263,301,339,False,SAFE,OBJECT OUTSIDE VEHICLE LANE,prolog,object_outside_vehicle_lane,25,1,safe:object_outside_vehicle_lane:25* | safe:object_at_safe_distance:20,Object is outside the vehicle lane and not an immediate collision threat.,,road_video_1.mp4:yolo11n:person:g7:6
218,7.27,car,yolo11n,0.6595,13.87,width_fallback,5.312,3.237,0.0,489,258,583,337,False,SAFE,OBJECT OUTSIDE VEHICLE LANE,prolog,object_outside_vehicle_lane,25,1,safe:object_outside_vehicle_lane:25* | safe:object_at_safe_distance:20,Object is outside the vehicle lane and not an immediate collision threat.,,road_video_1.mp4:yolo11n:car:g12:6
218,7.27,car,yolo11n,0.6508,34.17,width_fallback,0.0,,0.0,410,270,447,305,False,SAFE,OBJECT OUTSIDE VEHICLE LANE,prolog,object_outside_vehicle_lane,25,1,safe:object_outside_vehicle_lane:25* | safe:object_at_safe_distance:20,Object is outside the vehicle lane and not an immediate collision threat.,,road_video_1.mp4:yolo11n:car:g10:6
219,7.303,person,yolo11n,0.7375,14.92,width_fallback,15.379,0.963,0.0,671,274,696,330,False,SAFE,OBJECT OUTSIDE VEHICLE LANE,prolog,object_outside_vehicle_lane,25,1,safe:object_outside_vehicle_lane:25* | safe:object_at_safe_distance:20,Object is outside the vehicle lane and not an immediate collision threat.,,road_video_1.mp4:yolo11n:person:g15:6
219,7.303,car,yolo11n,0.701,13.71,width_fallback,6.383,2.747,0.0,490,259,584,338,False,SAFE,OBJECT OUTSIDE VEHICLE LANE,prolog,object_outside_vehicle_lane,25,1,safe:object_outside_vehicle_lane:25* | safe:object_at_safe_distance:20,Object is outside the vehicle lane and not an immediate collision threat.,,road_video_1.mp4:yolo11n:car:g12:6
219,7.303,car,yolo11n,0.6703,34.46,width_fallback,0.0,,0.0,410,270,446,306,False,SAFE,OBJECT OUTSIDE VEHICLE LANE,prolog,object_outside_vehicle_lane,25,1,safe:object_outside_vehicle_lane:25* | safe:object_at_safe_distance:20,Object is outside the vehicle lane and not an immediate collision threat.,,road_video_1.mp4:yolo11n:car:g10:6
219,7.303,person,yolo11n,0.6491,12.75,width_fallback,6.792,5.711,0.0,262,260,296,338,False,SAFE,OBJECT OUTSIDE VEHICLE LANE,prolog,object_outside_vehicle_lane,25,1,safe:object_outside_vehicle_lane:25* | safe:object_at_safe_distance:20,Object is outside the vehicle lane and not an immediate collision threat.,,road_video_1.mp4:yolo11n:person:g7:6
220,7.336,person,yolo11n,0.7043,14.41,width_fallback,13.666,1.004,0.0,673,274,699,331,False,SAFE,OBJECT OUTSIDE VEHICLE LANE,prolog,object_outside_vehicle_lane,25,1,safe:object_outside_vehicle_lane:25* | safe:object_at_safe_distance:20,Object is outside the vehicle lane and not an immediate collision threat.,,road_video_1.mp4:yolo11n:person:g15:6
220,7.336,car,yolo11n,0.6778,13.98,width_fallback,4.155,3.025,0.0,497,259,584,338,False,SAFE,OBJECT OUTSIDE VEHICLE LANE,prolog,object_outside_vehicle_lane,25,1,safe:object_outside_vehicle_lane:25* | safe:object_at_safe_distance:20,Object is outside the vehicle lane and not an immediate collision threat.,,road_video_1.mp4:yolo11n:car:g12:6
220,7.336,car,yolo11n,0.6565,35.0,width_fallback,0.0,,0.0,410,271,445,305,False,SAFE,OBJECT OUTSIDE VEHICLE LANE,prolog,object_outside_vehicle_lane,25,1,safe:object_outside_vehicle_lane:25* | safe:object_at_safe_distance:20,Object is outside the vehicle lane and not an immediate collision threat.,,road_video_1.mp4:yolo11n:car:g10:6
220,7.336,person,yolo11n,0.6383,11.69,width_fallback,7.982,3.8,0.0,258,260,294,339,False,SAFE,OBJECT OUTSIDE VEHICLE LANE,prolog,object_outside_vehicle_lane,25,1,safe:object_outside_vehicle_lane:25* | safe:object_at_safe_distance:20,Object is outside the vehicle lane and not an immediate collision threat.,,road_video_1.mp4:yolo11n:person:g7:6
221,7.37,car,yolo11n,0.7588,14.27,width_fallback,2.699,4.043,0.0,501,259,586,339,False,SAFE,OBJECT OUTSIDE VEHICLE LANE,prolog,object_outside_vehicle_lane,25,1,safe:object_outside_vehicle_lane:25* | safe:object_at_safe_distance:20,Object is outside the vehicle lane and not an immediate collision threat.,,road_video_1.mp4:yolo11n:car:g12:6
221,7.37,person,yolo11n,0.7149,13.9,width_fallback,15.679,0.951,0.0,674,274,701,331,False,SAFE,OBJECT OUTSIDE VEHICLE LANE,prolog,object_outside_vehicle_lane,25,1,safe:object_outside_vehicle_lane:25* | safe:object_at_safe_distance:20,Object is outside the vehicle lane and not an immediate collision threat.,,road_video_1.mp4:yolo11n:person:g15:6
221,7.37,car,yolo11n,0.6603,35.0,width_fallback,0.0,,0.0,408,271,444,305,False,SAFE,OBJECT OUTSIDE VEHICLE LANE,prolog,object_outside_vehicle_lane,25,1,safe:object_outside_vehicle_lane:25* | safe:object_at_safe_distance:20,Object is outside the vehicle lane and not an immediate collision threat.,,road_video_1.mp4:yolo11n:car:g10:6
221,7.37,person,yolo11n,0.598,11.82,width_fallback,7.442,2.805,0.0,258,260,287,343,False,SAFE,OBJECT OUTSIDE VEHICLE LANE,prolog,object_outside_vehicle_lane,25,1,safe:object_outside_vehicle_lane:25* | safe:object_at_safe_distance:20,Object is outside the vehicle lane and not an immediate collision threat.,,road_video_1.mp4:yolo11n:person:g7:6
222,7.403,car,yolo11n,0.7541,14.4,width_fallback,1.285,7.266,0.0,501,259,587,340,False,SAFE,OBJECT OUTSIDE VEHICLE LANE,prolog,object_outside_vehicle_lane,25,1,safe:object_outside_vehicle_lane:25* | safe:object_at_safe_distance:20,Object is outside the vehicle lane and not an immediate collision threat.,,road_video_1.mp4:yolo11n:car:g12:6
222,7.403,person,yolo11n,0.6729,13.93,width_fallback,14.223,0.964,0.0,678,274,703,332,False,SAFE,OBJECT OUTSIDE VEHICLE LANE,prolog,object_outside_vehicle_lane,25,1,safe:object_outside_vehicle_lane:25* | safe:object_at_safe_distance:20,Object is outside the vehicle lane and not an immediate collision threat.,,road_video_1.mp4:yolo11n:person:g15:6
222,7.403,car,yolo11n,0.6604,35.35,width_fallback,0.0,,0.0,408,271,443,305,False,SAFE,OBJECT OUTSIDE VEHICLE LANE,prolog,object_outside_vehicle_lane,25,1,safe:object_outside_vehicle_lane:25* | safe:object_at_safe_distance:20,Object is outside the vehicle lane and not an immediate collision threat.,,road_video_1.mp4:yolo11n:car:g10:6
222,7.403,person,yolo11n,0.56,11.51,width_fallback,7.523,2.231,0.0,253,260,285,343,False,SAFE,OBJECT OUTSIDE VEHICLE LANE,prolog,object_outside_vehicle_lane,25,1,safe:object_outside_vehicle_lane:25* | safe:object_at_safe_distance:20,Object is outside the vehicle lane and not an immediate collision threat.,,road_video_1.mp4:yolo11n:person:g7:6
223,7.436,car,yolo11n,0.775,14.43,width_fallback,0.0,,0.0,501,259,588,341,False,SAFE,OBJECT OUTSIDE VEHICLE LANE,prolog,object_outside_vehicle_lane,25,1,safe:object_outside_vehicle_lane:25* | safe:object_at_safe_distance:20,Object is outside the vehicle lane and not an immediate collision threat.,,road_video_1.mp4:yolo11n:car:g12:6
223,7.436,person,yolo11n,0.6889,13.77,width_fallback,11.867,1.052,0.0,680,273,706,333,False,SAFE,OBJECT OUTSIDE VEHICLE LANE,prolog,object_outside_vehicle_lane,25,1,safe:object_outside_vehicle_lane:25* | safe:object_at_safe_distance:20,Object is outside the vehicle lane and not an immediate collision threat.,,road_video_1.mp4:yolo11n:person:g15:6
223,7.436,person,yolo11n,0.6754,11.2,width_fallback,12.295,1.637,0.0,251,255,284,351,False,SAFE,OBJECT OUTSIDE VEHICLE LANE,prolog,object_outside_vehicle_lane,25,1,safe:object_outside_vehicle_lane:25* | safe:object_at_safe_distance:20,Object is outside the vehicle lane and not an immediate collision threat.,,road_video_1.mp4:yolo11n:person:g7:6
223,7.436,car,yolo11n,0.6714,35.58,width_fallback,0.0,,0.0,408,271,443,306,False,SAFE,OBJECT OUTSIDE VEHICLE LANE,prolog,object_outside_vehicle_lane,25,1,safe:object_outside_vehicle_lane:25* | safe:object_at_safe_distance:20,Object is outside the vehicle lane and not an immediate collision threat.,,road_video_1.mp4:yolo11n:car:g10:6
223,7.436,car,yolo11n,0.6558,57.27,width_fallback,0.0,,0.0,473,266,495,315,False,SAFE,OBJECT OUTSIDE VEHICLE LANE,prolog,object_outside_vehicle_lane,25,1,safe:object_outside_vehicle_lane:25* | safe:object_at_safe_distance:20,Object is outside the vehicle lane and not an immediate collision threat.,,road_video_1.mp4:yolo11n:car:g11:6
224,7.47,car,yolo11n,0.7528,14.57,width_fallback,0.0,,0.0,504,259,589,342,False,SAFE,OBJECT OUTSIDE VEHICLE LANE,prolog,object_outside_vehicle_lane,25,1,safe:object_outside_vehicle_lane:25* | safe:object_at_safe_distance:20,Object is outside the vehicle lane and not an immediate collision threat.,,road_video_1.mp4:yolo11n:car:g12:6
224,7.47,car,yolo11n,0.6784,36.1,width_fallback,0.0,,0.0,408,272,442,306,False,SAFE,OBJECT OUTSIDE VEHICLE LANE,prolog,object_outside_vehicle_lane,25,1,safe:object_outside_vehicle_lane:25* | safe:object_at_safe_distance:20,Object is outside the vehicle lane and not an immediate collision threat.,,road_video_1.mp4:yolo11n:car:g10:6
224,7.47,person,yolo11n,0.6385,13.85,width_fallback,8.568,1.306,0.0,683,272,708,332,False,SAFE,OBJECT OUTSIDE VEHICLE LANE,prolog,object_outside_vehicle_lane,25,1,safe:object_outside_vehicle_lane:25* | safe:object_at_safe_distance:20,Object is outside the vehicle lane and not an immediate collision threat.,,road_video_1.mp4:yolo11n:person:g15:6
224,7.47,person,yolo11n,0.6106,10.99,width_fallback,23.862,1.108,0.0,249,256,282,352,False,SAFE,OBJECT OUTSIDE VEHICLE LANE,prolog,object_outside_vehicle_lane,25,1,safe:object_outside_vehicle_lane:25* | safe:object_at_safe_distance:20,Object is outside the vehicle lane and not an immediate collision threat.,,road_video_1.mp4:yolo11n:person:g7:6
224,7.47,car,yolo11n,0.5422,56.4,width_fallback,0.0,,0.0,473,266,496,314,False,SAFE,OBJECT OUTSIDE VEHICLE LANE,prolog,object_outside_vehicle_lane,25,1,safe:object_outside_vehicle_lane:25* | safe:object_at_safe_distance:20,Object is outside the vehicle lane and not an immediate collision threat.,,road_video_1.mp4:yolo11n:car:g11:6
225,7.503,car,yolo11n,0.7553,14.37,width_fallback,0.0,,0.0,500,259,590,342,False,SAFE,OBJECT OUTSIDE VEHICLE LANE,prolog,object_outside_vehicle_lane,25,1,safe:object_outside_vehicle_lane:25* | safe:object_at_safe_distance:20,Object is outside the vehicle lane and not an immediate collision threat.,,road_video_1.mp4:yolo11n:car:g12:6
225,7.503,car,yolo11n,0.6699,36.43,width_fallback,0.0,,0.0,408,272,442,305,False,SAFE,OBJECT OUTSIDE VEHICLE LANE,prolog,object_outside_vehicle_lane,25,1,safe:object_outside_vehicle_lane:25* | safe:object_at_safe_distance:20,Object is outside the vehicle lane and not an immediate collision threat.,,road_video_1.mp4:yolo11n:car:g10:6
225,7.503,car,yolo11n,0.6609,55.03,width_fallback,0.0,,0.0,472,266,496,315,False,SAFE,OBJECT OUTSIDE VEHICLE LANE,prolog,object_outside_vehicle_lane,25,1,safe:object_outside_vehicle_lane:25* | safe:object_at_safe_distance:20,Object is outside the vehicle lane and not an immediate collision threat.,,road_video_1.mp4:yolo11n:car:g11:6
225,7.503,person,yolo11n,0.6465,11.37,width_fallback,11.609,1.05,0.0,250,256,279,353,False,SAFE,OBJECT OUTSIDE VEHICLE LANE,prolog,object_outside_vehicle_lane,25,1,safe:object_outside_vehicle_lane:25* | safe:object_at_safe_distance:20,Object is outside the vehicle lane and not an immediate collision threat.,,road_video_1.mp4:yolo11n:person:g7:6
225,7.503,person,yolo11n,0.593,14.33,width_fallback,4.627,2.112,0.0,686,273,709,333,False,SAFE,OBJECT OUTSIDE VEHICLE LANE,prolog,object_outside_vehicle_lane,25,1,safe:object_outside_vehicle_lane:25* | safe:object_at_safe_distance:20,Object is outside the vehicle lane and not an immediate collision threat.,,road_video_1.mp4:yolo11n:person:g15:6
226,7.536,car,yolo11n,0.7116,13.93,width_fallback,0.0,,0.0,494,258,590,342,False,SAFE,OBJECT OUTSIDE VEHICLE LANE,prolog,object_outside_vehicle_lane,25,1,safe:object_outside_vehicle_lane:25* | safe:object_at_safe_distance:20,Object is outside the vehicle lane and not an immediate collision threat.,,road_video_1.mp4:yolo11n:car:g12:6
226,7.536,person,yolo11n,0.6895,11.34,width_fallback,6.04,1.422,0.0,246,258,277,349,False,SAFE,OBJECT OUTSIDE VEHICLE LANE,prolog,object_outside_vehicle_lane,25,1,safe:object_outside_vehicle_lane:25* | safe:object_at_safe_distance:20,Object is outside the vehicle lane and not an immediate collision threat.,,road_video_1.mp4:yolo11n:person:g7:6
226,7.536,person,yolo11n,0.6872,14.42,width_fallback,2.142,4.191,0.0,688,273,712,335,False,SAFE,OBJECT OUTSIDE VEHICLE LANE,prolog,object_outside_vehicle_lane,25,1,safe:object_outside_vehicle_lane:25* | safe:object_at_safe_distance:20,Object is outside the vehicle lane and not an immediate collision threat.,,road_video_1.mp4:yolo11n:person:g15:6
226,7.536,car,yolo11n,0.6561,37.04,width_fallback,0.0,,0.0,408,272,441,305,False,SAFE,OBJECT OUTSIDE VEHICLE LANE,prolog,object_outside_vehicle_lane,25,1,safe:object_outside_vehicle_lane:25* | safe:object_at_safe_distance:20,Object is outside the vehicle lane and not an immediate collision threat.,,road_video_1.mp4:yolo11n:car:g10:6
226,7.536,car,yolo11n,0.6257,54.15,width_fallback,0.0,,0.0,472,266,496,315,False,SAFE,OBJECT OUTSIDE VEHICLE LANE,prolog,object_outside_vehicle_lane,25,1,safe:object_outside_vehicle_lane:25* | safe:object_at_safe_distance:20,Object is outside the vehicle lane and not an immediate collision threat.,,road_video_1.mp4:yolo11n:car:g11:6
227,7.57,car,yolo11n,0.7955,13.6,width_fallback,1.628,7.756,0.0,493,259,590,343,False,SAFE,OBJECT OUTSIDE VEHICLE LANE,prolog,object_outside_vehicle_lane,25,1,safe:object_outside_vehicle_lane:25* | safe:object_at_safe_distance:20,Object is outside the vehicle lane and not an immediate collision threat.,,road_video_1.mp4:yolo11n:car:g12:6
227,7.57,car,yolo11n,0.7186,54.37,width_fallback,0.0,,0.0,472,267,495,315,False,SAFE,OBJECT OUTSIDE VEHICLE LANE,prolog,object_outside_vehicle_lane,25,1,safe:object_outside_vehicle_lane:25* | safe:object_at_safe_distance:20,Object is outside the vehicle lane and not an immediate collision threat.,,road_video_1.mp4:yolo11n:car:g11:6
227,7.57,car,yolo11n,0.6258,37.44,width_fallback,0.0,,0.0,408,272,441,305,False,SAFE,OBJECT OUTSIDE VEHICLE LANE,prolog,object_outside_vehicle_lane,25,1,safe:object_outside_vehicle_lane:25* | safe:object_at_safe_distance:20,Object is outside the vehicle lane and not an immediate collision threat.,,road_video_1.mp4:yolo11n:car:g10:6
227,7.57,person,yolo11n,0.6,11.6,width_fallback,0.386,14.321,0.0,246,256,275,352,False,SAFE,OBJECT OUTSIDE VEHICLE LANE,prolog,object_outside_vehicle_lane,25,1,safe:object_outside_vehicle_lane:25* | safe:object_at_safe_distance:20,Object is outside the vehicle lane and not an immediate collision threat.,,road_video_1.mp4:yolo11n:person:g7:6
228,7.603,car,yolo11n,0.7591,13.48,width_fallback,3.384,6.058,0.0,497,259,592,343,False,SAFE,OBJECT OUTSIDE VEHICLE LANE,prolog,object_outside_vehicle_lane,25,1,safe:object_outside_vehicle_lane:25* | safe:object_at_safe_distance:20,Object is outside the vehicle lane and not an immediate collision threat.,,road_video_1.mp4:yolo11n:car:g12:6
228,7.603,car,yolo11n,0.6823,54.51,width_fallback,0.0,,0.0,472,267,495,316,False,SAFE,OBJECT OUTSIDE VEHICLE LANE,prolog,object_outside_vehicle_lane,25,1,safe:object_outside_vehicle_lane:25* | safe:object_at_safe_distance:20,Object is outside the vehicle lane and not an immediate collision threat.,,road_video_1.mp4:yolo11n:car:g11:6
228,7.603,person,yolo11n,0.6408,14.27,width_fallback,0.525,14.542,0.0,692,273,717,336,False,SAFE,OBJECT OUTSIDE VEHICLE LANE,prolog,object_outside_vehicle_lane,25,1,safe:object_outside_vehicle_lane:25* | safe:object_at_safe_distance:20,Object is outside the vehicle lane and not an immediate collision threat.,,road_video_1.mp4:yolo11n:person:g15:6
228,7.603,person,yolo11n,0.6331,11.76,width_fallback,0.257,28.465,0.0,243,257,272,355,False,SAFE,OBJECT OUTSIDE VEHICLE LANE,prolog,object_outside_vehicle_lane,25,1,safe:object_outside_vehicle_lane:25* | safe:object_at_safe_distance:20,Object is outside the vehicle lane and not an immediate collision threat.,,road_video_1.mp4:yolo11n:person:g7:6
228,7.603,car,yolo11n,0.6323,38.12,width_fallback,0.0,,0.0,408,272,440,305,False,SAFE,OBJECT OUTSIDE VEHICLE LANE,prolog,object_outside_vehicle_lane,25,1,safe:object_outside_vehicle_lane:25* | safe:object_at_safe_distance:20,Object is outside the vehicle lane and not an immediate collision threat.,,road_video_1.mp4:yolo11n:car:g10:6
229,7.636,car,yolo11n,0.7203,13.36,width_fallback,4.455,4.681,0.0,496,260,592,344,False,SAFE,OBJECT OUTSIDE VEHICLE LANE,prolog,object_outside_vehicle_lane,25,1,safe:object_outside_vehicle_lane:25* | safe:object_at_safe_distance:20,Object is outside the vehicle lane and not an immediate collision threat.,,road_video_1.mp4:yolo11n:car:g12:6
229,7.636,person,yolo11n,0.712,11.73,width_fallback,0.0,,0.0,242,257,272,356,False,SAFE,OBJECT OUTSIDE VEHICLE LANE,prolog,object_outside_vehicle_lane,25,1,safe:object_outside_vehicle_lane:25* | safe:object_at_safe_distance:20,Object is outside the vehicle lane and not an immediate collision threat.,,road_video_1.mp4:yolo11n:person:g7:6
229,7.636,car,yolo11n,0.6937,53.07,width_fallback,0.0,,0.0,472,267,497,317,False,SAFE,OBJECT OUTSIDE VEHICLE LANE,prolog,object_outside_vehicle_lane,25,1,safe:object_outside_vehicle_lane:25* | safe:object_at_safe_distance:20,Object is outside the vehicle lane and not an immediate collision threat.,,road_video_1.mp4:yolo11n:car:g11:6
229,7.636,car,yolo11n,0.6116,39.01,width_fallback,0.0,,0.0,408,272,439,305,False,SAFE,OBJECT OUTSIDE VEHICLE LANE,prolog,object_outside_vehicle_lane,25,1,safe:object_outside_vehicle_lane:25* | safe:object_at_safe_distance:20,Object is outside the vehicle lane and not an immediate collision threat.,,road_video_1.mp4:yolo11n:car:g10:6
230,7.67,car,yolo11n,0.734,52.87,width_fallback,18.849,3.149,0.0,472,267,496,317,False,SAFE,OBJECT OUTSIDE VEHICLE LANE,prolog,object_outside_vehicle_lane,25,1,safe:object_outside_vehicle_lane:25* | safe:object_at_safe_distance:20,Object is outside the vehicle lane and not an immediate collision threat.,,road_video_1.mp4:yolo11n:car:g11:6
230,7.67,car,yolo11n,0.72,13.23,width_fallback,5.141,3.733,0.0,496,260,593,345,False,SAFE,OBJECT OUTSIDE VEHICLE LANE,prolog,object_outside_vehicle_lane,25,1,safe:object_outside_vehicle_lane:25* | safe:object_at_safe_distance:20,Object is outside the vehicle lane and not an immediate collision threat.,,road_video_1.mp4:yolo11n:car:g12:6
230,7.67,person,yolo11n,0.6454,11.71,width_fallback,0.0,,0.0,240,256,270,357,False,SAFE,OBJECT OUTSIDE VEHICLE LANE,prolog,object_outside_vehicle_lane,25,1,safe:object_outside_vehicle_lane:25* | safe:object_at_safe_distance:20,Object is outside the vehicle lane and not an immediate collision threat.,,road_video_1.mp4:yolo11n:person:g7:6
230,7.67,car,yolo11n,0.5982,40.05,width_fallback,0.0,,0.0,408,271,438,304,False,SAFE,OBJECT OUTSIDE VEHICLE LANE,prolog,object_outside_vehicle_lane,25,1,safe:object_outside_vehicle_lane:25* | safe:object_at_safe_distance:20,Object is outside the vehicle lane and not an immediate collision threat.,,road_video_1.mp4:yolo11n:car:g10:6
230,7.67,person,yolo11n,0.5318,14.38,width_fallback,0.0,,0.0,697,273,721,337,False,SAFE,OBJECT OUTSIDE VEHICLE LANE,prolog,object_outside_vehicle_lane,25,1,safe:object_outside_vehicle_lane:25* | safe:object_at_safe_distance:20,Object is outside the vehicle lane and not an immediate collision threat.,,road_video_1.mp4:yolo11n:person:g15:6
231,7.703,car,yolo11n,0.7499,51.33,width_fallback,21.72,2.795,0.0,471,267,497,317,False,SAFE,OBJECT OUTSIDE VEHICLE LANE,prolog,object_outside_vehicle_lane,25,1,safe:object_outside_vehicle_lane:25* | safe:object_at_safe_distance:20,Object is outside the vehicle lane and not an immediate collision threat.,,road_video_1.mp4:yolo11n:car:g11:6
231,7.703,car,yolo11n,0.7382,12.88,width_fallback,7.24,2.854,0.005,490,260,593,345,False,SAFE,OBJECT OUTSIDE VEHICLE LANE,prolog,object_outside_vehicle_lane,25,1,safe:object_outside_vehicle_lane:25* | safe:object_at_safe_distance:20,Object is outside the vehicle lane and not an immediate collision threat.,,road_video_1.mp4:yolo11n:car:g12:6
231,7.703,person,yolo11n,0.6689,11.32,width_fallback,0.0,,0.0,237,257,270,357,False,SAFE,OBJECT OUTSIDE VEHICLE LANE,prolog,object_outside_vehicle_lane,25,1,safe:object_outside_vehicle_lane:25* | safe:object_at_safe_distance:20,Object is outside the vehicle lane and not an immediate collision threat.,,road_video_1.mp4:yolo11n:person:g7:6
231,7.703,car,yolo11n,0.6515,40.26,width_fallback,0.0,,0.0,407,271,438,303,False,SAFE,OBJECT OUTSIDE VEHICLE LANE,prolog,object_outside_vehicle_lane,25,1,safe:object_outside_vehicle_lane:25* | safe:object_at_safe_distance:20,Object is outside the vehicle lane and not an immediate collision threat.,,road_video_1.mp4:yolo11n:car:g10:6
231,7.703,person,yolo11n,0.5371,14.25,width_fallback,0.0,,0.0,698,274,723,337,False,SAFE,OBJECT OUTSIDE VEHICLE LANE,prolog,object_outside_vehicle_lane,25,1,safe:object_outside_vehicle_lane:25* | safe:object_at_safe_distance:20,Object is outside the vehicle lane and not an immediate collision threat.,,road_video_1.mp4:yolo11n:person:g15:6
232,7.737,car,yolo11n,0.7995,12.69,width_fallback,7.197,2.363,0.004,492,260,594,346,False,SAFE,OBJECT OUTSIDE VEHICLE LANE,prolog,object_outside_vehicle_lane,25,1,safe:object_outside_vehicle_lane:25* | safe:object_at_safe_distance:20,Object is outside the vehicle lane and not an immediate collision threat.,,road_video_1.mp4:yolo11n:car:g12:6
232,7.737,car,yolo11n,0.7507,51.0,width_fallback,17.264,2.867,0.0,471,267,496,317,False,SAFE,OBJECT OUTSIDE VEHICLE LANE,prolog,object_outside_vehicle_lane,25,1,safe:object_outside_vehicle_lane:25* | safe:object_at_safe_distance:20,Object is outside the vehicle lane and not an immediate collision threat.,,road_video_1.mp4:yolo11n:car:g11:6
232,7.737,person,yolo11n,0.6954,14.16,width_fallback,0.0,,0.0,700,273,725,338,False,SAFE,OBJECT OUTSIDE VEHICLE LANE,prolog,object_outside_vehicle_lane,25,1,safe:object_outside_vehicle_lane:25* | safe:object_at_safe_distance:20,Object is outside the vehicle lane and not an immediate collision threat.,,road_video_1.mp4:yolo11n:person:g15:6
232,7.737,car,yolo11n,0.6707,40.4,width_fallback,0.0,,0.0,407,272,438,303,False,SAFE,OBJECT OUTSIDE VEHICLE LANE,prolog,object_outside_vehicle_lane,25,1,safe:object_outside_vehicle_lane:25* | safe:object_at_safe_distance:20,Object is outside the vehicle lane and not an immediate collision threat.,,road_video_1.mp4:yolo11n:car:g10:6
232,7.737,person,yolo11n,0.6693,11.45,width_fallback,0.0,,0.0,237,257,267,358,False,SAFE,OBJECT OUTSIDE VEHICLE LANE,prolog,object_outside_vehicle_lane,25,1,safe:object_outside_vehicle_lane:25* | safe:object_at_safe_distance:20,Object is outside the vehicle lane and not an immediate collision threat.,,road_video_1.mp4:yolo11n:person:g7:6
233,7.77,car,yolo11n,0.7794,12.37,width_fallback,6.683,2.133,0.018,489,260,596,346,False,SAFE,OBJECT OUTSIDE VEHICLE LANE,prolog,object_outside_vehicle_lane,25,1,safe:object_outside_vehicle_lane:25* | safe:object_at_safe_distance:20,Object is outside the vehicle lane and not an immediate collision threat.,,road_video_1.mp4:yolo11n:car:g12:6
233,7.77,person,yolo11n,0.7551,14.53,width_fallback,0.0,,0.0,703,274,726,338,False,SAFE,OBJECT OUTSIDE VEHICLE LANE,prolog,object_outside_vehicle_lane,25,1,safe:object_outside_vehicle_lane:25* | safe:object_at_safe_distance:20,Object is outside the vehicle lane and not an immediate collision threat.,,road_video_1.mp4:yolo11n:person:g15:6
233,7.77,person,yolo11n,0.654,10.94,width_fallback,1.714,18.529,0.0,232,256,267,356,False,SAFE,OBJECT OUTSIDE VEHICLE LANE,prolog,object_outside_vehicle_lane,25,1,safe:object_outside_vehicle_lane:25* | safe:object_at_safe_distance:20,Object is outside the vehicle lane and not an immediate collision threat.,,road_video_1.mp4:yolo11n:person:g7:6
233,7.77,car,yolo11n,0.5894,52.33,width_fallback,7.797,4.597,0.0,472,268,495,319,False,SAFE,OBJECT OUTSIDE VEHICLE LANE,prolog,object_outside_vehicle_lane,25,1,safe:object_outside_vehicle_lane:25* | safe:object_at_safe_distance:20,Object is outside the vehicle lane and not an immediate collision threat.,,road_video_1.mp4:yolo11n:car:g11:6
234,7.803,car,yolo11n,0.7149,12.09,width_fallback,6.469,2.014,0.032,488,260,597,346,False,SAFE,OBJECT OUTSIDE VEHICLE LANE,prolog,object_outside_vehicle_lane,25,1,safe:object_outside_vehicle_lane:25* | safe:object_at_safe_distance:20,Object is outside the vehicle lane and not an immediate collision threat.,,road_video_1.mp4:yolo11n:car:g12:6
234,7.803,person,yolo11n,0.683,14.77,width_fallback,0.0,,0.0,706,274,729,338,False,SAFE,OBJECT OUTSIDE VEHICLE LANE,prolog,object_outside_vehicle_lane,25,1,safe:object_outside_vehicle_lane:25* | safe:object_at_safe_distance:20,Object is outside the vehicle lane and not an immediate collision threat.,,road_video_1.mp4:yolo11n:person:g15:6
234,7.803,person,yolo11n,0.6511,10.61,width_fallback,4.241,11.317,0.0,233,259,268,359,False,SAFE,OBJECT OUTSIDE VEHICLE LANE,prolog,object_outside_vehicle_lane,25,1,safe:object_outside_vehicle_lane:25* | safe:object_at_safe_distance:20,Object is outside the vehicle lane and not an immediate collision threat.,,road_video_1.mp4:yolo11n:person:g7:6
234,7.803,car,yolo11n,0.5292,53.18,width_fallback,5.098,7.223,0.0,472,269,495,318,False,SAFE,OBJECT OUTSIDE VEHICLE LANE,prolog,object_outside_vehicle_lane,25,1,safe:object_outside_vehicle_lane:25* | safe:object_at_safe_distance:20,Object is outside the vehicle lane and not an immediate collision threat.,,road_video_1.mp4:yolo11n:car:g11:6
235,7.837,car,yolo11n,0.7608,11.9,width_fallback,6.769,1.899,0.029,488,259,597,347,False,SAFE,OBJECT OUTSIDE VEHICLE LANE,prolog,object_outside_vehicle_lane,25,1,safe:object_outside_vehicle_lane:25* | safe:object_at_safe_distance:20,Object is outside the vehicle lane and not an immediate collision threat.,,road_video_1.mp4:yolo11n:car:g12:6
235,7.837,person,yolo11n,0.6793,14.7,width_fallback,0.0,,0.0,708,274,732,338,False,SAFE,OBJECT OUTSIDE VEHICLE LANE,prolog,object_outside_vehicle_lane,25,1,safe:object_outside_vehicle_lane:25* | safe:object_at_safe_distance:20,Object is outside the vehicle lane and not an immediate collision threat.,,road_video_1.mp4:yolo11n:person:g15:6
235,7.837,person,yolo11n,0.6059,10.21,width_fallback,6.64,6.916,0.0,229,261,266,362,False,SAFE,OBJECT OUTSIDE VEHICLE LANE,prolog,object_outside_vehicle_lane,25,1,safe:object_outside_vehicle_lane:25* | safe:object_at_safe_distance:20,Object is outside the vehicle lane and not an immediate collision threat.,,road_video_1.mp4:yolo11n:person:g7:6
235,7.837,car,yolo11n,0.5764,53.74,width_fallback,3.299,11.304,0.0,472,269,495,319,False,SAFE,OBJECT OUTSIDE VEHICLE LANE,prolog,object_outside_vehicle_lane,25,1,safe:object_outside_vehicle_lane:25* | safe:object_at_safe_distance:20,Object is outside the vehicle lane and not an immediate collision threat.,,road_video_1.mp4:yolo11n:car:g11:6
235,7.837,car,yolo11n,0.5071,40.49,width_fallback,0.0,,0.0,407,272,438,304,False,SAFE,OBJECT OUTSIDE VEHICLE LANE,prolog,object_outside_vehicle_lane,25,1,safe:object_outside_vehicle_lane:25* | safe:object_at_safe_distance:20,Object is outside the vehicle lane and not an immediate collision threat.,,road_video_1.mp4:yolo11n:car:g10:6
236,7.87,car,yolo11n,0.7766,11.71,width_fallback,7.069,1.79,0.031,487,259,598,348,False,SAFE,OBJECT OUTSIDE VEHICLE LANE,prolog,object_outside_vehicle_lane,25,1,safe:object_outside_vehicle_lane:25* | safe:object_at_safe_distance:20,Object is outside the vehicle lane and not an immediate collision threat.,,road_video_1.mp4:yolo11n:car:g12:6
236,7.87,person,yolo11n,0.6995,14.89,width_fallback,0.0,,0.0,710,274,733,339,False,SAFE,OBJECT OUTSIDE VEHICLE LANE,prolog,object_outside_vehicle_lane,25,1,safe:object_outside_vehicle_lane:25* | safe:object_at_safe_distance:20,Object is outside the vehicle lane and not an immediate collision threat.,,road_video_1.mp4:yolo11n:person:g15:6
236,7.87,person,yolo11n,0.6345,9.95,width_fallback,7.625,4.391,0.0,229,261,266,362,False,SAFE,OBJECT OUTSIDE VEHICLE LANE,prolog,object_outside_vehicle_lane,25,1,safe:object_outside_vehicle_lane:25* | safe:object_at_safe_distance:20,Object is outside the vehicle lane and not an immediate collision threat.,,road_video_1.mp4:yolo11n:person:g7:6
236,7.87,car,yolo11n,0.5837,53.31,width_fallback,0.0,,0.0,472,269,496,319,False,SAFE,OBJECT OUTSIDE VEHICLE LANE,prolog,object_outside_vehicle_lane,25,1,safe:object_outside_vehicle_lane:25* | safe:object_at_safe_distance:20,Object is outside the vehicle lane and not an immediate collision threat.,,road_video_1.mp4:yolo11n:car:g11:6
237,7.903,person,yolo11n,0.7685,15.24,width_fallback,0.0,,0.0,713,273,735,340,False,SAFE,OBJECT OUTSIDE VEHICLE LANE,prolog,object_outside_vehicle_lane,25,1,safe:object_outside_vehicle_lane:25* | safe:object_at_safe_distance:20,Object is outside the vehicle lane and not an immediate collision threat.,,road_video_1.mp4:yolo11n:person:g15:6
237,7.903,car,yolo11n,0.7625,11.58,width_fallback,7.069,1.722,0.03,487,260,598,348,False,SAFE,OBJECT OUTSIDE VEHICLE LANE,prolog,object_outside_vehicle_lane,25,1,safe:object_outside_vehicle_lane:25* | safe:object_at_safe_distance:20,Object is outside the vehicle lane and not an immediate collision threat.,,road_video_1.mp4:yolo11n:car:g12:6
237,7.903,car,yolo11n,0.5662,52.29,width_fallback,2.485,15.687,0.0,472,269,497,320,False,SAFE,OBJECT OUTSIDE VEHICLE LANE,prolog,object_outside_vehicle_lane,25,1,safe:object_outside_vehicle_lane:25* | safe:object_at_safe_distance:20,Object is outside the vehicle lane and not an immediate collision threat.,,road_video_1.mp4:yolo11n:car:g11:6
237,7.903,person,yolo11n,0.5452,9.6,width_fallback,9.039,2.893,0.008,228,262,267,365,False,SAFE,OBJECT OUTSIDE VEHICLE LANE,prolog,object_outside_vehicle_lane,25,1,safe:object_outside_vehicle_lane:25* | safe:object_at_safe_distance:20,Object is outside the vehicle lane and not an immediate collision threat.,,road_video_1.mp4:yolo11n:person:g7:6
237,7.903,car,yolo11n,0.5203,40.54,width_fallback,0.0,,0.0,407,273,438,304,False,SAFE,OBJECT OUTSIDE VEHICLE LANE,prolog,object_outside_vehicle_lane,25,1,safe:object_outside_vehicle_lane:25* | safe:object_at_safe_distance:20,Object is outside the vehicle lane and not an immediate collision threat.,,road_video_1.mp4:yolo11n:car:g10:6
238,7.937,person,yolo11n,0.785,15.24,width_fallback,0.0,,0.0,714,273,737,341,False,SAFE,OBJECT OUTSIDE VEHICLE LANE,prolog,object_outside_vehicle_lane,25,1,safe:object_outside_vehicle_lane:25* | safe:object_at_safe_distance:20,Object is outside the vehicle lane and not an immediate collision threat.,,road_video_1.mp4:yolo11n:person:g15:6
238,7.937,car,yolo11n,0.7729,11.47,width_fallback,6.04,1.801,0.038,487,260,599,349,False,SAFE,OBJECT OUTSIDE VEHICLE LANE,prolog,object_outside_vehicle_lane,25,1,safe:object_outside_vehicle_lane:25* | safe:object_at_safe_distance:20,Object is outside the vehicle lane and not an immediate collision threat.,,road_video_1.mp4:yolo11n:car:g12:6
238,7.937,car,yolo11n,0.6442,51.63,width_fallback,0.0,,0.0,472,269,497,320,False,SAFE,OBJECT OUTSIDE VEHICLE LANE,prolog,object_outside_vehicle_lane,25,1,safe:object_outside_vehicle_lane:25* | safe:object_at_safe_distance:20,Object is outside the vehicle lane and not an immediate collision threat.,,road_video_1.mp4:yolo11n:car:g11:6
238,7.937,car,yolo11n,0.6122,41.56,width_fallback,0.0,,0.0,408,274,437,304,False,SAFE,OBJECT OUTSIDE VEHICLE LANE,prolog,object_outside_vehicle_lane,25,1,safe:object_outside_vehicle_lane:25* | safe:object_at_safe_distance:20,Object is outside the vehicle lane and not an immediate collision threat.,,road_video_1.mp4:yolo11n:car:g10:6
238,7.937,person,yolo11n,0.5475,9.55,width_fallback,7.583,2.158,0.001,229,260,266,364,False,SAFE,OBJECT OUTSIDE VEHICLE LANE,prolog,object_outside_vehicle_lane,25,1,safe:object_outside_vehicle_lane:25* | safe:object_at_safe_distance:20,Object is outside the vehicle lane and not an immediate collision threat.,,road_video_1.mp4:yolo11n:person:g7:6
239,7.97,person,yolo11n,0.7435,14.61,width_fallback,0.0,,0.0,714,274,740,342,False,SAFE,OBJECT OUTSIDE VEHICLE LANE,prolog,object_outside_vehicle_lane,25,1,safe:object_outside_vehicle_lane:25* | safe:object_at_safe_distance:20,Object is outside the vehicle lane and not an immediate collision threat.,,road_video_1.mp4:yolo11n:person:g15:6
239,7.97,car,yolo11n,0.6863,11.39,width_fallback,5.569,1.911,0.037,488,260,600,349,False,SAFE,OBJECT OUTSIDE VEHICLE LANE,prolog,object_outside_vehicle_lane,25,1,safe:object_outside_vehicle_lane:25* | safe:object_at_safe_distance:20,Object is outside the vehicle lane and not an immediate collision threat.,,road_video_1.mp4:yolo11n:car:g12:6
239,7.97,car,yolo11n,0.6401,50.52,width_fallback,2.056,19.684,0.0,472,269,498,320,False,SAFE,OBJECT OUTSIDE VEHICLE LANE,prolog,object_outside_vehicle_lane,25,1,safe:object_outside_vehicle_lane:25* | safe:object_at_safe_distance:20,Object is outside the vehicle lane and not an immediate collision threat.,,road_video_1.mp4:yolo11n:car:g11:6
239,7.97,car,yolo11n,0.5936,42.22,width_fallback,0.0,,0.0,408,274,437,304,False,SAFE,OBJECT OUTSIDE VEHICLE LANE,prolog,object_outside_vehicle_lane,25,1,safe:object_outside_vehicle_lane:25* | safe:object_at_safe_distance:20,Object is outside the vehicle lane and not an immediate collision threat.,,road_video_1.mp4:yolo11n:car:g10:6
239,7.97,person,yolo11n,0.5826,8.93,width_fallback,10.796,1.559,0.01,222,261,267,366,False,SAFE,OBJECT OUTSIDE VEHICLE LANE,prolog,object_outside_vehicle_lane,25,1,safe:object_outside_vehicle_lane:25* | safe:object_at_safe_distance:20,Object is outside the vehicle lane and not an immediate collision threat.,,road_video_1.mp4:yolo11n:person:g7:6
240,8.003,car,yolo11n,0.7688,11.34,width_fallback,4.412,2.208,0.046,488,261,600,350,False,SAFE,OBJECT OUTSIDE VEHICLE LANE,prolog,object_outside_vehicle_lane,25,1,safe:object_outside_vehicle_lane:25* | safe:object_at_safe_distance:20,Object is outside the vehicle lane and not an immediate collision threat.,,road_video_1.mp4:yolo11n:car:g12:6
240,8.003,person,yolo11n,0.7405,14.21,width_fallback,1.371,12.662,0.0,715,273,741,343,False,SAFE,OBJECT OUTSIDE VEHICLE LANE,prolog,object_outside_vehicle_lane,25,1,safe:object_outside_vehicle_lane:25* | safe:object_at_safe_distance:20,Object is outside the vehicle lane and not an immediate collision threat.,,road_video_1.mp4:yolo11n:person:g15:6
240,8.003,car,yolo11n,0.7081,49.8,width_fallback,10.838,12.894,0.0,472,270,498,320,False,SAFE,OBJECT OUTSIDE VEHICLE LANE,prolog,object_outside_vehicle_lane,25,1,safe:object_outside_vehicle_lane:25* | safe:object_at_safe_distance:20,Object is outside the vehicle lane and not an immediate collision threat.,,road_video_1.mp4:yolo11n:car:g11:6
240,8.003,car,yolo11n,0.6209,42.65,width_fallback,0.0,,0.0,408,274,437,304,False,SAFE,OBJECT OUTSIDE VEHICLE LANE,prolog,object_outside_vehicle_lane,25,1,safe:object_outside_vehicle_lane:25* | safe:object_at_safe_distance:20,Object is outside the vehicle lane and not an immediate collision threat.,,road_video_1.mp4:yolo11n:car:g10:6
240,8.003,person,yolo11n,0.5676,8.41,width_fallback,10.838,1.207,0.007,220,261,267,367,False,SAFE,OBJECT OUTSIDE VEHICLE LANE,prolog,object_outside_vehicle_lane,25,1,safe:object_outside_vehicle_lane:25* | safe:object_at_safe_distance:20,Object is outside the vehicle lane and not an immediate collision threat.,,road_video_1.mp4:yolo11n:person:g7:6
241,8.037,person,yolo11n,0.7491,13.95,width_fallback,3.513,8.751,0.0,717,274,743,343,False,SAFE,OBJECT OUTSIDE VEHICLE LANE,prolog,object_outside_vehicle_lane,25,1,safe:object_outside_vehicle_lane:25* | safe:object_at_safe_distance:20,Object is outside the vehicle lane and not an immediate collision threat.,,road_video_1.mp4:yolo11n:person:g15:6
241,8.037,car,yolo11n,0.7281,11.27,width_fallback,3.513,2.658,0.053,487,261,600,351,False,SAFE,OBJECT OUTSIDE VEHICLE LANE,prolog,object_outside_vehicle_lane,25,1,safe:object_outside_vehicle_lane:25* | safe:object_at_safe_distance:20,Object is outside the vehicle lane and not an immediate collision threat.,,road_video_1.mp4:yolo11n:car:g12:6
241,8.037,car,yolo11n,0.7127,49.33,width_fallback,16.493,8.437,0.0,472,270,498,320,False,SAFE,OBJECT OUTSIDE VEHICLE LANE,prolog,object_outside_vehicle_lane,25,1,safe:object_outside_vehicle_lane:25* | safe:object_at_safe_distance:20,Object is outside the vehicle lane and not an immediate collision threat.,,road_video_1.mp4:yolo11n:car:g11:6
241,8.037,car,yolo11n,0.6333,42.93,width_fallback,0.0,,0.0,408,274,437,304,False,SAFE,OBJECT OUTSIDE VEHICLE LANE,prolog,object_outside_vehicle_lane,25,1,safe:object_outside_vehicle_lane:25* | safe:object_at_safe_distance:20,Object is outside the vehicle lane and not an immediate collision threat.,,road_video_1.mp4:yolo11n:car:g10:6
241,8.037,car,yolo11n,0.5047,77.13,width_fallback,0.0,,0.0,456,281,473,306,False,SAFE,OBJECT OUTSIDE VEHICLE LANE,prolog,object_outside_vehicle_lane,25,1,safe:object_outside_vehicle_lane:25* | safe:object_at_safe_distance:20,Object is outside the vehicle lane and not an immediate collision threat.,,road_video_1.mp4:yolo11n:car:g11:7
242,8.07,person,yolo11n,0.7007,13.6,width_fallback,4.712,6.112,0.0,719,275,746,342,False,SAFE,OBJECT OUTSIDE VEHICLE LANE,prolog,object_outside_vehicle_lane,25,1,safe:object_outside_vehicle_lane:25* | safe:object_at_safe_distance:20,Object is outside the vehicle lane and not an immediate collision threat.,,road_video_1.mp4:yolo11n:person:g15:6
242,8.07,car,yolo11n,0.6962,11.23,width_fallback,2.87,3.222,0.071,487,261,600,352,False,SAFE,OBJECT OUTSIDE VEHICLE LANE,prolog,object_outside_vehicle_lane,25,1,safe:object_outside_vehicle_lane:25* | safe:object_at_safe_distance:20,Object is outside the vehicle lane and not an immediate collision threat.,,road_video_1.mp4:yolo11n:car:g12:6
242,8.07,car,yolo11n,0.6631,49.03,width_fallback,20.177,5.734,0.0,472,270,498,320,False,SAFE,OBJECT OUTSIDE VEHICLE LANE,prolog,object_outside_vehicle_lane,25,1,safe:object_outside_vehicle_lane:25* | safe:object_at_safe_distance:20,Object is outside the vehicle lane and not an immediate collision threat.,,road_video_1.mp4:yolo11n:car:g11:6
242,8.07,car,yolo11n,0.6358,43.11,width_fallback,0.0,,0.0,408,274,437,304,False,SAFE,OBJECT OUTSIDE VEHICLE LANE,prolog,object_outside_vehicle_lane,25,1,safe:object_outside_vehicle_lane:25* | safe:object_at_safe_distance:20,Object is outside the vehicle lane and not an immediate collision threat.,,road_video_1.mp4:yolo11n:car:g10:6
243,8.103,person,yolo11n,0.7407,13.74,width_fallback,4.927,4.617,0.0,721,276,746,343,False,SAFE,OBJECT OUTSIDE VEHICLE LANE,prolog,object_outside_vehicle_lane,25,1,safe:object_outside_vehicle_lane:25* | safe:object_at_safe_distance:20,Object is outside the vehicle lane and not an immediate collision threat.,,road_video_1.mp4:yolo11n:person:g15:6
243,8.103,car,yolo11n,0.6838,11.24,width_fallback,2.013,4.284,0.091,488,261,600,352,False,SAFE,OBJECT OUTSIDE VEHICLE LANE,prolog,object_outside_vehicle_lane,25,1,safe:object_outside_vehicle_lane:25* | safe:object_at_safe_distance:20,Object is outside the vehicle lane and not an immediate collision threat.,,road_video_1.mp4:yolo11n:car:g12:6
243,8.103,car,yolo11n,0.6491,43.23,width_fallback,0.0,,0.0,408,275,437,304,False,SAFE,OBJECT OUTSIDE VEHICLE LANE,prolog,object_outside_vehicle_lane,25,1,safe:object_outside_vehicle_lane:25* | safe:object_at_safe_distance:20,Object is outside the vehicle lane and not an immediate collision threat.,,road_video_1.mp4:yolo11n:car:g10:6
243,8.103,car,yolo11n,0.6456,47.62,width_fallback,24.376,4.033,0.0,472,270,500,320,False,SAFE,OBJECT OUTSIDE VEHICLE LANE,prolog,object_outside_vehicle_lane,25,1,safe:object_outside_vehicle_lane:25* | safe:object_at_safe_distance:20,Object is outside the vehicle lane and not an immediate collision threat.,,road_video_1.mp4:yolo11n:car:g11:6
244,8.137,person,yolo11n,0.7395,13.83,width_fallback,6.04,3.569,0.0,722,276,747,343,False,SAFE,OBJECT OUTSIDE VEHICLE LANE,prolog,object_outside_vehicle_lane,25,1,safe:object_outside_vehicle_lane:25* | safe:object_at_safe_distance:20,Object is outside the vehicle lane and not an immediate collision threat.,,road_video_1.mp4:yolo11n:person:g15:6
244,8.137,car,yolo11n,0.6876,11.21,width_fallback,1.585,5.539,0.085,488,261,601,352,False,SAFE,OBJECT OUTSIDE VEHICLE LANE,prolog,object_outside_vehicle_lane,25,1,safe:object_outside_vehicle_lane:25* | safe:object_at_safe_distance:20,Object is outside the vehicle lane and not an immediate collision threat.,,road_video_1.mp4:yolo11n:car:g12:6
244,8.137,car,yolo11n,0.6394,43.31,width_fallback,0.0,,0.0,408,275,437,303,False,SAFE,OBJECT OUTSIDE VEHICLE LANE,prolog,object_outside_vehicle_lane,25,1,safe:object_outside_vehicle_lane:25* | safe:object_at_safe_distance:20,Object is outside the vehicle lane and not an immediate collision threat.,,road_video_1.mp4:yolo11n:car:g10:6
244,8.137,car,yolo11n,0.631,46.7,width_fallback,23.947,3.096,0.0,471,270,499,320,False,SAFE,OBJECT OUTSIDE VEHICLE LANE,prolog,object_outside_vehicle_lane,25,1,safe:object_outside_vehicle_lane:25* | safe:object_at_safe_distance:20,Object is outside the vehicle lane and not an immediate collision threat.,,road_video_1.mp4:yolo11n:car:g11:6
245,8.17,person,yolo11n,0.6999,13.53,width_fallback,7.326,2.794,0.0,722,276,749,344,False,SAFE,OBJECT OUTSIDE VEHICLE LANE,prolog,object_outside_vehicle_lane,25,1,safe:object_outside_vehicle_lane:25* | safe:object_at_safe_distance:20,Object is outside the vehicle lane and not an immediate collision threat.,,road_video_1.mp4:yolo11n:person:g15:6
245,8.17,car,yolo11n,0.6885,11.19,width_fallback,1.2,7.244,0.088,488,261,601,352,False,SAFE,OBJECT OUTSIDE VEHICLE LANE,prolog,object_outside_vehicle_lane,25,1,safe:object_outside_vehicle_lane:25* | safe:object_at_safe_distance:20,Object is outside the vehicle lane and not an immediate collision threat.,,road_video_1.mp4:yolo11n:car:g12:6
245,8.17,car,yolo11n,0.6465,47.32,width_fallback,18.464,2.856,0.002,471,271,497,320,False,SAFE,OBJECT OUTSIDE VEHICLE LANE,prolog,object_outside_vehicle_lane,25,1,safe:object_outside_vehicle_lane:25* | safe:object_at_safe_distance:20,Object is outside the vehicle lane and not an immediate collision threat.,,road_video_1.mp4:yolo11n:car:g11:6
245,8.17,car,yolo11n,0.6362,43.36,width_fallback,0.0,,0.0,408,275,437,303,False,SAFE,OBJECT OUTSIDE VEHICLE LANE,prolog,object_outside_vehicle_lane,25,1,safe:object_outside_vehicle_lane:25* | safe:object_at_safe_distance:20,Object is outside the vehicle lane and not an immediate collision threat.,,road_video_1.mp4:yolo11n:car:g10:6
246,8.203,car,yolo11n,0.7633,11.17,width_fallback,0.942,9.318,0.079,488,261,601,352,False,SAFE,OBJECT OUTSIDE VEHICLE LANE,prolog,object_outside_vehicle_lane,25,1,safe:object_outside_vehicle_lane:25* | safe:object_at_safe_distance:20,Object is outside the vehicle lane and not an immediate collision threat.,,road_video_1.mp4:yolo11n:car:g12:6
246,8.203,person,yolo11n,0.6503,13.02,width_fallback,6.811,2.397,0.0,722,276,751,344,False,SAFE,OBJECT OUTSIDE VEHICLE LANE,prolog,object_outside_vehicle_lane,25,1,safe:object_outside_vehicle_lane:25* | safe:object_at_safe_distance:20,Object is outside the vehicle lane and not an immediate collision threat.,,road_video_1.mp4:yolo11n:person:g15:6
246,8.203,car,yolo11n,0.6322,43.39,width_fallback,0.0,,0.0,408,275,437,303,False,SAFE,OBJECT OUTSIDE VEHICLE LANE,prolog,object_outside_vehicle_lane,25,1,safe:object_outside_vehicle_lane:25* | safe:object_at_safe_distance:20,Object is outside the vehicle lane and not an immediate collision threat.,,road_video_1.mp4:yolo11n:car:g10:6
246,8.203,car,yolo11n,0.6211,48.4,width_fallback,9.082,3.969,0.002,471,271,496,321,False,SAFE,OBJECT OUTSIDE VEHICLE LANE,prolog,object_outside_vehicle_lane,25,1,safe:object_outside_vehicle_lane:25* | safe:object_at_safe_distance:20,Object is outside the vehicle lane and not an immediate collision threat.,,road_video_1.mp4:yolo11n:car:g11:6
246,8.203,person,yolo11n,0.5629,8.87,width_fallback,4.348,1.582,0.04,233,267,269,369,False,SAFE,OBJECT OUTSIDE VEHICLE LANE,prolog,object_outside_vehicle_lane,25,1,safe:object_outside_vehicle_lane:25* | safe:object_at_safe_distance:20,Object is outside the vehicle lane and not an immediate collision threat.,,road_video_1.mp4:yolo11n:person:g7:6
247,8.237,car,yolo11n,0.7707,11.17,width_fallback,0.728,12.027,0.069,488,261,601,353,False,SAFE,OBJECT OUTSIDE VEHICLE LANE,prolog,object_outside_vehicle_lane,25,1,safe:object_outside_vehicle_lane:25* | safe:object_at_safe_distance:20,Object is outside the vehicle lane and not an immediate collision threat.,,road_video_1.mp4:yolo11n:car:g12:6
247,8.237,person,yolo11n,0.6681,13.0,width_fallback,5.184,2.447,0.0,725,276,752,344,False,SAFE,OBJECT OUTSIDE VEHICLE LANE,prolog,object_outside_vehicle_lane,25,1,safe:object_outside_vehicle_lane:25* | safe:object_at_safe_distance:20,Object is outside the vehicle lane and not an immediate collision threat.,,road_video_1.mp4:yolo11n:person:g15:6
247,8.237,car,yolo11n,0.6295,43.95,width_fallback,0.0,,0.0,409,275,437,303,False,SAFE,OBJECT OUTSIDE VEHICLE LANE,prolog,object_outside_vehicle_lane,25,1,safe:object_outside_vehicle_lane:25* | safe:object_at_safe_distance:20,Object is outside the vehicle lane and not an immediate collision threat.,,road_video_1.mp4:yolo11n:car:g10:6
247,8.237,car,yolo11n,0.629,49.1,width_fallback,2.999,9.551,0.0,471,271,496,321,False,SAFE,OBJECT OUTSIDE VEHICLE LANE,prolog,object_outside_vehicle_lane,25,1,safe:object_outside_vehicle_lane:25* | safe:object_at_safe_distance:20,Object is outside the vehicle lane and not an immediate collision threat.,,road_video_1.mp4:yolo11n:car:g11:6
247,8.237,person,yolo11n,0.5296,9.17,width_fallback,2.599,2.458,0.032,235,266,271,368,False,SAFE,OBJECT OUTSIDE VEHICLE LANE,prolog,object_outside_vehicle_lane,25,1,safe:object_outside_vehicle_lane:25* | safe:object_at_safe_distance:20,Object is outside the vehicle lane and not an immediate collision threat.,,road_video_1.mp4:yolo11n:person:g7:6
248,8.27,car,yolo11n,0.7697,11.16,width_fallback,0.471,17.272,0.061,488,261,601,353,False,SAFE,OBJECT OUTSIDE VEHICLE LANE,prolog,object_outside_vehicle_lane,25,1,safe:object_outside_vehicle_lane:25* | safe:object_at_safe_distance:20,Object is outside the vehicle lane and not an immediate collision threat.,,road_video_1.mp4:yolo11n:car:g12:6
248,8.27,person,yolo11n,0.7218,13.16,width_fallback,3.384,3.096,0.0,728,276,754,345,False,SAFE,OBJECT OUTSIDE VEHICLE LANE,prolog,object_outside_vehicle_lane,25,1,safe:object_outside_vehicle_lane:25* | safe:object_at_safe_distance:20,Object is outside the vehicle lane and not an immediate collision threat.,,road_video_1.mp4:yolo11n:person:g15:6
248,8.27,car,yolo11n,0.6273,48.25,width_fallback,4.627,9.946,0.0,471,271,498,321,False,SAFE,OBJECT OUTSIDE VEHICLE LANE,prolog,object_outside_vehicle_lane,25,1,safe:object_outside_vehicle_lane:25* | safe:object_at_safe_distance:20,Object is outside the vehicle lane and not an immediate collision threat.,,road_video_1.mp4:yolo11n:car:g11:6
248,8.27,car,yolo11n,0.6016,44.32,width_fallback,0.0,,0.0,409,276,437,303,False,SAFE,OBJECT OUTSIDE VEHICLE LANE,prolog,object_outside_vehicle_lane,25,1,safe:object_outside_vehicle_lane:25* | safe:object_at_safe_distance:20,Object is outside the vehicle lane and not an immediate collision threat.,,road_video_1.mp4:yolo11n:car:g10:6
248,8.27,person,yolo11n,0.5895,9.67,width_fallback,0.7,7.571,0.015,237,267,270,366,False,SAFE,OBJECT OUTSIDE VEHICLE LANE,prolog,object_outside_vehicle_lane,25,1,safe:object_outside_vehicle_lane:25* | safe:object_at_safe_distance:20,Object is outside the vehicle lane and not an immediate collision threat.,,road_video_1.mp4:yolo11n:person:g7:6
249,8.303,car,yolo11n,0.7956,11.16,width_fallback,0.3,26.246,0.073,488,262,601,353,False,SAFE,OBJECT OUTSIDE VEHICLE LANE,prolog,object_outside_vehicle_lane,25,1,safe:object_outside_vehicle_lane:25* | safe:object_at_safe_distance:20,Object is outside the vehicle lane and not an immediate collision threat.,,road_video_1.mp4:yolo11n:car:g12:6
249,8.303,person,yolo11n,0.7217,13.45,width_fallback,0.643,11.122,0.0,731,275,756,346,False,SAFE,OBJECT OUTSIDE VEHICLE LANE,prolog,object_outside_vehicle_lane,25,1,safe:object_outside_vehicle_lane:25* | safe:object_at_safe_distance:20,Object is outside the vehicle lane and not an immediate collision threat.,,road_video_1.mp4:yolo11n:person:g15:6
249,8.303,car,yolo11n,0.6413,47.7,width_fallback,5.698,9.238,0.0,471,271,498,321,False,SAFE,OBJECT OUTSIDE VEHICLE LANE,prolog,object_outside_vehicle_lane,25,1,safe:object_outside_vehicle_lane:25* | safe:object_at_safe_distance:20,Object is outside the vehicle lane and not an immediate collision threat.,,road_video_1.mp4:yolo11n:car:g11:6
249,8.303,car,yolo11n,0.6245,44.56,width_fallback,0.0,,0.0,409,276,437,303,False,SAFE,OBJECT OUTSIDE VEHICLE LANE,prolog,object_outside_vehicle_lane,25,1,safe:object_outside_vehicle_lane:25* | safe:object_at_safe_distance:20,Object is outside the vehicle lane and not an immediate collision threat.,,road_video_1.mp4:yolo11n:car:g10:6
249,8.303,person,yolo11n,0.5998,10.12,width_fallback,0.0,,0.039,238,266,270,369,False,SAFE,OBJECT OUTSIDE VEHICLE LANE,prolog,object_outside_vehicle_lane,25,1,safe:object_outside_vehicle_lane:25* | safe:object_at_safe_distance:20,Object is outside the vehicle lane and not an immediate collision threat.,,road_video_1.mp4:yolo11n:person:g7:6
250,8.337,car,yolo11n,0.7194,11.15,width_fallback,0.386,27.449,0.074,488,262,601,353,False,SAFE,OBJECT OUTSIDE VEHICLE LANE,prolog,object_outside_vehicle_lane,25,1,safe:object_outside_vehicle_lane:25* | safe:object_at_safe_distance:20,Object is outside the vehicle lane and not an immediate collision threat.,,road_video_1.mp4:yolo11n:car:g12:6
250,8.337,person,yolo11n,0.6676,9.89,width_fallback,0.0,,0.081,240,264,277,369,False,SAFE,OBJECT OUTSIDE VEHICLE LANE,prolog,object_outside_vehicle_lane,25,1,safe:object_outside_vehicle_lane:25* | safe:object_at_safe_distance:20,Object is outside the vehicle lane and not an immediate collision threat.,,road_video_1.mp4:yolo11n:person:g7:6
250,8.337,person,yolo11n,0.6395,13.64,width_fallback,0.428,20.445,0.0,733,276,758,345,False,SAFE,OBJECT OUTSIDE VEHICLE LANE,prolog,object_outside_vehicle_lane,25,1,safe:object_outside_vehicle_lane:25* | safe:object_at_safe_distance:20,Object is outside the vehicle lane and not an immediate collision threat.,,road_video_1.mp4:yolo11n:person:g15:6
250,8.337,car,yolo11n,0.6307,48.64,width_fallback,0.0,,0.002,471,271,496,322,False,SAFE,OBJECT OUTSIDE VEHICLE LANE,prolog,object_outside_vehicle_lane,25,1,safe:object_outside_vehicle_lane:25* | safe:object_at_safe_distance:20,Object is outside the vehicle lane and not an immediate collision threat.,,road_video_1.mp4:yolo11n:car:g11:6
250,8.337,car,yolo11n,0.5774,45.3,width_fallback,0.0,,0.0,410,277,437,303,False,SAFE,OBJECT OUTSIDE VEHICLE LANE,prolog,object_outside_vehicle_lane,25,1,safe:object_outside_vehicle_lane:25* | safe:object_at_safe_distance:20,Object is outside the vehicle lane and not an immediate collision threat.,,road_video_1.mp4:yolo11n:car:g10:6
251,8.37,person,yolo11n,0.693,9.93,width_fallback,0.0,,0.069,241,264,276,369,False,SAFE,OBJECT OUTSIDE VEHICLE LANE,prolog,object_outside_vehicle_lane,25,1,safe:object_outside_vehicle_lane:25* | safe:object_at_safe_distance:20,Object is outside the vehicle lane and not an immediate collision threat.,,road_video_1.mp4:yolo11n:person:g7:6
251,8.37,car,yolo11n,0.6455,11.19,width_fallback,0.0,,0.062,489,262,601,353,False,SAFE,OBJECT OUTSIDE VEHICLE LANE,prolog,object_outside_vehicle_lane,25,1,safe:object_outside_vehicle_lane:25* | safe:object_at_safe_distance:20,Object is outside the vehicle lane and not an immediate collision threat.,,road_video_1.mp4:yolo11n:car:g12:6
251,8.37,person,yolo11n,0.6047,13.97,width_fallback,0.0,,0.0,735,276,759,344,False,SAFE,OBJECT OUTSIDE VEHICLE LANE,prolog,object_outside_vehicle_lane,25,1,safe:object_outside_vehicle_lane:25* | safe:object_at_safe_distance:20,Object is outside the vehicle lane and not an immediate collision threat.,,road_video_1.mp4:yolo11n:person:g15:6
251,8.37,car,yolo11n,0.58,46.4,width_fallback,0.0,,0.0,410,277,436,304,False,SAFE,OBJECT OUTSIDE VEHICLE LANE,prolog,object_outside_vehicle_lane,25,1,safe:object_outside_vehicle_lane:25* | safe:object_at_safe_distance:20,Object is outside the vehicle lane and not an immediate collision threat.,,road_video_1.mp4:yolo11n:car:g10:6
251,8.37,car,yolo11n,0.5396,49.26,width_fallback,0.0,,0.0,471,272,496,322,False,SAFE,OBJECT OUTSIDE VEHICLE LANE,prolog,object_outside_vehicle_lane,25,1,safe:object_outside_vehicle_lane:25* | safe:object_at_safe_distance:20,Object is outside the vehicle lane and not an immediate collision threat.,,road_video_1.mp4:yolo11n:car:g11:6
252,8.403,person,yolo11n,0.6797,9.68,width_fallback,0.0,,0.169,244,263,282,373,False,SAFE,OBJECT OUTSIDE VEHICLE LANE,prolog,object_outside_vehicle_lane,25,1,safe:object_outside_vehicle_lane:25* | safe:object_at_safe_distance:20,Object is outside the vehicle lane and not an immediate collision threat.,,road_video_1.mp4:yolo11n:person:g7:6
252,8.403,car,yolo11n,0.631,11.21,width_fallback,0.0,,0.06,489,262,601,353,False,SAFE,OBJECT OUTSIDE VEHICLE LANE,prolog,object_outside_vehicle_lane,25,1,safe:object_outside_vehicle_lane:25* | safe:object_at_safe_distance:20,Object is outside the vehicle lane and not an immediate collision threat.,,road_video_1.mp4:yolo11n:car:g12:6
252,8.403,car,yolo11n,0.6145,48.98,width_fallback,0.0,,0.002,471,272,497,323,False,SAFE,OBJECT OUTSIDE VEHICLE LANE,prolog,object_outside_vehicle_lane,25,1,safe:object_outside_vehicle_lane:25* | safe:object_at_safe_distance:20,Object is outside the vehicle lane and not an immediate collision threat.,,road_video_1.mp4:yolo11n:car:g11:6
252,8.403,person,yolo11n,0.5467,13.98,width_fallback,0.0,,0.0,736,277,761,345,False,SAFE,OBJECT OUTSIDE VEHICLE LANE,prolog,object_outside_vehicle_lane,25,1,safe:object_outside_vehicle_lane:25* | safe:object_at_safe_distance:20,Object is outside the vehicle lane and not an immediate collision threat.,,road_video_1.mp4:yolo11n:person:g15:6
253,8.437,car,yolo11n,0.6527,11.26,width_fallback,0.0,,0.045,490,264,601,354,False,SAFE,OBJECT OUTSIDE VEHICLE LANE,prolog,object_outside_vehicle_lane,25,1,safe:object_outside_vehicle_lane:25* | safe:object_at_safe_distance:20,Object is outside the vehicle lane and not an immediate collision threat.,,road_video_1.mp4:yolo11n:car:g12:6
253,8.437,car,yolo11n,0.6499,46.5,width_fallback,0.0,,0.0,410,279,437,304,False,SAFE,OBJECT OUTSIDE VEHICLE LANE,prolog,object_outside_vehicle_lane,25,1,safe:object_outside_vehicle_lane:25* | safe:object_at_safe_distance:20,Object is outside the vehicle lane and not an immediate collision threat.,,road_video_1.mp4:yolo11n:car:g10:6
253,8.437,person,yolo11n,0.6481,9.07,width_fallback,0.0,,0.221,244,263,288,373,True,CAUTION,CAUTION OBJECT IN VEHICLE LANE,prolog,caution_object_in_vehicle_lane,40,1,caution:caution_object_in_vehicle_lane:40* | safe:object_at_safe_distance:20,Object detected in vehicle lane; exercise caution.,,road_video_1.mp4:yolo11n:person:g7:6
253,8.437,car,yolo11n,0.5462,48.8,width_fallback,0.0,,0.0,471,272,497,323,False,SAFE,OBJECT OUTSIDE VEHICLE LANE,prolog,object_outside_vehicle_lane,25,1,safe:object_outside_vehicle_lane:25* | safe:object_at_safe_distance:20,Object is outside the vehicle lane and not an immediate collision threat.,,road_video_1.mp4:yolo11n:car:g11:6
253,8.437,person,yolo11n,0.5255,13.62,width_fallback,0.0,,0.0,737,277,764,347,False,SAFE,OBJECT OUTSIDE VEHICLE LANE,prolog,object_outside_vehicle_lane,25,1,safe:object_outside_vehicle_lane:25* | safe:object_at_safe_distance:20,Object is outside the vehicle lane and not an immediate collision threat.,,road_video_1.mp4:yolo11n:person:g15:6
254,8.47,person,yolo11n,0.7451,13.76,width_fallback,0.0,,0.0,739,278,764,347,False,SAFE,OBJECT OUTSIDE VEHICLE LANE,prolog,object_outside_vehicle_lane,25,1,safe:object_outside_vehicle_lane:25* | safe:object_at_safe_distance:20,Object is outside the vehicle lane and not an immediate collision threat.,,road_video_1.mp4:yolo11n:person:g15:6
254,8.47,person,yolo11n,0.674,9.3,width_fallback,0.0,,0.207,246,265,282,374,True,CAUTION,CAUTION OBJECT IN VEHICLE LANE,prolog,caution_object_in_vehicle_lane,40,1,caution:caution_object_in_vehicle_lane:40* | safe:object_at_safe_distance:20,Object detected in vehicle lane; exercise caution.,,road_video_1.mp4:yolo11n:person:g7:6
254,8.47,car,yolo11n,0.6144,11.26,width_fallback,0.0,,0.049,489,263,601,355,False,SAFE,OBJECT OUTSIDE VEHICLE LANE,prolog,object_outside_vehicle_lane,25,1,safe:object_outside_vehicle_lane:25* | safe:object_at_safe_distance:20,Object is outside the vehicle lane and not an immediate collision threat.,,road_video_1.mp4:yolo11n:car:g12:6
254,8.47,car,yolo11n,0.5924,48.05,width_fallback,4.498,9.888,0.0,471,272,498,324,False,SAFE,OBJECT OUTSIDE VEHICLE LANE,prolog,object_outside_vehicle_lane,25,1,safe:object_outside_vehicle_lane:25* | safe:object_at_safe_distance:20,Object is outside the vehicle lane and not an immediate collision threat.,,road_video_1.mp4:yolo11n:car:g11:6
254,8.47,car,yolo11n,0.5401,46.56,width_fallback,0.0,,0.0,410,279,437,304,False,SAFE,OBJECT OUTSIDE VEHICLE LANE,prolog,object_outside_vehicle_lane,25,1,safe:object_outside_vehicle_lane:25* | safe:object_at_safe_distance:20,Object is outside the vehicle lane and not an immediate collision threat.,,road_video_1.mp4:yolo11n:car:g10:6
255,8.504,person,yolo11n,0.6617,9.54,width_fallback,0.557,11.872,0.179,248,266,283,372,False,SAFE,OBJECT OUTSIDE VEHICLE LANE,prolog,object_outside_vehicle_lane,25,1,safe:object_outside_vehicle_lane:25* | safe:object_at_safe_distance:20,Object is outside the vehicle lane and not an immediate collision threat.,,road_video_1.mp4:yolo11n:person:g7:6
255,8.504,car,yolo11n,0.6228,11.29,width_fallback,0.0,,0.042,490,264,601,355,False,SAFE,OBJECT OUTSIDE VEHICLE LANE,prolog,object_outside_vehicle_lane,25,1,safe:object_outside_vehicle_lane:25* | safe:object_at_safe_distance:20,Object is outside the vehicle lane and not an immediate collision threat.,,road_video_1.mp4:yolo11n:car:g12:6
255,8.504,car,yolo11n,0.6176,46.98,width_fallback,5.441,9.324,0.0,471,273,499,325,False,SAFE,OBJECT OUTSIDE VEHICLE LANE,prolog,object_outside_vehicle_lane,25,1,safe:object_outside_vehicle_lane:25* | safe:object_at_safe_distance:20,Object is outside the vehicle lane and not an immediate collision threat.,,road_video_1.mp4:yolo11n:car:g11:6
255,8.504,car,yolo11n,0.5063,46.6,width_fallback,0.0,,0.0,410,279,437,305,False,SAFE,OBJECT OUTSIDE VEHICLE LANE,prolog,object_outside_vehicle_lane,25,1,safe:object_outside_vehicle_lane:25* | safe:object_at_safe_distance:20,Object is outside the vehicle lane and not an immediate collision threat.,,road_video_1.mp4:yolo11n:car:g10:6
256,8.537,person,yolo11n,0.6904,9.51,width_fallback,2.613,8.167,0.152,246,266,283,372,False,SAFE,OBJECT OUTSIDE VEHICLE LANE,prolog,object_outside_vehicle_lane,25,1,safe:object_outside_vehicle_lane:25* | safe:object_at_safe_distance:20,Object is outside the vehicle lane and not an immediate collision threat.,,road_video_1.mp4:yolo11n:person:g7:6
256,8.537,car,yolo11n,0.6477,11.28,width_fallback,0.0,,0.041,489,265,601,356,False,SAFE,OBJECT OUTSIDE VEHICLE LANE,prolog,object_outside_vehicle_lane,25,1,safe:object_outside_vehicle_lane:25* | safe:object_at_safe_distance:20,Object is outside the vehicle lane and not an immediate collision threat.,,road_video_1.mp4:yolo11n:car:g12:6
256,8.537,car,yolo11n,0.5682,47.5,width_fallback,0.857,30.076,0.0,471,273,497,327,False,SAFE,OBJECT OUTSIDE VEHICLE LANE,prolog,object_outside_vehicle_lane,25,1,safe:object_outside_vehicle_lane:25* | safe:object_at_safe_distance:20,Object is outside the vehicle lane and not an immediate collision threat.,,road_video_1.mp4:yolo11n:car:g11:6
257,8.57,person,yolo11n,0.7037,9.59,width_fallback,1.285,7.85,0.164,247,266,283,372,False,SAFE,OBJECT OUTSIDE VEHICLE LANE,prolog,object_outside_vehicle_lane,25,1,safe:object_outside_vehicle_lane:25* | safe:object_at_safe_distance:20,Object is outside the vehicle lane and not an immediate collision threat.,,road_video_1.mp4:yolo11n:person:g7:6
257,8.57,car,yolo11n,0.6685,47.25,width_fallback,0.0,,0.0,411,280,437,305,False,SAFE,OBJECT OUTSIDE VEHICLE LANE,prolog,object_outside_vehicle_lane,25,1,safe:object_outside_vehicle_lane:25* | safe:object_at_safe_distance:20,Object is outside the vehicle lane and not an immediate collision threat.,,road_video_1.mp4:yolo11n:car:g10:6
257,8.57,car,yolo11n,0.5839,11.27,width_fallback,0.0,,0.036,489,265,601,356,False,SAFE,OBJECT OUTSIDE VEHICLE LANE,prolog,object_outside_vehicle_lane,25,1,safe:object_outside_vehicle_lane:25* | safe:object_at_safe_distance:20,Object is outside the vehicle lane and not an immediate collision threat.,,road_video_1.mp4:yolo11n:car:g12:6
257,8.57,person,yolo11n,0.5648,13.32,width_fallback,0.0,,0.0,742,278,770,350,False,SAFE,OBJECT OUTSIDE VEHICLE LANE,prolog,object_outside_vehicle_lane,25,1,safe:object_outside_vehicle_lane:25* | safe:object_at_safe_distance:20,Object is outside the vehicle lane and not an immediate collision threat.,,road_video_1.mp4:yolo11n:person:g15:6
257,8.57,car,yolo11n,0.5641,47.84,width_fallback,3.427,22.823,0.0,470,273,496,327,False,SAFE,OBJECT OUTSIDE VEHICLE LANE,prolog,object_outside_vehicle_lane,25,1,safe:object_outside_vehicle_lane:25* | safe:object_at_safe_distance:20,Object is outside the vehicle lane and not an immediate collision threat.,,road_video_1.mp4:yolo11n:car:g11:6
258,8.604,person,yolo11n,0.682,9.54,width_fallback,1.671,6.887,0.181,247,267,284,373,True,CAUTION,CAUTION OBJECT IN VEHICLE LANE,prolog,caution_object_in_vehicle_lane,40,1,caution:caution_object_in_vehicle_lane:40* | safe:object_at_safe_distance:20,Object detected in vehicle lane; exercise caution.,,road_video_1.mp4:yolo11n:person:g7:6
258,8.604,car,yolo11n,0.5975,11.23,width_fallback,0.0,,0.039,488,265,601,357,False,SAFE,OBJECT OUTSIDE VEHICLE LANE,prolog,object_outside_vehicle_lane,25,1,safe:object_outside_vehicle_lane:25* | safe:object_at_safe_distance:20,Object is outside the vehicle lane and not an immediate collision threat.,,road_video_1.mp4:yolo11n:car:g12:6
258,8.604,car,yolo11n,0.5912,48.35,width_fallback,0.0,,0.0,412,281,437,304,False,SAFE,OBJECT OUTSIDE VEHICLE LANE,prolog,object_outside_vehicle_lane,25,1,safe:object_outside_vehicle_lane:25* | safe:object_at_safe_distance:20,Object is outside the vehicle lane and not an immediate collision threat.,,road_video_1.mp4:yolo11n:car:g10:6
258,8.604,truck,yolo11n,0.5783,15.49,width_fallback,0.0,,0.04,488,266,601,357,False,SAFE,OBJECT OUTSIDE VEHICLE LANE,prolog,object_outside_vehicle_lane,25,1,safe:object_outside_vehicle_lane:25* | safe:object_at_safe_distance:20,Object is outside the vehicle lane and not an immediate collision threat.,,road_video_1.mp4:yolo11n:truck:g12:6
258,8.604,person,yolo11n,0.5517,12.74,width_fallback,2.366,13.668,0.0,742,278,772,350,False,SAFE,OBJECT OUTSIDE VEHICLE LANE,prolog,object_outside_vehicle_lane,25,1,safe:object_outside_vehicle_lane:25* | safe:object_at_safe_distance:20,Object is outside the vehicle lane and not an immediate collision threat.,,road_video_1.mp4:yolo11n:person:g15:6
258,8.604,car,yolo11n,0.5515,48.73,width_fallback,2.27,22.211,0.0,471,273,496,327,False,SAFE,OBJECT OUTSIDE VEHICLE LANE,prolog,object_outside_vehicle_lane,25,1,safe:object_outside_vehicle_lane:25* | safe:object_at_safe_distance:20,Object is outside the vehicle lane and not an immediate collision threat.,,road_video_1.mp4:yolo11n:car:g11:6
259,8.637,person,yolo11n,0.6777,9.8,width_fallback,0.0,,0.233,251,267,285,372,True,CAUTION,CAUTION OBJECT IN VEHICLE LANE,prolog,caution_object_in_vehicle_lane,40,1,caution:caution_object_in_vehicle_lane:40* | safe:object_at_safe_distance:20,Object detected in vehicle lane; exercise caution.,,road_video_1.mp4:yolo11n:person:g7:6
259,8.637,truck,yolo11n,0.6644,15.44,width_fallback,0.0,,0.038,487,265,601,357,False,SAFE,OBJECT OUTSIDE VEHICLE LANE,prolog,object_outside_vehicle_lane,25,1,safe:object_outside_vehicle_lane:25* | safe:object_at_safe_distance:20,Object is outside the vehicle lane and not an immediate collision threat.,,road_video_1.mp4:yolo11n:truck:g12:6
259,8.637,car,yolo11n,0.6505,48.39,width_fallback,0.0,,0.0,410,281,436,305,False,SAFE,OBJECT OUTSIDE VEHICLE LANE,prolog,object_outside_vehicle_lane,25,1,safe:object_outside_vehicle_lane:25* | safe:object_at_safe_distance:20,Object is outside the vehicle lane and not an immediate collision threat.,,road_video_1.mp4:yolo11n:car:g10:6
259,8.637,car,yolo11n,0.546,11.2,width_fallback,0.0,,0.035,488,265,601,357,False,SAFE,OBJECT OUTSIDE VEHICLE LANE,prolog,object_outside_vehicle_lane,25,1,safe:object_outside_vehicle_lane:25* | safe:object_at_safe_distance:20,Object is outside the vehicle lane and not an immediate collision threat.,,road_video_1.mp4:yolo11n:car:g12:6
259,8.637,person,yolo11n,0.5396,12.51,width_fallback,3.765,9.013,0.0,743,278,772,351,False,SAFE,OBJECT OUTSIDE VEHICLE LANE,prolog,object_outside_vehicle_lane,25,1,safe:object_outside_vehicle_lane:25* | safe:object_at_safe_distance:20,Object is outside the vehicle lane and not an immediate collision threat.,,road_video_1.mp4:yolo11n:person:g15:6
260,8.67,person,yolo11n,0.6914,9.68,width_fallback,0.0,,0.26,249,265,286,373,True,CAUTION,CAUTION OBJECT IN VEHICLE LANE,prolog,caution_object_in_vehicle_lane,40,1,caution:caution_object_in_vehicle_lane:40* | safe:object_at_safe_distance:20,Object detected in vehicle lane; exercise caution.,,road_video_1.mp4:yolo11n:person:g7:6
260,8.67,car,yolo11n,0.6545,47.2,width_fallback,0.0,,0.0,409,281,437,305,False,SAFE,OBJECT OUTSIDE VEHICLE LANE,prolog,object_outside_vehicle_lane,25,1,safe:object_outside_vehicle_lane:25* | safe:object_at_safe_distance:20,Object is outside the vehicle lane and not an immediate collision threat.,,road_video_1.mp4:yolo11n:car:g10:6
260,8.67,truck,yolo11n,0.6509,15.41,width_fallback,0.0,,0.035,487,266,601,357,False,SAFE,OBJECT OUTSIDE VEHICLE LANE,prolog,object_outside_vehicle_lane,25,1,safe:object_outside_vehicle_lane:25* | safe:object_at_safe_distance:20,Object is outside the vehicle lane and not an immediate collision threat.,,road_video_1.mp4:yolo11n:truck:g12:6
260,8.67,car,yolo11n,0.552,11.18,width_fallback,0.343,29.777,0.03,488,265,601,357,False,SAFE,OBJECT OUTSIDE VEHICLE LANE,prolog,object_outside_vehicle_lane,25,1,safe:object_outside_vehicle_lane:25* | safe:object_at_safe_distance:20,Object is outside the vehicle lane and not an immediate collision threat.,,road_video_1.mp4:yolo11n:car:g12:6
261,8.704,car,yolo11n,0.6636,49.06,width_fallback,0.0,,0.0,412,281,436,305,False,SAFE,OBJECT OUTSIDE VEHICLE LANE,prolog,object_outside_vehicle_lane,25,1,safe:object_outside_vehicle_lane:25* | safe:object_at_safe_distance:20,Object is outside the vehicle lane and not an immediate collision threat.,,road_video_1.mp4:yolo11n:car:g10:6
261,8.704,person,yolo11n,0.6548,9.7,width_fallback,0.0,,0.26,250,264,286,373,True,CAUTION,CAUTION OBJECT IN VEHICLE LANE,prolog,caution_object_in_vehicle_lane,40,1,caution:caution_object_in_vehicle_lane:40* | safe:object_at_safe_distance:20,Object detected in vehicle lane; exercise caution.,,road_video_1.mp4:yolo11n:person:g7:6
261,8.704,truck,yolo11n,0.6126,15.39,width_fallback,1.0,15.396,0.027,487,266,601,357,False,SAFE,OBJECT OUTSIDE VEHICLE LANE,prolog,object_outside_vehicle_lane,25,1,safe:object_outside_vehicle_lane:25* | safe:object_at_safe_distance:20,Object is outside the vehicle lane and not an immediate collision threat.,,road_video_1.mp4:yolo11n:truck:g12:6
261,8.704,car,yolo11n,0.5386,48.64,width_fallback,1.133,31.537,0.0,470,274,496,327,False,SAFE,OBJECT OUTSIDE VEHICLE LANE,prolog,object_outside_vehicle_lane,25,1,safe:object_outside_vehicle_lane:25* | safe:object_at_safe_distance:20,Object is outside the vehicle lane and not an immediate collision threat.,,road_video_1.mp4:yolo11n:car:g11:6
261,8.704,person,yolo11n,0.5327,12.5,width_fallback,4.408,6.233,0.0,748,278,776,351,False,SAFE,OBJECT OUTSIDE VEHICLE LANE,prolog,object_outside_vehicle_lane,25,1,safe:object_outside_vehicle_lane:25* | safe:object_at_safe_distance:20,Object is outside the vehicle lane and not an immediate collision threat.,,road_video_1.mp4:yolo11n:person:g15:6
261,8.704,car,yolo11n,0.5308,11.17,width_fallback,0.386,29.414,0.024,488,265,601,357,False,SAFE,OBJECT OUTSIDE VEHICLE LANE,prolog,object_outside_vehicle_lane,25,1,safe:object_outside_vehicle_lane:25* | safe:object_at_safe_distance:20,Object is outside the vehicle lane and not an immediate collision threat.,,road_video_1.mp4:yolo11n:car:g12:6
262,8.737,person,yolo11n,0.6441,9.8,width_fallback,0.0,,0.332,255,265,290,372,True,CAUTION,CAUTION OBJECT IN VEHICLE LANE,prolog,caution_object_in_vehicle_lane,40,1,caution:caution_object_in_vehicle_lane:40* | safe:object_at_safe_distance:20,Object detected in vehicle lane; exercise caution.,,road_video_1.mp4:yolo11n:person:g7:6
262,8.737,car,yolo11n,0.6428,49.25,width_fallback,0.0,,0.0,470,273,495,327,False,SAFE,OBJECT OUTSIDE VEHICLE LANE,prolog,object_outside_vehicle_lane,25,1,safe:object_outside_vehicle_lane:25* | safe:object_at_safe_distance:20,Object is outside the vehicle lane and not an immediate collision threat.,,road_video_1.mp4:yolo11n:car:g11:6
262,8.737,car,yolo11n,0.5875,50.26,width_fallback,0.0,,0.0,413,281,437,305,False,SAFE,OBJECT OUTSIDE VEHICLE LANE,prolog,object_outside_vehicle_lane,25,1,safe:object_outside_vehicle_lane:25* | safe:object_at_safe_distance:20,Object is outside the vehicle lane and not an immediate collision threat.,,road_video_1.mp4:yolo11n:car:g10:6
262,8.737,person,yolo11n,0.5695,12.66,width_fallback,3.958,4.867,0.0,751,276,778,352,False,SAFE,OBJECT OUTSIDE VEHICLE LANE,prolog,object_outside_vehicle_lane,25,1,safe:object_outside_vehicle_lane:25* | safe:object_at_safe_distance:20,Object is outside the vehicle lane and not an immediate collision threat.,,road_video_1.mp4:yolo11n:person:g15:6
262,8.737,truck,yolo11n,0.5679,15.37,width_fallback,0.9,16.156,0.033,487,266,601,357,False,SAFE,OBJECT OUTSIDE VEHICLE LANE,prolog,object_outside_vehicle_lane,25,1,safe:object_outside_vehicle_lane:25* | safe:object_at_safe_distance:20,Object is outside the vehicle lane and not an immediate collision threat.,,road_video_1.mp4:yolo11n:truck:g12:6
262,8.737,car,yolo11n,0.5022,11.13,width_fallback,0.685,23.485,0.029,487,265,601,356,False,SAFE,OBJECT OUTSIDE VEHICLE LANE,prolog,object_outside_vehicle_lane,25,1,safe:object_outside_vehicle_lane:25* | safe:object_at_safe_distance:20,Object is outside the vehicle lane and not an immediate collision threat.,,road_video_1.mp4:yolo11n:car:g12:6
263,8.77,person,yolo11n,0.687,9.77,width_fallback,0.0,,0.371,256,263,292,373,True,CAUTION,CAUTION OBJECT IN VEHICLE LANE,prolog,caution_object_in_vehicle_lane,40,1,caution:caution_object_in_vehicle_lane:40* | safe:object_at_safe_distance:20,Object detected in vehicle lane; exercise caution.,,road_video_1.mp4:yolo11n:person:g7:6
263,8.77,car,yolo11n,0.6441,49.66,width_fallback,0.0,,0.0,470,273,495,327,False,SAFE,OBJECT OUTSIDE VEHICLE LANE,prolog,object_outside_vehicle_lane,25,1,safe:object_outside_vehicle_lane:25* | safe:object_at_safe_distance:20,Object is outside the vehicle lane and not an immediate collision threat.,,road_video_1.mp4:yolo11n:car:g11:6
263,8.77,person,yolo11n,0.6211,13.33,width_fallback,0.87,9.575,0.0,754,278,778,350,False,SAFE,OBJECT OUTSIDE VEHICLE LANE,prolog,object_outside_vehicle_lane,25,1,safe:object_outside_vehicle_lane:25* | safe:object_at_safe_distance:20,Object is outside the vehicle lane and not an immediate collision threat.,,road_video_1.mp4:yolo11n:person:g15:6
263,8.77,car,yolo11n,0.6079,51.05,width_fallback,0.0,,0.0,413,281,437,305,False,SAFE,OBJECT OUTSIDE VEHICLE LANE,prolog,object_outside_vehicle_lane,25,1,safe:object_outside_vehicle_lane:25* | safe:object_at_safe_distance:20,Object is outside the vehicle lane and not an immediate collision threat.,,road_video_1.mp4:yolo11n:car:g10:6
263,8.77,car,yolo11n,0.5559,11.1,width_fallback,0.771,19.394,0.035,487,265,601,356,False,SAFE,OBJECT OUTSIDE VEHICLE LANE,prolog,object_outside_vehicle_lane,25,1,safe:object_outside_vehicle_lane:25* | safe:object_at_safe_distance:20,Object is outside the vehicle lane and not an immediate collision threat.,,road_video_1.mp4:yolo11n:car:g12:6
263,8.77,truck,yolo11n,0.5325,15.37,width_fallback,0.72,18.496,0.039,487,265,601,357,False,SAFE,OBJECT OUTSIDE VEHICLE LANE,prolog,object_outside_vehicle_lane,25,1,safe:object_outside_vehicle_lane:25* | safe:object_at_safe_distance:20,Object is outside the vehicle lane and not an immediate collision threat.,,road_video_1.mp4:yolo11n:truck:g12:6
264,8.804,person,yolo11n,0.6588,9.95,width_fallback,0.0,,0.408,258,262,292,374,True,CAUTION,CAUTION OBJECT IN VEHICLE LANE,prolog,caution_object_in_vehicle_lane,40,1,caution:caution_object_in_vehicle_lane:40* | safe:object_at_safe_distance:20,Object detected in vehicle lane; exercise caution.,,road_video_1.mp4:yolo11n:person:g7:6
264,8.804,car,yolo11n,0.6444,49.24,width_fallback,0.0,,0.0,470,272,496,327,False,SAFE,OBJECT OUTSIDE VEHICLE LANE,prolog,object_outside_vehicle_lane,25,1,safe:object_outside_vehicle_lane:25* | safe:object_at_safe_distance:20,Object is outside the vehicle lane and not an immediate collision threat.,,road_video_1.mp4:yolo11n:car:g11:6
264,8.804,car,yolo11n,0.6273,50.82,width_fallback,0.0,,0.0,412,281,437,304,False,SAFE,OBJECT OUTSIDE VEHICLE LANE,prolog,object_outside_vehicle_lane,25,1,safe:object_outside_vehicle_lane:25* | safe:object_at_safe_distance:20,Object is outside the vehicle lane and not an immediate collision threat.,,road_video_1.mp4:yolo11n:car:g10:6
264,8.804,car,yolo11n,0.583,11.08,width_fallback,0.814,16.793,0.033,487,265,601,356,False,SAFE,OBJECT OUTSIDE VEHICLE LANE,prolog,object_outside_vehicle_lane,25,1,safe:object_outside_vehicle_lane:25* | safe:object_at_safe_distance:20,Object is outside the vehicle lane and not an immediate collision threat.,,road_video_1.mp4:yolo11n:car:g12:6
264,8.804,person,yolo11n,0.5739,13.77,width_fallback,0.0,,0.0,756,278,780,350,False,SAFE,OBJECT OUTSIDE VEHICLE LANE,prolog,object_outside_vehicle_lane,25,1,safe:object_outside_vehicle_lane:25* | safe:object_at_safe_distance:20,Object is outside the vehicle lane and not an immediate collision threat.,,road_video_1.mp4:yolo11n:person:g15:6
264,8.804,truck,yolo11n,0.522,15.36,width_fallback,0.65,20.811,0.033,487,265,601,356,False,SAFE,OBJECT OUTSIDE VEHICLE LANE,prolog,object_outside_vehicle_lane,25,1,safe:object_outside_vehicle_lane:25* | safe:object_at_safe_distance:20,Object is outside the vehicle lane and not an immediate collision threat.,,road_video_1.mp4:yolo11n:truck:g12:6
265,8.837,person,yolo11n,0.7093,14.28,width_fallback,0.0,,0.0,758,278,781,350,False,SAFE,OBJECT OUTSIDE VEHICLE LANE,prolog,object_outside_vehicle_lane,25,1,safe:object_outside_vehicle_lane:25* | safe:object_at_safe_distance:20,Object is outside the vehicle lane and not an immediate collision threat.,,road_video_1.mp4:yolo11n:person:g15:6
265,8.837,person,yolo11n,0.6578,10.07,width_fallback,0.0,,0.411,259,262,293,375,True,CAUTION,CAUTION OBJECT IN VEHICLE LANE,prolog,caution_object_in_vehicle_lane,40,1,caution:caution_object_in_vehicle_lane:40* | safe:object_at_safe_distance:20,Object detected in vehicle lane; exercise caution.,,road_video_1.mp4:yolo11n:person:g7:6
265,8.837,car,yolo11n,0.6487,48.97,width_fallback,0.0,,0.0,470,272,496,327,False,SAFE,OBJECT OUTSIDE VEHICLE LANE,prolog,object_outside_vehicle_lane,25,1,safe:object_outside_vehicle_lane:25* | safe:object_at_safe_distance:20,Object is outside the vehicle lane and not an immediate collision threat.,,road_video_1.mp4:yolo11n:car:g11:6
265,8.837,car,yolo11n,0.6256,11.07,width_fallback,0.685,16.504,0.037,487,265,601,356,False,SAFE,OBJECT OUTSIDE VEHICLE LANE,prolog,object_outside_vehicle_lane,25,1,safe:object_outside_vehicle_lane:25* | safe:object_at_safe_distance:20,Object is outside the vehicle lane and not an immediate collision threat.,,road_video_1.mp4:yolo11n:car:g12:6
265,8.837,car,yolo11n,0.5988,50.67,width_fallback,0.0,,0.0,412,281,437,304,False,SAFE,OBJECT OUTSIDE VEHICLE LANE,prolog,object_outside_vehicle_lane,25,1,safe:object_outside_vehicle_lane:25* | safe:object_at_safe_distance:20,Object is outside the vehicle lane and not an immediate collision threat.,,road_video_1.mp4:yolo11n:car:g10:6
266,8.87,person,yolo11n,0.733,14.38,width_fallback,0.0,,0.0,759,277,783,353,False,SAFE,OBJECT OUTSIDE VEHICLE LANE,prolog,object_outside_vehicle_lane,25,1,safe:object_outside_vehicle_lane:25* | safe:object_at_safe_distance:20,Object is outside the vehicle lane and not an immediate collision threat.,,road_video_1.mp4:yolo11n:person:g15:6
266,8.87,car,yolo11n,0.6699,48.16,width_fallback,0.0,,0.0,470,272,497,327,False,SAFE,OBJECT OUTSIDE VEHICLE LANE,prolog,object_outside_vehicle_lane,25,1,safe:object_outside_vehicle_lane:25* | safe:object_at_safe_distance:20,Object is outside the vehicle lane and not an immediate collision threat.,,road_video_1.mp4:yolo11n:car:g11:6
266,8.87,person,yolo11n,0.6456,10.15,width_fallback,0.0,,0.351,260,263,294,375,True,CAUTION,CAUTION OBJECT IN VEHICLE LANE,prolog,caution_object_in_vehicle_lane,40,1,caution:caution_object_in_vehicle_lane:40* | safe:object_at_safe_distance:20,Object detected in vehicle lane; exercise caution.,,road_video_1.mp4:yolo11n:person:g7:6
266,8.87,car,yolo11n,0.6185,11.06,width_fallback,0.6,17.375,0.031,487,264,601,356,False,SAFE,OBJECT OUTSIDE VEHICLE LANE,prolog,object_outside_vehicle_lane,25,1,safe:object_outside_vehicle_lane:25* | safe:object_at_safe_distance:20,Object is outside the vehicle lane and not an immediate collision threat.,,road_video_1.mp4:yolo11n:car:g12:6
266,8.87,car,yolo11n,0.5937,51.31,width_fallback,0.0,,0.0,413,280,437,303,False,SAFE,OBJECT OUTSIDE VEHICLE LANE,prolog,object_outside_vehicle_lane,25,1,safe:object_outside_vehicle_lane:25* | safe:object_at_safe_distance:20,Object is outside the vehicle lane and not an immediate collision threat.,,road_video_1.mp4:yolo11n:car:g10:6
267,8.904,person,yolo11n,0.7355,14.25,width_fallback,0.0,,0.0,760,277,785,354,False,SAFE,OBJECT OUTSIDE VEHICLE LANE,prolog,object_outside_vehicle_lane,25,1,safe:object_outside_vehicle_lane:25* | safe:object_at_safe_distance:20,Object is outside the vehicle lane and not an immediate collision threat.,,road_video_1.mp4:yolo11n:person:g15:6
267,8.904,car,yolo11n,0.6907,47.64,width_fallback,3.632,23.248,0.0,470,272,497,327,False,SAFE,OBJECT OUTSIDE VEHICLE LANE,prolog,object_outside_vehicle_lane,25,1,safe:object_outside_vehicle_lane:25* | safe:object_at_safe_distance:20,Object is outside the vehicle lane and not an immediate collision threat.,,road_video_1.mp4:yolo11n:car:g11:6
267,8.904,person,yolo11n,0.6657,9.82,width_fallback,0.0,,0.346,258,264,296,375,True,CAUTION,CAUTION OBJECT IN VEHICLE LANE,prolog,caution_object_in_vehicle_lane,40,1,caution:caution_object_in_vehicle_lane:40* | safe:object_at_safe_distance:20,Object detected in vehicle lane; exercise caution.,,road_video_1.mp4:yolo11n:person:g7:6
267,8.904,car,yolo11n,0.6297,11.06,width_fallback,0.514,19.238,0.038,487,264,601,356,False,SAFE,OBJECT OUTSIDE VEHICLE LANE,prolog,object_outside_vehicle_lane,25,1,safe:object_outside_vehicle_lane:25* | safe:object_at_safe_distance:20,Object is outside the vehicle lane and not an immediate collision threat.,,road_video_1.mp4:yolo11n:car:g12:6
267,8.904,car,yolo11n,0.623,51.73,width_fallback,0.0,,0.0,413,280,437,303,False,SAFE,OBJECT OUTSIDE VEHICLE LANE,prolog,object_outside_vehicle_lane,25,1,safe:object_outside_vehicle_lane:25* | safe:object_at_safe_distance:20,Object is outside the vehicle lane and not an immediate collision threat.,,road_video_1.mp4:yolo11n:car:g10:6
268,8.937,person,yolo11n,0.7101,13.8,width_fallback,0.0,,0.0,760,276,787,354,False,SAFE,OBJECT OUTSIDE VEHICLE LANE,prolog,object_outside_vehicle_lane,25,1,safe:object_outside_vehicle_lane:25* | safe:object_at_safe_distance:20,Object is outside the vehicle lane and not an immediate collision threat.,,road_video_1.mp4:yolo11n:person:g15:6
268,8.937,car,yolo11n,0.6929,47.3,width_fallback,5.74,16.494,0.0,470,272,497,327,False,SAFE,OBJECT OUTSIDE VEHICLE LANE,prolog,object_outside_vehicle_lane,25,1,safe:object_outside_vehicle_lane:25* | safe:object_at_safe_distance:20,Object is outside the vehicle lane and not an immediate collision threat.,,road_video_1.mp4:yolo11n:car:g11:6
268,8.937,car,yolo11n,0.6363,11.06,width_fallback,0.471,21.143,0.038,487,264,601,356,False,SAFE,OBJECT OUTSIDE VEHICLE LANE,prolog,object_outside_vehicle_lane,25,1,safe:object_outside_vehicle_lane:25* | safe:object_at_safe_distance:20,Object is outside the vehicle lane and not an immediate collision threat.,,road_video_1.mp4:yolo11n:car:g12:6
268,8.937,person,yolo11n,0.6192,9.78,width_fallback,0.0,,0.365,262,265,298,372,True,CAUTION,CAUTION OBJECT IN VEHICLE LANE,prolog,caution_object_in_vehicle_lane,40,1,caution:caution_object_in_vehicle_lane:40* | safe:object_at_safe_distance:20,Object detected in vehicle lane; exercise caution.,,road_video_1.mp4:yolo11n:person:g7:6
268,8.937,car,yolo11n,0.6039,52.8,width_fallback,0.0,,0.0,414,280,437,303,False,SAFE,OBJECT OUTSIDE VEHICLE LANE,prolog,object_outside_vehicle_lane,25,1,safe:object_outside_vehicle_lane:25* | safe:object_at_safe_distance:20,Object is outside the vehicle lane and not an immediate collision threat.,,road_video_1.mp4:yolo11n:car:g10:6
269,8.97,person,yolo11n,0.7447,13.34,width_fallback,0.0,,0.0,762,276,790,354,False,SAFE,OBJECT OUTSIDE VEHICLE LANE,prolog,object_outside_vehicle_lane,25,1,safe:object_outside_vehicle_lane:25* | safe:object_at_safe_distance:20,Object is outside the vehicle lane and not an immediate collision threat.,,road_video_1.mp4:yolo11n:person:g15:6
269,8.97,car,yolo11n,0.6945,47.08,width_fallback,9.296,11.351,0.0,470,272,497,327,False,SAFE,OBJECT OUTSIDE VEHICLE LANE,prolog,object_outside_vehicle_lane,25,1,safe:object_outside_vehicle_lane:25* | safe:object_at_safe_distance:20,Object is outside the vehicle lane and not an immediate collision threat.,,road_video_1.mp4:yolo11n:car:g11:6
269,8.97,car,yolo11n,0.6335,11.05,width_fallback,0.343,26.138,0.046,487,264,601,356,False,SAFE,OBJECT OUTSIDE VEHICLE LANE,prolog,object_outside_vehicle_lane,25,1,safe:object_outside_vehicle_lane:25* | safe:object_at_safe_distance:20,Object is outside the vehicle lane and not an immediate collision threat.,,road_video_1.mp4:yolo11n:car:g12:6
269,8.97,car,yolo11n,0.5872,53.49,width_fallback,0.0,,0.0,414,280,437,303,False,SAFE,OBJECT OUTSIDE VEHICLE LANE,prolog,object_outside_vehicle_lane,25,1,safe:object_outside_vehicle_lane:25* | safe:object_at_safe_distance:20,Object is outside the vehicle lane and not an immediate collision threat.,,road_video_1.mp4:yolo11n:car:g10:6
269,8.97,person,yolo11n,0.5797,9.5,width_fallback,1.285,7.114,0.469,264,267,303,374,True,CAUTION,CAUTION OBJECT IN VEHICLE LANE,prolog,caution_object_in_vehicle_lane,40,1,caution:caution_object_in_vehicle_lane:40* | safe:object_at_safe_distance:20,Object detected in vehicle lane; exercise caution.,,road_video_1.mp4:yolo11n:person:g7:6
270,9.004,person,yolo11n,0.7715,12.9,width_fallback,1.842,8.417,0.0,762,277,791,354,False,SAFE,OBJECT OUTSIDE VEHICLE LANE,prolog,object_outside_vehicle_lane,25,1,safe:object_outside_vehicle_lane:25* | safe:object_at_safe_distance:20,Object is outside the vehicle lane and not an immediate collision threat.,,road_video_1.mp4:yolo11n:person:g15:6
270,9.004,car,yolo11n,0.6967,46.94,width_fallback,11.652,8.056,0.0,470,272,497,327,False,SAFE,OBJECT OUTSIDE VEHICLE LANE,prolog,object_outside_vehicle_lane,25,1,safe:object_outside_vehicle_lane:25* | safe:object_at_safe_distance:20,Object is outside the vehicle lane and not an immediate collision threat.,,road_video_1.mp4:yolo11n:car:g11:6
270,9.004,person,yolo11n,0.6831,9.16,width_fallback,2.613,5.49,0.499,266,265,307,373,True,CAUTION,CAUTION OBJECT IN VEHICLE LANE,prolog,caution_object_in_vehicle_lane,40,1,caution:caution_object_in_vehicle_lane:40* | safe:object_at_safe_distance:20,Object detected in vehicle lane; exercise caution.,,road_video_1.mp4:yolo11n:person:g7:6
270,9.004,car,yolo11n,0.6389,11.05,width_fallback,0.214,37.59,0.058,487,264,601,356,False,SAFE,OBJECT OUTSIDE VEHICLE LANE,prolog,object_outside_vehicle_lane,25,1,safe:object_outside_vehicle_lane:25* | safe:object_at_safe_distance:20,Object is outside the vehicle lane and not an immediate collision threat.,,road_video_1.mp4:yolo11n:car:g12:6
270,9.004,car,yolo11n,0.5962,53.94,width_fallback,0.0,,0.0,414,280,437,303,False,SAFE,OBJECT OUTSIDE VEHICLE LANE,prolog,object_outside_vehicle_lane,25,1,safe:object_outside_vehicle_lane:25* | safe:object_at_safe_distance:20,Object is outside the vehicle lane and not an immediate collision threat.,,road_video_1.mp4:yolo11n:car:g10:6
271,9.037,person,yolo11n,0.7439,12.21,width_fallback,6.683,5.452,0.0,762,278,794,355,False,SAFE,OBJECT OUTSIDE VEHICLE LANE,prolog,object_outside_vehicle_lane,25,1,safe:object_outside_vehicle_lane:25* | safe:object_at_safe_distance:20,Object is outside the vehicle lane and not an immediate collision threat.,,road_video_1.mp4:yolo11n:person:g15:6
271,9.037,car,yolo11n,0.6827,11.05,width_fallback,0.0,,0.048,487,265,601,356,False,SAFE,OBJECT OUTSIDE VEHICLE LANE,prolog,object_outside_vehicle_lane,25,1,safe:object_outside_vehicle_lane:25* | safe:object_at_safe_distance:20,Object is outside the vehicle lane and not an immediate collision threat.,,road_video_1.mp4:yolo11n:car:g12:6
271,9.037,car,yolo11n,0.6718,46.26,width_fallback,12.766,6.061,0.0,470,272,498,327,False,SAFE,OBJECT OUTSIDE VEHICLE LANE,prolog,object_outside_vehicle_lane,25,1,safe:object_outside_vehicle_lane:25* | safe:object_at_safe_distance:20,Object is outside the vehicle lane and not an immediate collision threat.,,road_video_1.mp4:yolo11n:car:g11:6
271,9.037,person,yolo11n,0.656,8.87,width_fallback,4.627,3.882,0.47,265,266,307,371,True,CAUTION,CAUTION OBJECT IN VEHICLE LANE,prolog,caution_object_in_vehicle_lane,40,1,caution:caution_object_in_vehicle_lane:40* | safe:object_at_safe_distance:20,Object detected in vehicle lane; exercise caution.,,road_video_1.mp4:yolo11n:person:g7:6
272,9.07,person,yolo11n,0.7763,11.77,width_fallback,10.753,3.491,0.0,763,278,795,356,False,SAFE,OBJECT OUTSIDE VEHICLE LANE,prolog,object_outside_vehicle_lane,25,1,safe:object_outside_vehicle_lane:25* | safe:object_at_safe_distance:20,Object is outside the vehicle lane and not an immediate collision threat.,,road_video_1.mp4:yolo11n:person:g15:6
272,9.07,car,yolo11n,0.6805,11.05,width_fallback,0.0,,0.039,487,265,601,356,False,SAFE,OBJECT OUTSIDE VEHICLE LANE,prolog,object_outside_vehicle_lane,25,1,safe:object_outside_vehicle_lane:25* | safe:object_at_safe_distance:20,Object is outside the vehicle lane and not an immediate collision threat.,,road_video_1.mp4:yolo11n:car:g12:6
272,9.07,car,yolo11n,0.6519,45.82,width_fallback,13.494,4.862,0.0,470,272,498,327,False,SAFE,OBJECT OUTSIDE VEHICLE LANE,prolog,object_outside_vehicle_lane,25,1,safe:object_outside_vehicle_lane:25* | safe:object_at_safe_distance:20,Object is outside the vehicle lane and not an immediate collision threat.,,road_video_1.mp4:yolo11n:car:g11:6
272,9.07,person,yolo11n,0.5281,8.55,width_fallback,6.512,2.726,0.581,266,267,310,375,True,WARNING,SLOW DOWN HAZARD AHEAD,prolog,generic_warning,55,2,warning:generic_warning:55* | caution:caution_object_in_vehicle_lane:40 | safe:object_at_safe_distance:20,Slow down: hazard detected ahead in vehicle lane.,C:\Users\User\Documents\GitHub\AIproject\output\incidents\road_video_1.mp4\road_video_1.mp4_f272_WARNING_person.jpg,road_video_1.mp4:yolo11n:person:g7:6
273,9.104,person,yolo11n,0.7708,11.15,width_fallback,13.837,2.283,0.0,763,278,798,355,False,SAFE,OBJECT OUTSIDE VEHICLE LANE,prolog,object_outside_vehicle_lane,25,1,safe:object_outside_vehicle_lane:25* | safe:object_at_safe_distance:20,Object is outside the vehicle lane and not an immediate collision threat.,,road_video_1.mp4:yolo11n:person:g15:6
273,9.104,car,yolo11n,0.6753,11.05,width_fallback,0.0,,0.031,487,265,601,356,False,SAFE,OBJECT OUTSIDE VEHICLE LANE,prolog,object_outside_vehicle_lane,25,1,safe:object_outside_vehicle_lane:25* | safe:object_at_safe_distance:20,Object is outside the vehicle lane and not an immediate collision threat.,,road_video_1.mp4:yolo11n:car:g12:6
273,9.104,car,yolo11n,0.663,45.53,width_fallback,11.267,4.492,0.0,470,272,498,327,False,SAFE,OBJECT OUTSIDE VEHICLE LANE,prolog,object_outside_vehicle_lane,25,1,safe:object_outside_vehicle_lane:25* | safe:object_at_safe_distance:20,Object is outside the vehicle lane and not an immediate collision threat.,,road_video_1.mp4:yolo11n:car:g11:6
273,9.104,person,yolo11n,0.6141,8.41,width_fallback,7.454,2.007,0.602,269,267,312,374,True,WARNING,SLOW DOWN HAZARD AHEAD,prolog,generic_warning,55,2,warning:generic_warning:55* | caution:caution_object_in_vehicle_lane:40 | safe:object_at_safe_distance:20,Slow down: hazard detected ahead in vehicle lane.,,road_video_1.mp4:yolo11n:person:g7:6
274,9.137,person,yolo11n,0.7364,10.85,width_fallback,14.565,1.591,0.0,765,279,799,355,False,SAFE,OBJECT OUTSIDE VEHICLE LANE,prolog,object_outside_vehicle_lane,25,1,safe:object_outside_vehicle_lane:25* | safe:object_at_safe_distance:20,Object is outside the vehicle lane and not an immediate collision threat.,,road_video_1.mp4:yolo11n:person:g15:6
274,9.137,car,yolo11n,0.6888,11.05,width_fallback,0.0,,0.032,487,265,601,356,False,SAFE,OBJECT OUTSIDE VEHICLE LANE,prolog,object_outside_vehicle_lane,25,1,safe:object_outside_vehicle_lane:25* | safe:object_at_safe_distance:20,Object is outside the vehicle lane and not an immediate collision threat.,,road_video_1.mp4:yolo11n:car:g12:6
274,9.137,car,yolo11n,0.679,45.93,width_fallback,7.326,5.292,0.0,470,272,497,327,False,SAFE,OBJECT OUTSIDE VEHICLE LANE,prolog,object_outside_vehicle_lane,25,1,safe:object_outside_vehicle_lane:25* | safe:object_at_safe_distance:20,Object is outside the vehicle lane and not an immediate collision threat.,,road_video_1.mp4:yolo11n:car:g11:6
274,9.137,person,yolo11n,0.6336,8.13,width_fallback,7.24,1.609,0.68,267,265,313,378,True,WARNING,SLOW DOWN HAZARD AHEAD,prolog,generic_warning,55,2,warning:generic_warning:55* | caution:caution_object_in_vehicle_lane:40 | safe:object_at_safe_distance:20,Slow down: hazard detected ahead in vehicle lane.,,road_video_1.mp4:yolo11n:person:g7:6
275,9.17,person,yolo11n,0.7097,10.88,width_fallback,12.509,1.266,0.0,768,277,800,356,False,SAFE,OBJECT OUTSIDE VEHICLE LANE,prolog,object_outside_vehicle_lane,25,1,safe:object_outside_vehicle_lane:25* | safe:object_at_safe_distance:20,Object is outside the vehicle lane and not an immediate collision threat.,,road_video_1.mp4:yolo11n:person:g15:6
275,9.17,car,yolo11n,0.6688,46.19,width_fallback,4.755,7.282,0.0,470,272,497,327,False,SAFE,OBJECT OUTSIDE VEHICLE LANE,prolog,object_outside_vehicle_lane,25,1,safe:object_outside_vehicle_lane:25* | safe:object_at_safe_distance:20,Object is outside the vehicle lane and not an immediate collision threat.,,road_video_1.mp4:yolo11n:car:g11:6
275,9.17,car,yolo11n,0.6684,11.05,width_fallback,0.0,,0.028,487,265,601,356,False,SAFE,OBJECT OUTSIDE VEHICLE LANE,prolog,object_outside_vehicle_lane,25,1,safe:object_outside_vehicle_lane:25* | safe:object_at_safe_distance:20,Object is outside the vehicle lane and not an immediate collision threat.,,road_video_1.mp4:yolo11n:car:g12:6
275,9.17,person,yolo11n,0.6347,7.89,width_fallback,8.097,1.324,0.763,269,265,316,380,True,CRITICAL,BRAKE IMMEDIATELY PERSON AHEAD,prolog,brake_immediately_person_ahead,100,4,critical:brake_immediately_person_ahead:100* | critical:brake_now_object_too_close:90 | warning:generic_warning:55 | caution:caution_object_in_vehicle_lane:40 | safe:object_at_safe_distance:20,Immediate braking required due to person in lane.,C:\Users\User\Documents\GitHub\AIproject\output\incidents\road_video_1.mp4\road_video_1.mp4_f275_CRITICAL_person.jpg,road_video_1.mp4:yolo11n:person:g7:6
276,9.204,person,yolo11n,0.7297,11.16,width_fallback,9.339,1.234,0.0,772,277,802,356,False,SAFE,OBJECT OUTSIDE VEHICLE LANE,prolog,object_outside_vehicle_lane,25,1,safe:object_outside_vehicle_lane:25* | safe:object_at_safe_distance:20,Object is outside the vehicle lane and not an immediate collision threat.,,road_video_1.mp4:yolo11n:person:g15:6
276,9.204,person,yolo11n,0.6672,7.4,width_fallback,8.996,1.098,0.804,267,265,321,381,True,CRITICAL,BRAKE IMMEDIATELY PERSON AHEAD,prolog,brake_immediately_person_ahead,100,4,critical:brake_immediately_person_ahead:100* | critical:brake_now_object_too_close:90 | warning:generic_warning:55 | caution:caution_object_in_vehicle_lane:40 | safe:object_at_safe_distance:20,Immediate braking required due to person in lane.,,road_video_1.mp4:yolo11n:person:g7:6
276,9.204,car,yolo11n,0.6641,11.05,width_fallback,0.0,,0.027,487,265,601,356,False,SAFE,OBJECT OUTSIDE VEHICLE LANE,prolog,object_outside_vehicle_lane,25,1,safe:object_outside_vehicle_lane:25* | safe:object_at_safe_distance:20,Object is outside the vehicle lane and not an immediate collision threat.,,road_video_1.mp4:yolo11n:car:g12:6
276,9.204,car,yolo11n,0.6615,46.36,width_fallback,3.084,10.769,0.0,470,272,497,327,False,SAFE,OBJECT OUTSIDE VEHICLE LANE,prolog,object_outside_vehicle_lane,25,1,safe:object_outside_vehicle_lane:25* | safe:object_at_safe_distance:20,Object is outside the vehicle lane and not an immediate collision threat.,,road_video_1.mp4:yolo11n:car:g11:6
277,9.237,person,yolo11n,0.7023,11.34,width_fallback,6.683,1.442,0.0,775,277,805,356,False,SAFE,OBJECT OUTSIDE VEHICLE LANE,prolog,object_outside_vehicle_lane,25,1,safe:object_outside_vehicle_lane:25* | safe:object_at_safe_distance:20,Object is outside the vehicle lane and not an immediate collision threat.,,road_video_1.mp4:yolo11n:person:g15:6
277,9.237,car,yolo11n,0.6629,11.05,width_fallback,0.0,,0.029,487,265,601,356,False,SAFE,OBJECT OUTSIDE VEHICLE LANE,prolog,object_outside_vehicle_lane,25,1,safe:object_outside_vehicle_lane:25* | safe:object_at_safe_distance:20,Object is outside the vehicle lane and not an immediate collision threat.,,road_video_1.mp4:yolo11n:car:g12:6
277,9.237,car,yolo11n,0.6626,46.47,width_fallback,2.013,16.309,0.0,470,272,497,327,False,SAFE,OBJECT OUTSIDE VEHICLE LANE,prolog,object_outside_vehicle_lane,25,1,safe:object_outside_vehicle_lane:25* | safe:object_at_safe_distance:20,Object is outside the vehicle lane and not an immediate collision threat.,,road_video_1.mp4:yolo11n:car:g11:6
277,9.237,person,yolo11n,0.5683,7.03,width_fallback,9.125,0.951,0.8,268,265,323,380,True,CRITICAL,BRAKE IMMEDIATELY PERSON AHEAD,prolog,brake_immediately_person_ahead,100,4,critical:brake_immediately_person_ahead:100* | critical:brake_now_object_too_close:90 | warning:generic_warning:55 | caution:caution_object_in_vehicle_lane:40 | safe:object_at_safe_distance:20,Immediate braking required due to person in lane.,,road_video_1.mp4:yolo11n:person:g7:6
278,9.27,car,yolo11n,0.6922,11.02,width_fallback,0.0,,0.032,486,265,601,356,False,SAFE,OBJECT OUTSIDE VEHICLE LANE,prolog,object_outside_vehicle_lane,25,1,safe:object_outside_vehicle_lane:25* | safe:object_at_safe_distance:20,Object is outside the vehicle lane and not an immediate collision threat.,,road_video_1.mp4:yolo11n:car:g12:6
278,9.27,car,yolo11n,0.6636,45.95,width_fallback,1.328,24.54,0.0,470,272,498,327,False,SAFE,OBJECT OUTSIDE VEHICLE LANE,prolog,object_outside_vehicle_lane,25,1,safe:object_outside_vehicle_lane:25* | safe:object_at_safe_distance:20,Object is outside the vehicle lane and not an immediate collision threat.,,road_video_1.mp4:yolo11n:car:g11:6
279,9.304,car,yolo11n,0.6716,11.0,width_fallback,0.214,43.784,0.028,487,265,602,356,False,SAFE,OBJECT OUTSIDE VEHICLE LANE,prolog,object_outside_vehicle_lane,25,1,safe:object_outside_vehicle_lane:25* | safe:object_at_safe_distance:20,Object is outside the vehicle lane and not an immediate collision threat.,,road_video_1.mp4:yolo11n:car:g12:6
279,9.304,car,yolo11n,0.648,46.2,width_fallback,0.0,,0.0,470,272,497,326,False,SAFE,OBJECT OUTSIDE VEHICLE LANE,prolog,object_outside_vehicle_lane,25,1,safe:object_outside_vehicle_lane:25* | safe:object_at_safe_distance:20,Object is outside the vehicle lane and not an immediate collision threat.,,road_video_1.mp4:yolo11n:car:g11:6
279,9.304,person,yolo11n,0.6038,11.74,width_fallback,1.762,3.792,0.0,782,276,810,357,False,SAFE,OBJECT OUTSIDE VEHICLE LANE,prolog,object_outside_vehicle_lane,25,1,safe:object_outside_vehicle_lane:25* | safe:object_at_safe_distance:20,Object is outside the vehicle lane and not an immediate collision threat.,,road_video_1.mp4:yolo11n:person:g15:6
280,9.337,person,yolo11n,0.6994,11.86,width_fallback,0.0,,0.0,783,274,812,357,False,SAFE,OBJECT OUTSIDE VEHICLE LANE,prolog,object_outside_vehicle_lane,25,1,safe:object_outside_vehicle_lane:25* | safe:object_at_safe_distance:20,Object is outside the vehicle lane and not an immediate collision threat.,,road_video_1.mp4:yolo11n:person:g15:6
280,9.337,car,yolo11n,0.6792,11.02,width_fallback,0.0,,0.038,487,265,601,356,False,SAFE,OBJECT OUTSIDE VEHICLE LANE,prolog,object_outside_vehicle_lane,25,1,safe:object_outside_vehicle_lane:25* | safe:object_at_safe_distance:20,Object is outside the vehicle lane and not an immediate collision threat.,,road_video_1.mp4:yolo11n:car:g12:6
280,9.337,car,yolo11n,0.6556,46.37,width_fallback,0.0,,0.0,470,272,497,327,False,SAFE,OBJECT OUTSIDE VEHICLE LANE,prolog,object_outside_vehicle_lane,25,1,safe:object_outside_vehicle_lane:25* | safe:object_at_safe_distance:20,Object is outside the vehicle lane and not an immediate collision threat.,,road_video_1.mp4:yolo11n:car:g11:6
281,9.371,person,yolo11n,0.7464,11.79,width_fallback,0.0,,0.0,785,277,815,358,False,SAFE,OBJECT OUTSIDE VEHICLE LANE,prolog,object_outside_vehicle_lane,25,1,safe:object_outside_vehicle_lane:25* | safe:object_at_safe_distance:20,Object is outside the vehicle lane and not an immediate collision threat.,,road_video_1.mp4:yolo11n:person:g15:6
281,9.371,person,yolo11n,0.717,6.88,width_fallback,5.968,1.042,0.89,273,267,326,381,True,CRITICAL,BRAKE IMMEDIATELY PERSON AHEAD,prolog,brake_immediately_person_ahead,100,4,critical:brake_immediately_person_ahead:100* | critical:brake_now_object_too_close:90 | warning:generic_warning:55 | caution:caution_object_in_vehicle_lane:40 | safe:object_at_safe_distance:20,Immediate braking required due to person in lane.,,road_video_1.mp4:yolo11n:person:g7:6
281,9.371,car,yolo11n,0.673,11.0,width_fallback,0.214,47.191,0.043,486,265,601,356,False,SAFE,OBJECT OUTSIDE VEHICLE LANE,prolog,object_outside_vehicle_lane,25,1,safe:object_outside_vehicle_lane:25* | safe:object_at_safe_distance:20,Object is outside the vehicle lane and not an immediate collision threat.,,road_video_1.mp4:yolo11n:car:g12:6
281,9.371,car,yolo11n,0.6474,46.47,width_fallback,0.0,,0.0,470,272,497,327,False,SAFE,OBJECT OUTSIDE VEHICLE LANE,prolog,object_outside_vehicle_lane,25,1,safe:object_outside_vehicle_lane:25* | safe:object_at_safe_distance:20,Object is outside the vehicle lane and not an immediate collision threat.,,road_video_1.mp4:yolo11n:car:g11:6
282,9.404,person,yolo11n,0.6747,6.78,width_fallback,5.308,1.148,0.827,274,270,327,377,True,CRITICAL,BRAKE IMMEDIATELY PERSON AHEAD,prolog,brake_immediately_person_ahead,100,4,critical:brake_immediately_person_ahead:100* | critical:brake_now_object_too_close:90 | warning:generic_warning:55 | caution:caution_object_in_vehicle_lane:40 | safe:object_at_safe_distance:20,Immediate braking required due to person in lane.,,road_video_1.mp4:yolo11n:person:g7:6
282,9.404,car,yolo11n,0.6701,11.02,width_fallback,0.0,,0.034,487,265,601,356,False,SAFE,OBJECT OUTSIDE VEHICLE LANE,prolog,object_outside_vehicle_lane,25,1,safe:object_outside_vehicle_lane:25* | safe:object_at_safe_distance:20,Object is outside the vehicle lane and not an immediate collision threat.,,road_video_1.mp4:yolo11n:car:g12:6
282,9.404,car,yolo11n,0.649,46.54,width_fallback,0.0,,0.0,470,272,497,327,False,SAFE,OBJECT OUTSIDE VEHICLE LANE,prolog,object_outside_vehicle_lane,25,1,safe:object_outside_vehicle_lane:25* | safe:object_at_safe_distance:20,Object is outside the vehicle lane and not an immediate collision threat.,,road_video_1.mp4:yolo11n:car:g11:6
282,9.404,person,yolo11n,0.6039,11.49,width_fallback,0.0,,0.0,786,277,818,358,False,SAFE,OBJECT OUTSIDE VEHICLE LANE,prolog,object_outside_vehicle_lane,25,1,safe:object_outside_vehicle_lane:25* | safe:object_at_safe_distance:20,Object is outside the vehicle lane and not an immediate collision threat.,,road_video_1.mp4:yolo11n:person:g15:6
282,9.404,car,yolo11n,0.502,56.06,width_fallback,0.0,,0.0,417,280,438,299,False,SAFE,OBJECT OUTSIDE VEHICLE LANE,prolog,object_outside_vehicle_lane,25,1,safe:object_outside_vehicle_lane:25* | safe:object_at_safe_distance:20,Object is outside the vehicle lane and not an immediate collision threat.,,road_video_1.mp4:yolo11n:car:g10:6
283,9.437,person,yolo11n,0.6958,6.86,width_fallback,4.648,1.295,0.846,279,268,329,377,True,CRITICAL,BRAKE IMMEDIATELY PERSON AHEAD,prolog,brake_immediately_person_ahead,100,4,critical:brake_immediately_person_ahead:100* | critical:brake_now_object_too_close:90 | warning:generic_warning:55 | caution:caution_object_in_vehicle_lane:40 | safe:object_at_safe_distance:20,Immediate braking required due to person in lane.,,road_video_1.mp4:yolo11n:person:g7:6
283,9.437,car,yolo11n,0.6706,11.03,width_fallback,0.0,,0.029,487,265,601,356,False,SAFE,OBJECT OUTSIDE VEHICLE LANE,prolog,object_outside_vehicle_lane,25,1,safe:object_outside_vehicle_lane:25* | safe:object_at_safe_distance:20,Object is outside the vehicle lane and not an immediate collision threat.,,road_video_1.mp4:yolo11n:car:g12:6
283,9.437,car,yolo11n,0.6252,47.21,width_fallback,0.0,,0.0,471,272,497,327,False,SAFE,OBJECT OUTSIDE VEHICLE LANE,prolog,object_outside_vehicle_lane,25,1,safe:object_outside_vehicle_lane:25* | safe:object_at_safe_distance:20,Object is outside the vehicle lane and not an immediate collision threat.,,road_video_1.mp4:yolo11n:car:g11:6
284,9.471,person,yolo11n,0.6906,7.12,width_fallback,3.029,1.77,0.934,284,269,330,380,True,WARNING,SLOW DOWN HAZARD AHEAD,prolog,generic_warning,55,2,warning:generic_warning:55* | caution:caution_object_in_vehicle_lane:40 | safe:object_at_safe_distance:20,Slow down: hazard detected ahead in vehicle lane.,,road_video_1.mp4:yolo11n:person:g7:6
284,9.471,car,yolo11n,0.6814,11.04,width_fallback,0.0,,0.027,487,265,601,356,False,SAFE,OBJECT OUTSIDE VEHICLE LANE,prolog,object_outside_vehicle_lane,25,1,safe:object_outside_vehicle_lane:25* | safe:object_at_safe_distance:20,Object is outside the vehicle lane and not an immediate collision threat.,,road_video_1.mp4:yolo11n:car:g12:6
284,9.471,car,yolo11n,0.6151,47.65,width_fallback,0.0,,0.0,471,272,497,327,False,SAFE,OBJECT OUTSIDE VEHICLE LANE,prolog,object_outside_vehicle_lane,25,1,safe:object_outside_vehicle_lane:25* | safe:object_at_safe_distance:20,Object is outside the vehicle lane and not an immediate collision threat.,,road_video_1.mp4:yolo11n:car:g11:6
285,9.504,person,yolo11n,0.7123,7.29,width_fallback,1.799,2.797,0.918,288,268,334,376,True,WARNING,SLOW DOWN HAZARD AHEAD,prolog,generic_warning,55,2,warning:generic_warning:55* | caution:caution_object_in_vehicle_lane:40 | safe:object_at_safe_distance:20,Slow down: hazard detected ahead in vehicle lane.,,road_video_1.mp4:yolo11n:person:g7:6
285,9.504,car,yolo11n,0.6781,11.04,width_fallback,0.0,,0.036,487,265,601,356,False,SAFE,OBJECT OUTSIDE VEHICLE LANE,prolog,object_outside_vehicle_lane,25,1,safe:object_outside_vehicle_lane:25* | safe:object_at_safe_distance:20,Object is outside the vehicle lane and not an immediate collision threat.,,road_video_1.mp4:yolo11n:car:g12:6
285,9.504,car,yolo11n,0.6403,47.31,width_fallback,0.0,,0.0,470,272,497,327,False,SAFE,OBJECT OUTSIDE VEHICLE LANE,prolog,object_outside_vehicle_lane,25,1,safe:object_outside_vehicle_lane:25* | safe:object_at_safe_distance:20,Object is outside the vehicle lane and not an immediate collision threat.,,road_video_1.mp4:yolo11n:car:g11:6
285,9.504,car,yolo11n,0.527,58.49,width_fallback,0.0,,0.0,418,280,438,300,False,SAFE,OBJECT OUTSIDE VEHICLE LANE,prolog,object_outside_vehicle_lane,25,1,safe:object_outside_vehicle_lane:25* | safe:object_at_safe_distance:20,Object is outside the vehicle lane and not an immediate collision threat.,,road_video_1.mp4:yolo11n:car:g10:6
286,9.537,person,yolo11n,0.7667,7.19,width_fallback,0.63,6.676,0.95,288,271,338,380,True,CAUTION,CAUTION OBJECT IN VEHICLE LANE,prolog,caution_object_in_vehicle_lane,40,1,caution:caution_object_in_vehicle_lane:40* | safe:object_at_safe_distance:20,Object detected in vehicle lane; exercise caution.,,road_video_1.mp4:yolo11n:person:g7:6
286,9.537,car,yolo11n,0.6596,11.04,width_fallback,0.0,,0.034,487,265,601,356,False,SAFE,OBJECT OUTSIDE VEHICLE LANE,prolog,object_outside_vehicle_lane,25,1,safe:object_outside_vehicle_lane:25* | safe:object_at_safe_distance:20,Object is outside the vehicle lane and not an immediate collision threat.,,road_video_1.mp4:yolo11n:car:g12:6
286,9.537,car,yolo11n,0.6398,47.08,width_fallback,0.0,,0.0,470,272,497,327,False,SAFE,OBJECT OUTSIDE VEHICLE LANE,prolog,object_outside_vehicle_lane,25,1,safe:object_outside_vehicle_lane:25* | safe:object_at_safe_distance:20,Object is outside the vehicle lane and not an immediate collision threat.,,road_video_1.mp4:yolo11n:car:g11:6
287,9.571,person,yolo11n,0.6916,7.4,width_fallback,0.0,,0.906,293,269,338,375,True,CAUTION,CAUTION OBJECT IN VEHICLE LANE,prolog,caution_object_in_vehicle_lane,40,1,caution:caution_object_in_vehicle_lane:40* | safe:object_at_safe_distance:20,Object detected in vehicle lane; exercise caution.,,road_video_1.mp4:yolo11n:person:g7:6
287,9.571,car,yolo11n,0.6795,11.05,width_fallback,0.0,,0.029,487,265,601,356,False,SAFE,OBJECT OUTSIDE VEHICLE LANE,prolog,object_outside_vehicle_lane,25,1,safe:object_outside_vehicle_lane:25* | safe:object_at_safe_distance:20,Object is outside the vehicle lane and not an immediate collision threat.,,road_video_1.mp4:yolo11n:car:g12:6
287,9.571,car,yolo11n,0.6174,46.94,width_fallback,0.0,,0.0,471,272,498,327,False,SAFE,OBJECT OUTSIDE VEHICLE LANE,prolog,object_outside_vehicle_lane,25,1,safe:object_outside_vehicle_lane:25* | safe:object_at_safe_distance:20,Object is outside the vehicle lane and not an immediate collision threat.,,road_video_1.mp4:yolo11n:car:g11:6
287,9.571,car,yolo11n,0.5144,58.06,width_fallback,0.0,,0.0,417,281,439,299,False,SAFE,OBJECT OUTSIDE VEHICLE LANE,prolog,object_outside_vehicle_lane,25,1,safe:object_outside_vehicle_lane:25* | safe:object_at_safe_distance:20,Object is outside the vehicle lane and not an immediate collision threat.,,road_video_1.mp4:yolo11n:car:g10:6
288,9.604,car,yolo11n,0.6877,11.05,width_fallback,0.0,,0.046,487,265,601,356,False,SAFE,OBJECT OUTSIDE VEHICLE LANE,prolog,object_outside_vehicle_lane,25,1,safe:object_outside_vehicle_lane:25* | safe:object_at_safe_distance:20,Object is outside the vehicle lane and not an immediate collision threat.,,road_video_1.mp4:yolo11n:car:g12:6
288,9.604,person,yolo11n,0.6339,7.95,width_fallback,0.0,,0.875,298,268,337,372,True,CAUTION,CAUTION OBJECT IN VEHICLE LANE,prolog,caution_object_in_vehicle_lane,40,1,caution:caution_object_in_vehicle_lane:40* | safe:object_at_safe_distance:20,Object detected in vehicle lane; exercise caution.,,road_video_1.mp4:yolo11n:person:g7:6
288,9.604,car,yolo11n,0.6288,46.84,width_fallback,0.0,,0.0,471,272,498,327,False,SAFE,OBJECT OUTSIDE VEHICLE LANE,prolog,object_outside_vehicle_lane,25,1,safe:object_outside_vehicle_lane:25* | safe:object_at_safe_distance:20,Object is outside the vehicle lane and not an immediate collision threat.,,road_video_1.mp4:yolo11n:car:g11:6
288,9.604,car,yolo11n,0.533,57.79,width_fallback,0.0,,0.0,417,281,439,299,False,SAFE,OBJECT OUTSIDE VEHICLE LANE,prolog,object_outside_vehicle_lane,25,1,safe:object_outside_vehicle_lane:25* | safe:object_at_safe_distance:20,Object is outside the vehicle lane and not an immediate collision threat.,,road_video_1.mp4:yolo11n:car:g10:6
289,9.637,person,yolo11n,0.6871,8.77,width_fallback,0.0,,0.955,304,268,338,375,True,CAUTION,CAUTION OBJECT IN VEHICLE LANE,prolog,caution_object_in_vehicle_lane,40,1,caution:caution_object_in_vehicle_lane:40* | safe:object_at_safe_distance:20,Object detected in vehicle lane; exercise caution.,,road_video_1.mp4:yolo11n:person:g7:6
289,9.637,car,yolo11n,0.6853,11.05,width_fallback,0.0,,0.052,487,265,601,356,False,SAFE,OBJECT OUTSIDE VEHICLE LANE,prolog,object_outside_vehicle_lane,25,1,safe:object_outside_vehicle_lane:25* | safe:object_at_safe_distance:20,Object is outside the vehicle lane and not an immediate collision threat.,,road_video_1.mp4:yolo11n:car:g12:6
289,9.637,person,yolo11n,0.6827,11.3,width_fallback,0.0,,0.0,801,275,833,357,False,SAFE,OBJECT OUTSIDE VEHICLE LANE,prolog,object_outside_vehicle_lane,25,1,safe:object_outside_vehicle_lane:25* | safe:object_at_safe_distance:20,Object is outside the vehicle lane and not an immediate collision threat.,,road_video_1.mp4:yolo11n:person:g15:6
289,9.637,car,yolo11n,0.6254,46.78,width_fallback,0.0,,0.0,471,272,498,327,False,SAFE,OBJECT OUTSIDE VEHICLE LANE,prolog,object_outside_vehicle_lane,25,1,safe:object_outside_vehicle_lane:25* | safe:object_at_safe_distance:20,Object is outside the vehicle lane and not an immediate collision threat.,,road_video_1.mp4:yolo11n:car:g11:6
289,9.637,car,yolo11n,0.5008,57.61,width_fallback,0.0,,0.0,417,281,439,299,False,SAFE,OBJECT OUTSIDE VEHICLE LANE,prolog,object_outside_vehicle_lane,25,1,safe:object_outside_vehicle_lane:25* | safe:object_at_safe_distance:20,Object is outside the vehicle lane and not an immediate collision threat.,,road_video_1.mp4:yolo11n:car:g10:6
290,9.671,person,yolo11n,0.7366,8.42,width_fallback,0.0,,0.982,300,269,345,381,True,CAUTION,CAUTION OBJECT IN VEHICLE LANE,prolog,caution_object_in_vehicle_lane,40,1,caution:caution_object_in_vehicle_lane:40* | safe:object_at_safe_distance:20,Object detected in vehicle lane; exercise caution.,,road_video_1.mp4:yolo11n:person:g7:6
290,9.671,car,yolo11n,0.6892,11.08,width_fallback,0.0,,0.041,488,265,601,356,False,SAFE,OBJECT OUTSIDE VEHICLE LANE,prolog,object_outside_vehicle_lane,25,1,safe:object_outside_vehicle_lane:25* | safe:object_at_safe_distance:20,Object is outside the vehicle lane and not an immediate collision threat.,,road_video_1.mp4:yolo11n:car:g12:6
290,9.671,car,yolo11n,0.6265,47.37,width_fallback,0.0,,0.0,471,272,497,327,False,SAFE,OBJECT OUTSIDE VEHICLE LANE,prolog,object_outside_vehicle_lane,25,1,safe:object_outside_vehicle_lane:25* | safe:object_at_safe_distance:20,Object is outside the vehicle lane and not an immediate collision threat.,,road_video_1.mp4:yolo11n:car:g11:6
290,9.671,person,yolo11n,0.586,11.72,width_fallback,0.0,,0.0,807,276,835,357,False,SAFE,OBJECT OUTSIDE VEHICLE LANE,prolog,object_outside_vehicle_lane,25,1,safe:object_outside_vehicle_lane:25* | safe:object_at_safe_distance:20,Object is outside the vehicle lane and not an immediate collision threat.,,road_video_1.mp4:yolo11n:person:g15:6
291,9.704,person,yolo11n,0.7253,7.78,width_fallback,0.0,,0.994,301,269,354,383,True,CAUTION,CAUTION OBJECT IN VEHICLE LANE,prolog,caution_object_in_vehicle_lane,40,1,caution:caution_object_in_vehicle_lane:40* | safe:object_at_safe_distance:20,Object detected in vehicle lane; exercise caution.,,road_video_1.mp4:yolo11n:person:g7:6
291,9.704,car,yolo11n,0.6592,11.11,width_fallback,0.0,,0.041,488,265,601,356,False,SAFE,OBJECT OUTSIDE VEHICLE LANE,prolog,object_outside_vehicle_lane,25,1,safe:object_outside_vehicle_lane:25* | safe:object_at_safe_distance:20,Object is outside the vehicle lane and not an immediate collision threat.,,road_video_1.mp4:yolo11n:car:g12:6
291,9.704,person,yolo11n,0.5911,11.84,width_fallback,0.0,,0.0,811,275,840,358,False,SAFE,OBJECT OUTSIDE VEHICLE LANE,prolog,object_outside_vehicle_lane,25,1,safe:object_outside_vehicle_lane:25* | safe:object_at_safe_distance:20,Object is outside the vehicle lane and not an immediate collision threat.,,road_video_1.mp4:yolo11n:person:g15:6
291,9.704,car,yolo11n,0.5601,47.13,width_fallback,2.228,23.018,0.0,471,272,498,327,False,SAFE,OBJECT OUTSIDE VEHICLE LANE,prolog,object_outside_vehicle_lane,25,1,safe:object_outside_vehicle_lane:25* | safe:object_at_safe_distance:20,Object is outside the vehicle lane and not an immediate collision threat.,,road_video_1.mp4:yolo11n:car:g11:6
292,9.737,person,yolo11n,0.7832,7.29,width_fallback,0.0,,0.987,301,269,356,382,True,CAUTION,CAUTION OBJECT IN VEHICLE LANE,prolog,caution_object_in_vehicle_lane,40,1,caution:caution_object_in_vehicle_lane:40* | safe:object_at_safe_distance:20,Object detected in vehicle lane; exercise caution.,,road_video_1.mp4:yolo11n:person:g7:6
292,9.737,car,yolo11n,0.6547,11.12,width_fallback,0.0,,0.032,488,264,601,356,False,SAFE,OBJECT OUTSIDE VEHICLE LANE,prolog,object_outside_vehicle_lane,25,1,safe:object_outside_vehicle_lane:25* | safe:object_at_safe_distance:20,Object is outside the vehicle lane and not an immediate collision threat.,,road_video_1.mp4:yolo11n:car:g12:6
292,9.737,car,yolo11n,0.5638,46.38,width_fallback,3.984,17.898,0.0,471,272,499,327,False,SAFE,OBJECT OUTSIDE VEHICLE LANE,prolog,object_outside_vehicle_lane,25,1,safe:object_outside_vehicle_lane:25* | safe:object_at_safe_distance:20,Object is outside the vehicle lane and not an immediate collision threat.,,road_video_1.mp4:yolo11n:car:g11:6
292,9.737,truck,yolo11n,0.5216,15.35,width_fallback,0.0,,0.036,487,265,601,356,False,SAFE,OBJECT OUTSIDE VEHICLE LANE,prolog,object_outside_vehicle_lane,25,1,safe:object_outside_vehicle_lane:25* | safe:object_at_safe_distance:20,Object is outside the vehicle lane and not an immediate collision threat.,,road_video_1.mp4:yolo11n:truck:g12:6
293,9.771,person,yolo11n,0.7455,7.65,width_fallback,0.0,,0.997,312,269,354,376,True,CAUTION,CAUTION OBJECT IN VEHICLE LANE,prolog,caution_object_in_vehicle_lane,40,1,caution:caution_object_in_vehicle_lane:40* | safe:object_at_safe_distance:20,Object detected in vehicle lane; exercise caution.,,road_video_1.mp4:yolo11n:person:g7:6
293,9.771,car,yolo11n,0.6694,11.13,width_fallback,0.0,,0.04,488,264,601,356,False,SAFE,OBJECT OUTSIDE VEHICLE LANE,prolog,object_outside_vehicle_lane,25,1,safe:object_outside_vehicle_lane:25* | safe:object_at_safe_distance:20,Object is outside the vehicle lane and not an immediate collision threat.,,road_video_1.mp4:yolo11n:car:g12:6
293,9.771,car,yolo11n,0.5647,46.48,width_fallback,2.57,17.981,0.0,471,272,498,327,False,SAFE,OBJECT OUTSIDE VEHICLE LANE,prolog,object_outside_vehicle_lane,25,1,safe:object_outside_vehicle_lane:25* | safe:object_at_safe_distance:20,Object is outside the vehicle lane and not an immediate collision threat.,,road_video_1.mp4:yolo11n:car:g11:6
293,9.771,truck,yolo11n,0.5104,15.35,width_fallback,0.0,,0.045,487,265,601,356,False,SAFE,OBJECT OUTSIDE VEHICLE LANE,prolog,object_outside_vehicle_lane,25,1,safe:object_outside_vehicle_lane:25* | safe:object_at_safe_distance:20,Object is outside the vehicle lane and not an immediate collision threat.,,road_video_1.mp4:yolo11n:truck:g12:6
294,9.804,person,yolo11n,0.7218,7.7,width_fallback,0.0,,0.999,311,269,356,379,True,CAUTION,CAUTION OBJECT IN VEHICLE LANE,prolog,caution_object_in_vehicle_lane,40,1,caution:caution_object_in_vehicle_lane:40* | safe:object_at_safe_distance:20,Object detected in vehicle lane; exercise caution.,,road_video_1.mp4:yolo11n:person:g7:6
294,9.804,person,yolo11n,0.6907,11.78,width_fallback,0.0,,0.0,816,274,846,358,False,SAFE,OBJECT OUTSIDE VEHICLE LANE,prolog,object_outside_vehicle_lane,25,1,safe:object_outside_vehicle_lane:25* | safe:object_at_safe_distance:20,Object is outside the vehicle lane and not an immediate collision threat.,,road_video_1.mp4:yolo11n:person:g15:6
294,9.804,car,yolo11n,0.69,11.14,width_fallback,0.0,,0.033,488,265,601,356,False,SAFE,OBJECT OUTSIDE VEHICLE LANE,prolog,object_outside_vehicle_lane,25,1,safe:object_outside_vehicle_lane:25* | safe:object_at_safe_distance:20,Object is outside the vehicle lane and not an immediate collision threat.,,road_video_1.mp4:yolo11n:car:g12:6
294,9.804,car,yolo11n,0.5897,45.96,width_fallback,4.198,14.816,0.0,471,272,499,327,False,SAFE,OBJECT OUTSIDE VEHICLE LANE,prolog,object_outside_vehicle_lane,25,1,safe:object_outside_vehicle_lane:25* | safe:object_at_safe_distance:20,Object is outside the vehicle lane and not an immediate collision threat.,,road_video_1.mp4:yolo11n:car:g11:6
295,9.837,person,yolo11n,0.767,7.45,width_fallback,2.142,5.237,1.0,312,269,362,383,True,CAUTION,CAUTION OBJECT IN VEHICLE LANE,prolog,caution_object_in_vehicle_lane,40,1,caution:caution_object_in_vehicle_lane:40* | safe:object_at_safe_distance:20,Object detected in vehicle lane; exercise caution.,,road_video_1.mp4:yolo11n:person:g7:6
295,9.837,person,yolo11n,0.731,11.74,width_fallback,0.24,24.107,0.0,816,273,846,357,False,SAFE,OBJECT OUTSIDE VEHICLE LANE,prolog,object_outside_vehicle_lane,25,1,safe:object_outside_vehicle_lane:25* | safe:object_at_safe_distance:20,Object is outside the vehicle lane and not an immediate collision threat.,,road_video_1.mp4:yolo11n:person:g15:6
295,9.837,car,yolo11n,0.6998,11.14,width_fallback,0.0,,0.028,488,265,601,356,False,SAFE,OBJECT OUTSIDE VEHICLE LANE,prolog,object_outside_vehicle_lane,25,1,safe:object_outside_vehicle_lane:25* | safe:object_at_safe_distance:20,Object is outside the vehicle lane and not an immediate collision threat.,,road_video_1.mp4:yolo11n:car:g12:6
295,9.837,car,yolo11n,0.5971,45.63,width_fallback,5.184,12.11,0.0,471,272,499,327,False,SAFE,OBJECT OUTSIDE VEHICLE LANE,prolog,object_outside_vehicle_lane,25,1,safe:object_outside_vehicle_lane:25* | safe:object_at_safe_distance:20,Object is outside the vehicle lane and not an immediate collision threat.,,road_video_1.mp4:yolo11n:car:g11:6
295,9.837,car,yolo11n,0.5151,60.66,width_fallback,0.0,,0.0,421,281,440,297,False,SAFE,OBJECT OUTSIDE VEHICLE LANE,prolog,object_outside_vehicle_lane,25,1,safe:object_outside_vehicle_lane:25* | safe:object_at_safe_distance:20,Object is outside the vehicle lane and not an immediate collision threat.,,road_video_1.mp4:yolo11n:car:g10:6
296,9.871,person,yolo11n,0.7985,11.58,width_fallback,0.42,25.671,0.0,816,273,847,357,False,SAFE,OBJECT OUTSIDE VEHICLE LANE,prolog,object_outside_vehicle_lane,25,1,safe:object_outside_vehicle_lane:25* | safe:object_at_safe_distance:20,Object is outside the vehicle lane and not an immediate collision threat.,,road_video_1.mp4:yolo11n:person:g15:6
296,9.871,person,yolo11n,0.7261,7.29,width_fallback,6.34,3.398,1.0,313,270,363,383,True,CAUTION,CAUTION OBJECT IN VEHICLE LANE,prolog,caution_object_in_vehicle_lane,40,1,caution:caution_object_in_vehicle_lane:40* | safe:object_at_safe_distance:20,Object detected in vehicle lane; exercise caution.,,road_video_1.mp4:yolo11n:person:g7:6
296,9.871,car,yolo11n,0.668,11.15,width_fallback,0.0,,0.026,488,265,601,356,False,SAFE,OBJECT OUTSIDE VEHICLE LANE,prolog,object_outside_vehicle_lane,25,1,safe:object_outside_vehicle_lane:25* | safe:object_at_safe_distance:20,Object is outside the vehicle lane and not an immediate collision threat.,,road_video_1.mp4:yolo11n:car:g12:6
296,9.871,car,yolo11n,0.5702,45.41,width_fallback,5.869,10.142,0.0,471,272,499,327,False,SAFE,OBJECT OUTSIDE VEHICLE LANE,prolog,object_outside_vehicle_lane,25,1,safe:object_outside_vehicle_lane:25* | safe:object_at_safe_distance:20,Object is outside the vehicle lane and not an immediate collision threat.,,road_video_1.mp4:yolo11n:car:g11:6
296,9.871,car,yolo11n,0.5183,62.64,width_fallback,0.0,,0.0,421,281,440,296,False,SAFE,OBJECT OUTSIDE VEHICLE LANE,prolog,object_outside_vehicle_lane,25,1,safe:object_outside_vehicle_lane:25* | safe:object_at_safe_distance:20,Object is outside the vehicle lane and not an immediate collision threat.,,road_video_1.mp4:yolo11n:car:g10:6
296,9.871,truck,yolo11n,0.5177,15.35,width_fallback,0.0,,0.029,487,265,601,356,False,SAFE,OBJECT OUTSIDE VEHICLE LANE,prolog,object_outside_vehicle_lane,25,1,safe:object_outside_vehicle_lane:25* | safe:object_at_safe_distance:20,Object is outside the vehicle lane and not an immediate collision threat.,,road_video_1.mp4:yolo11n:truck:g12:6
297,9.904,person,yolo11n,0.7244,7.14,width_fallback,5.483,2.455,1.0,313,269,364,381,True,WARNING,SLOW DOWN HAZARD AHEAD,prolog,generic_warning,55,2,warning:generic_warning:55* | caution:caution_object_in_vehicle_lane:40 | safe:object_at_safe_distance:20,Slow down: hazard detected ahead in vehicle lane.,,road_video_1.mp4:yolo11n:person:g7:6
297,9.904,car,yolo11n,0.653,11.15,width_fallback,0.0,,0.033,488,265,601,356,False,SAFE,OBJECT OUTSIDE VEHICLE LANE,prolog,object_outside_vehicle_lane,25,1,safe:object_outside_vehicle_lane:25* | safe:object_at_safe_distance:20,Object is outside the vehicle lane and not an immediate collision threat.,,road_video_1.mp4:yolo11n:car:g12:6
297,9.904,person,yolo11n,0.6465,11.48,width_fallback,0.0,,0.0,816,273,847,358,False,SAFE,OBJECT OUTSIDE VEHICLE LANE,prolog,object_outside_vehicle_lane,25,1,safe:object_outside_vehicle_lane:25* | safe:object_at_safe_distance:20,Object is outside the vehicle lane and not an immediate collision threat.,,road_video_1.mp4:yolo11n:person:g15:6
297,9.904,car,yolo11n,0.5625,45.26,width_fallback,9.039,7.831,0.0,471,272,499,327,False,SAFE,OBJECT OUTSIDE VEHICLE LANE,prolog,object_outside_vehicle_lane,25,1,safe:object_outside_vehicle_lane:25* | safe:object_at_safe_distance:20,Object is outside the vehicle lane and not an immediate collision threat.,,road_video_1.mp4:yolo11n:car:g11:6
297,9.904,car,yolo11n,0.5363,63.93,width_fallback,0.0,,0.0,421,281,440,296,False,SAFE,OBJECT OUTSIDE VEHICLE LANE,prolog,object_outside_vehicle_lane,25,1,safe:object_outside_vehicle_lane:25* | safe:object_at_safe_distance:20,Object is outside the vehicle lane and not an immediate collision threat.,,road_video_1.mp4:yolo11n:car:g10:6
297,9.904,truck,yolo11n,0.5318,15.35,width_fallback,0.0,,0.036,487,265,601,356,False,SAFE,OBJECT OUTSIDE VEHICLE LANE,prolog,object_outside_vehicle_lane,25,1,safe:object_outside_vehicle_lane:25* | safe:object_at_safe_distance:20,Object is outside the vehicle lane and not an immediate collision threat.,,road_video_1.mp4:yolo11n:truck:g12:6
298,9.937,person,yolo11n,0.7162,6.87,width_fallback,3.898,2.143,1.0,309,270,364,379,True,WARNING,SLOW DOWN HAZARD AHEAD,prolog,generic_warning,55,2,warning:generic_warning:55* | caution:caution_object_in_vehicle_lane:40 | safe:object_at_safe_distance:20,Slow down: hazard detected ahead in vehicle lane.,,road_video_1.mp4:yolo11n:person:g7:6
298,9.937,car,yolo11n,0.6464,11.15,width_fallback,0.0,,0.029,488,265,601,356,False,SAFE,OBJECT OUTSIDE VEHICLE LANE,prolog,object_outside_vehicle_lane,25,1,safe:object_outside_vehicle_lane:25* | safe:object_at_safe_distance:20,Object is outside the vehicle lane and not an immediate collision threat.,,road_video_1.mp4:yolo11n:car:g12:6
298,9.937,car,yolo11n,0.5524,45.17,width_fallback,8.397,6.728,0.0,471,272,499,327,False,SAFE,OBJECT OUTSIDE VEHICLE LANE,prolog,object_outside_vehicle_lane,25,1,safe:object_outside_vehicle_lane:25* | safe:object_at_safe_distance:20,Object is outside the vehicle lane and not an immediate collision threat.,,road_video_1.mp4:yolo11n:car:g11:6
298,9.937,car,yolo11n,0.551,64.76,width_fallback,0.0,,0.0,421,281,440,296,False,SAFE,OBJECT OUTSIDE VEHICLE LANE,prolog,object_outside_vehicle_lane,25,1,safe:object_outside_vehicle_lane:25* | safe:object_at_safe_distance:20,Object is outside the vehicle lane and not an immediate collision threat.,,road_video_1.mp4:yolo11n:car:g10:6
298,9.937,person,yolo11n,0.5501,11.29,width_fallback,0.0,,0.0,815,275,847,358,False,SAFE,OBJECT OUTSIDE VEHICLE LANE,prolog,object_outside_vehicle_lane,25,1,safe:object_outside_vehicle_lane:25* | safe:object_at_safe_distance:20,Object is outside the vehicle lane and not an immediate collision threat.,,road_video_1.mp4:yolo11n:person:g15:6
298,9.937,truck,yolo11n,0.5386,15.35,width_fallback,0.0,,0.032,487,265,601,356,False,SAFE,OBJECT OUTSIDE VEHICLE LANE,prolog,object_outside_vehicle_lane,25,1,safe:object_outside_vehicle_lane:25* | safe:object_at_safe_distance:20,Object is outside the vehicle lane and not an immediate collision threat.,,road_video_1.mp4:yolo11n:truck:g12:6
299,9.971,person,yolo11n,0.6743,6.96,width_fallback,1.414,3.394,1.0,319,269,368,379,True,WARNING,SLOW DOWN HAZARD AHEAD,prolog,generic_warning,55,2,warning:generic_warning:55* | caution:caution_object_in_vehicle_lane:40 | safe:object_at_safe_distance:20,Slow down: hazard detected ahead in vehicle lane.,,road_video_1.mp4:yolo11n:person:g7:6
299,9.971,car,yolo11n,0.6691,11.15,width_fallback,0.0,,0.027,488,265,601,356,False,SAFE,OBJECT OUTSIDE VEHICLE LANE,prolog,object_outside_vehicle_lane,25,1,safe:object_outside_vehicle_lane:25* | safe:object_at_safe_distance:20,Object is outside the vehicle lane and not an immediate collision threat.,,road_video_1.mp4:yolo11n:car:g12:6
299,9.971,car,yolo11n,0.5796,45.11,width_fallback,5.441,7.432,0.0,471,272,499,327,False,SAFE,OBJECT OUTSIDE VEHICLE LANE,prolog,object_outside_vehicle_lane,25,1,safe:object_outside_vehicle_lane:25* | safe:object_at_safe_distance:20,Object is outside the vehicle lane and not an immediate collision threat.,,road_video_1.mp4:yolo11n:car:g11:6
299,9.971,car,yolo11n,0.5494,65.31,width_fallback,0.0,,0.0,421,281,440,296,False,SAFE,OBJECT OUTSIDE VEHICLE LANE,prolog,object_outside_vehicle_lane,25,1,safe:object_outside_vehicle_lane:25* | safe:object_at_safe_distance:20,Object is outside the vehicle lane and not an immediate collision threat.,,road_video_1.mp4:yolo11n:car:g10:6
299,9.971,truck,yolo11n,0.511,15.35,width_fallback,0.0,,0.03,487,265,601,356,False,SAFE,OBJECT OUTSIDE VEHICLE LANE,prolog,object_outside_vehicle_lane,25,1,safe:object_outside_vehicle_lane:25* | safe:object_at_safe_distance:20,Object is outside the vehicle lane and not an immediate collision threat.,,road_video_1.mp4:yolo11n:truck:g12:6
300,10.004,person,yolo11n,0.7015,7.25,width_fallback,1.714,3.771,1.0,325,269,370,380,True,CAUTION,CAUTION OBJECT IN VEHICLE LANE,prolog,caution_object_in_vehicle_lane,40,1,caution:caution_object_in_vehicle_lane:40* | safe:object_at_safe_distance:20,Object detected in vehicle lane; exercise caution.,,road_video_1.mp4:yolo11n:person:g7:6
300,10.004,car,yolo11n,0.6548,11.15,width_fallback,0.0,,0.037,488,264,601,356,False,SAFE,OBJECT OUTSIDE VEHICLE LANE,prolog,object_outside_vehicle_lane,25,1,safe:object_outside_vehicle_lane:25* | safe:object_at_safe_distance:20,Object is outside the vehicle lane and not an immediate collision threat.,,road_video_1.mp4:yolo11n:car:g12:6
300,10.004,car,yolo11n,0.568,45.07,width_fallback,6.04,7.445,0.0,471,272,499,327,False,SAFE,OBJECT OUTSIDE VEHICLE LANE,prolog,object_outside_vehicle_lane,25,1,safe:object_outside_vehicle_lane:25* | safe:object_at_safe_distance:20,Object is outside the vehicle lane and not an immediate collision threat.,,road_video_1.mp4:yolo11n:car:g11:6
300,10.004,car,yolo11n,0.5582,65.66,width_fallback,0.0,,0.0,421,281,440,296,False,SAFE,OBJECT OUTSIDE VEHICLE LANE,prolog,object_outside_vehicle_lane,25,1,safe:object_outside_vehicle_lane:25* | safe:object_at_safe_distance:20,Object is outside the vehicle lane and not an immediate collision threat.,,road_video_1.mp4:yolo11n:car:g10:6
300,10.004,truck,yolo11n,0.5263,15.35,width_fallback,0.0,,0.041,487,265,601,356,False,SAFE,OBJECT OUTSIDE VEHICLE LANE,prolog,object_outside_vehicle_lane,25,1,safe:object_outside_vehicle_lane:25* | safe:object_at_safe_distance:20,Object is outside the vehicle lane and not an immediate collision threat.,,road_video_1.mp4:yolo11n:truck:g12:6
301,10.037,person,yolo11n,0.693,8.54,width_fallback,0.0,,1.0,337,269,369,383,True,CAUTION,CAUTION OBJECT IN VEHICLE LANE,prolog,caution_object_in_vehicle_lane,40,1,caution:caution_object_in_vehicle_lane:40* | safe:object_at_safe_distance:20,Object detected in vehicle lane; exercise caution.,,road_video_1.mp4:yolo11n:person:g7:6
301,10.037,car,yolo11n,0.6625,11.15,width_fallback,0.0,,0.032,488,265,601,356,False,SAFE,OBJECT OUTSIDE VEHICLE LANE,prolog,object_outside_vehicle_lane,25,1,safe:object_outside_vehicle_lane:25* | safe:object_at_safe_distance:20,Object is outside the vehicle lane and not an immediate collision threat.,,road_video_1.mp4:yolo11n:car:g12:6
301,10.037,person,yolo11n,0.6048,12.67,width_fallback,0.0,,0.0,824,282,847,357,False,SAFE,OBJECT OUTSIDE VEHICLE LANE,prolog,object_outside_vehicle_lane,25,1,safe:object_outside_vehicle_lane:25* | safe:object_at_safe_distance:20,Object is outside the vehicle lane and not an immediate collision threat.,,road_video_1.mp4:yolo11n:person:g15:6
301,10.037,car,yolo11n,0.5576,65.89,width_fallback,0.0,,0.0,421,281,440,296,False,SAFE,OBJECT OUTSIDE VEHICLE LANE,prolog,object_outside_vehicle_lane,25,1,safe:object_outside_vehicle_lane:25* | safe:object_at_safe_distance:20,Object is outside the vehicle lane and not an immediate collision threat.,,road_video_1.mp4:yolo11n:car:g10:6
301,10.037,car,yolo11n,0.5425,45.05,width_fallback,3.898,9.295,0.0,471,272,499,327,False,SAFE,OBJECT OUTSIDE VEHICLE LANE,prolog,object_outside_vehicle_lane,25,1,safe:object_outside_vehicle_lane:25* | safe:object_at_safe_distance:20,Object is outside the vehicle lane and not an immediate collision threat.,,road_video_1.mp4:yolo11n:car:g11:6
301,10.037,truck,yolo11n,0.5267,15.35,width_fallback,0.0,,0.035,487,265,601,356,False,SAFE,OBJECT OUTSIDE VEHICLE LANE,prolog,object_outside_vehicle_lane,25,1,safe:object_outside_vehicle_lane:25* | safe:object_at_safe_distance:20,Object is outside the vehicle lane and not an immediate collision threat.,,road_video_1.mp4:yolo11n:truck:g12:6
302,10.071,person,yolo11n,0.7581,9.78,width_fallback,0.0,,1.0,340,270,369,381,True,CAUTION,CAUTION OBJECT IN VEHICLE LANE,prolog,caution_object_in_vehicle_lane,40,1,caution:caution_object_in_vehicle_lane:40* | safe:object_at_safe_distance:20,Object detected in vehicle lane; exercise caution.,,road_video_1.mp4:yolo11n:person:g7:6
302,10.071,car,yolo11n,0.65,11.15,width_fallback,0.0,,0.033,488,265,601,356,False,SAFE,OBJECT OUTSIDE VEHICLE LANE,prolog,object_outside_vehicle_lane,25,1,safe:object_outside_vehicle_lane:25* | safe:object_at_safe_distance:20,Object is outside the vehicle lane and not an immediate collision threat.,,road_video_1.mp4:yolo11n:car:g12:6
302,10.071,person,yolo11n,0.5455,14.07,width_fallback,0.0,,0.0,826,282,847,357,False,SAFE,OBJECT OUTSIDE VEHICLE LANE,prolog,object_outside_vehicle_lane,25,1,safe:object_outside_vehicle_lane:25* | safe:object_at_safe_distance:20,Object is outside the vehicle lane and not an immediate collision threat.,,road_video_1.mp4:yolo11n:person:g15:6
302,10.071,car,yolo11n,0.54,66.04,width_fallback,0.0,,0.0,421,281,440,297,False,SAFE,OBJECT OUTSIDE VEHICLE LANE,prolog,object_outside_vehicle_lane,25,1,safe:object_outside_vehicle_lane:25* | safe:object_at_safe_distance:20,Object is outside the vehicle lane and not an immediate collision threat.,,road_video_1.mp4:yolo11n:car:g10:6
302,10.071,truck,yolo11n,0.5383,15.35,width_fallback,0.0,,0.036,487,265,601,356,False,SAFE,OBJECT OUTSIDE VEHICLE LANE,prolog,object_outside_vehicle_lane,25,1,safe:object_outside_vehicle_lane:25* | safe:object_at_safe_distance:20,Object is outside the vehicle lane and not an immediate collision threat.,,road_video_1.mp4:yolo11n:truck:g12:6
302,10.071,car,yolo11n,0.5286,45.03,width_fallback,2.57,12.996,0.0,471,272,499,327,False,SAFE,OBJECT OUTSIDE VEHICLE LANE,prolog,object_outside_vehicle_lane,25,1,safe:object_outside_vehicle_lane:25* | safe:object_at_safe_distance:20,Object is outside the vehicle lane and not an immediate collision threat.,,road_video_1.mp4:yolo11n:car:g11:6
303,10.104,person,yolo11n,0.7434,10.58,width_fallback,0.0,,1.0,341,268,370,382,True,CAUTION,CAUTION OBJECT IN VEHICLE LANE,prolog,caution_object_in_vehicle_lane,40,1,caution:caution_object_in_vehicle_lane:40* | safe:object_at_safe_distance:20,Object detected in vehicle lane; exercise caution.,,road_video_1.mp4:yolo11n:person:g7:6
303,10.104,car,yolo11n,0.6586,11.15,width_fallback,0.0,,0.027,488,265,601,356,False,SAFE,OBJECT OUTSIDE VEHICLE LANE,prolog,object_outside_vehicle_lane,25,1,safe:object_outside_vehicle_lane:25* | safe:object_at_safe_distance:20,Object is outside the vehicle lane and not an immediate collision threat.,,road_video_1.mp4:yolo11n:car:g12:6
303,10.104,car,yolo11n,0.5573,66.14,width_fallback,0.0,,0.0,421,282,440,298,False,SAFE,OBJECT OUTSIDE VEHICLE LANE,prolog,object_outside_vehicle_lane,25,1,safe:object_outside_vehicle_lane:25* | safe:object_at_safe_distance:20,Object is outside the vehicle lane and not an immediate collision threat.,,road_video_1.mp4:yolo11n:car:g10:6
303,10.104,car,yolo11n,0.5479,45.02,width_fallback,1.671,19.273,0.0,471,272,499,327,False,SAFE,OBJECT OUTSIDE VEHICLE LANE,prolog,object_outside_vehicle_lane,25,1,safe:object_outside_vehicle_lane:25* | safe:object_at_safe_distance:20,Object is outside the vehicle lane and not an immediate collision threat.,,road_video_1.mp4:yolo11n:car:g11:6
303,10.104,truck,yolo11n,0.526,15.35,width_fallback,0.0,,0.03,487,265,601,356,False,SAFE,OBJECT OUTSIDE VEHICLE LANE,prolog,object_outside_vehicle_lane,25,1,safe:object_outside_vehicle_lane:25* | safe:object_at_safe_distance:20,Object is outside the vehicle lane and not an immediate collision threat.,,road_video_1.mp4:yolo11n:truck:g12:6
304,10.138,person,yolo11n,0.7734,10.96,width_fallback,0.0,,1.0,343,266,373,382,True,CAUTION,CAUTION OBJECT IN VEHICLE LANE,prolog,caution_object_in_vehicle_lane,40,1,caution:caution_object_in_vehicle_lane:40* | safe:object_at_safe_distance:20,Object detected in vehicle lane; exercise caution.,,road_video_1.mp4:yolo11n:person:g7:6
304,10.138,car,yolo11n,0.6615,11.15,width_fallback,0.0,,0.029,488,264,601,356,False,SAFE,OBJECT OUTSIDE VEHICLE LANE,prolog,object_outside_vehicle_lane,25,1,safe:object_outside_vehicle_lane:25* | safe:object_at_safe_distance:20,Object is outside the vehicle lane and not an immediate collision threat.,,road_video_1.mp4:yolo11n:car:g12:6
304,10.138,car,yolo11n,0.5475,44.47,width_fallback,3.384,16.513,0.0,471,272,500,327,False,SAFE,OBJECT OUTSIDE VEHICLE LANE,prolog,object_outside_vehicle_lane,25,1,safe:object_outside_vehicle_lane:25* | safe:object_at_safe_distance:20,Object is outside the vehicle lane and not an immediate collision threat.,,road_video_1.mp4:yolo11n:car:g11:6
304,10.138,car,yolo11n,0.5417,66.2,width_fallback,0.0,,0.0,421,282,440,298,False,SAFE,OBJECT OUTSIDE VEHICLE LANE,prolog,object_outside_vehicle_lane,25,1,safe:object_outside_vehicle_lane:25* | safe:object_at_safe_distance:20,Object is outside the vehicle lane and not an immediate collision threat.,,road_video_1.mp4:yolo11n:car:g10:6
304,10.138,truck,yolo11n,0.5251,15.35,width_fallback,0.0,,0.033,487,265,601,356,False,SAFE,OBJECT OUTSIDE VEHICLE LANE,prolog,object_outside_vehicle_lane,25,1,safe:object_outside_vehicle_lane:25* | safe:object_at_safe_distance:20,Object is outside the vehicle lane and not an immediate collision threat.,,road_video_1.mp4:yolo11n:truck:g12:6
305,10.171,person,yolo11n,0.7598,11.5,width_fallback,0.0,,1.0,344,268,372,384,True,CAUTION,CAUTION OBJECT IN VEHICLE LANE,prolog,caution_object_in_vehicle_lane,40,1,caution:caution_object_in_vehicle_lane:40* | safe:object_at_safe_distance:20,Object detected in vehicle lane; exercise caution.,,road_video_1.mp4:yolo11n:person:g7:6
305,10.171,car,yolo11n,0.6477,11.15,width_fallback,0.0,,0.05,488,264,601,356,False,SAFE,OBJECT OUTSIDE VEHICLE LANE,prolog,object_outside_vehicle_lane,25,1,safe:object_outside_vehicle_lane:25* | safe:object_at_safe_distance:20,Object is outside the vehicle lane and not an immediate collision threat.,,road_video_1.mp4:yolo11n:car:g12:6
305,10.171,truck,yolo11n,0.5429,15.35,width_fallback,0.0,,0.054,487,264,601,356,False,SAFE,OBJECT OUTSIDE VEHICLE LANE,prolog,object_outside_vehicle_lane,25,1,safe:object_outside_vehicle_lane:25* | safe:object_at_safe_distance:20,Object is outside the vehicle lane and not an immediate collision threat.,,road_video_1.mp4:yolo11n:truck:g12:6
305,10.171,car,yolo11n,0.5192,44.66,width_fallback,2.185,18.281,0.0,471,272,499,327,False,SAFE,OBJECT OUTSIDE VEHICLE LANE,prolog,object_outside_vehicle_lane,25,1,safe:object_outside_vehicle_lane:25* | safe:object_at_safe_distance:20,Object is outside the vehicle lane and not an immediate collision threat.,,road_video_1.mp4:yolo11n:car:g11:6
305,10.171,car,yolo11n,0.5047,66.24,width_fallback,0.0,,0.0,421,282,440,298,False,SAFE,OBJECT OUTSIDE VEHICLE LANE,prolog,object_outside_vehicle_lane,25,1,safe:object_outside_vehicle_lane:25* | safe:object_at_safe_distance:20,Object is outside the vehicle lane and not an immediate collision threat.,,road_video_1.mp4:yolo11n:car:g10:6
306,10.204,person,yolo11n,0.6622,11.85,width_fallback,0.0,,1.0,346,269,374,384,True,CAUTION,CAUTION OBJECT IN VEHICLE LANE,prolog,caution_object_in_vehicle_lane,40,1,caution:caution_object_in_vehicle_lane:40* | safe:object_at_safe_distance:20,Object detected in vehicle lane; exercise caution.,,road_video_1.mp4:yolo11n:person:g7:6
306,10.204,car,yolo11n,0.635,11.15,width_fallback,0.0,,0.043,488,264,601,356,False,SAFE,OBJECT OUTSIDE VEHICLE LANE,prolog,object_outside_vehicle_lane,25,1,safe:object_outside_vehicle_lane:25* | safe:object_at_safe_distance:20,Object is outside the vehicle lane and not an immediate collision threat.,,road_video_1.mp4:yolo11n:car:g12:6
306,10.204,truck,yolo11n,0.5501,15.35,width_fallback,0.0,,0.047,487,264,601,356,False,SAFE,OBJECT OUTSIDE VEHICLE LANE,prolog,object_outside_vehicle_lane,25,1,safe:object_outside_vehicle_lane:25* | safe:object_at_safe_distance:20,Object is outside the vehicle lane and not an immediate collision threat.,,road_video_1.mp4:yolo11n:truck:g12:6
306,10.204,car,yolo11n,0.5213,44.78,width_fallback,1.414,24.309,0.0,471,272,499,327,False,SAFE,OBJECT OUTSIDE VEHICLE LANE,prolog,object_outside_vehicle_lane,25,1,safe:object_outside_vehicle_lane:25* | safe:object_at_safe_distance:20,Object is outside the vehicle lane and not an immediate collision threat.,,road_video_1.mp4:yolo11n:car:g11:6
306,10.204,car,yolo11n,0.51,66.27,width_fallback,0.0,,0.0,421,282,440,298,False,SAFE,OBJECT OUTSIDE VEHICLE LANE,prolog,object_outside_vehicle_lane,25,1,safe:object_outside_vehicle_lane:25* | safe:object_at_safe_distance:20,Object is outside the vehicle lane and not an immediate collision threat.,,road_video_1.mp4:yolo11n:car:g10:6
307,10.238,person,yolo11n,0.7617,11.65,width_fallback,0.0,,1.0,347,269,378,385,True,CAUTION,CAUTION OBJECT IN VEHICLE LANE,prolog,caution_object_in_vehicle_lane,40,1,caution:caution_object_in_vehicle_lane:40* | safe:object_at_safe_distance:20,Object detected in vehicle lane; exercise caution.,,road_video_1.mp4:yolo11n:person:g7:6
307,10.238,car,yolo11n,0.6355,11.15,width_fallback,0.0,,0.032,488,264,601,355,False,SAFE,OBJECT OUTSIDE VEHICLE LANE,prolog,object_outside_vehicle_lane,25,1,safe:object_outside_vehicle_lane:25* | safe:object_at_safe_distance:20,Object is outside the vehicle lane and not an immediate collision threat.,,road_video_1.mp4:yolo11n:car:g12:6
307,10.238,truck,yolo11n,0.5449,15.35,width_fallback,0.0,,0.039,487,264,601,356,False,SAFE,OBJECT OUTSIDE VEHICLE LANE,prolog,object_outside_vehicle_lane,25,1,safe:object_outside_vehicle_lane:25* | safe:object_at_safe_distance:20,Object is outside the vehicle lane and not an immediate collision threat.,,road_video_1.mp4:yolo11n:truck:g12:6
307,10.238,car,yolo11n,0.5292,44.85,width_fallback,0.942,34.784,0.0,471,272,499,327,False,SAFE,OBJECT OUTSIDE VEHICLE LANE,prolog,object_outside_vehicle_lane,25,1,safe:object_outside_vehicle_lane:25* | safe:object_at_safe_distance:20,Object is outside the vehicle lane and not an immediate collision threat.,,road_video_1.mp4:yolo11n:car:g11:6
308,10.271,person,yolo11n,0.7762,11.07,width_fallback,0.0,,1.0,347,268,382,386,True,CAUTION,CAUTION OBJECT IN VEHICLE LANE,prolog,caution_object_in_vehicle_lane,40,1,caution:caution_object_in_vehicle_lane:40* | safe:object_at_safe_distance:20,Object detected in vehicle lane; exercise caution.,,road_video_1.mp4:yolo11n:person:g7:6
308,10.271,car,yolo11n,0.6312,11.15,width_fallback,0.0,,0.031,488,264,601,356,False,SAFE,OBJECT OUTSIDE VEHICLE LANE,prolog,object_outside_vehicle_lane,25,1,safe:object_outside_vehicle_lane:25* | safe:object_at_safe_distance:20,Object is outside the vehicle lane and not an immediate collision threat.,,road_video_1.mp4:yolo11n:car:g12:6
308,10.271,truck,yolo11n,0.5553,15.35,width_fallback,0.0,,0.034,487,264,601,356,False,SAFE,OBJECT OUTSIDE VEHICLE LANE,prolog,object_outside_vehicle_lane,25,1,safe:object_outside_vehicle_lane:25* | safe:object_at_safe_distance:20,Object is outside the vehicle lane and not an immediate collision threat.,,road_video_1.mp4:yolo11n:truck:g12:6
308,10.271,car,yolo11n,0.5261,44.91,width_fallback,0.6,52.828,0.0,471,272,499,327,False,SAFE,OBJECT OUTSIDE VEHICLE LANE,prolog,object_outside_vehicle_lane,25,1,safe:object_outside_vehicle_lane:25* | safe:object_at_safe_distance:20,Object is outside the vehicle lane and not an immediate collision threat.,,road_video_1.mp4:yolo11n:car:g11:6
309,10.304,person,yolo11n,0.704,10.26,width_fallback,0.0,,1.0,348,269,388,385,True,CAUTION,CAUTION OBJECT IN VEHICLE LANE,prolog,caution_object_in_vehicle_lane,40,1,caution:caution_object_in_vehicle_lane:40* | safe:object_at_safe_distance:20,Object detected in vehicle lane; exercise caution.,,road_video_1.mp4:yolo11n:person:g7:6
309,10.304,car,yolo11n,0.6154,11.15,width_fallback,0.0,,0.03,488,264,601,356,False,SAFE,OBJECT OUTSIDE VEHICLE LANE,prolog,object_outside_vehicle_lane,25,1,safe:object_outside_vehicle_lane:25* | safe:object_at_safe_distance:20,Object is outside the vehicle lane and not an immediate collision threat.,,road_video_1.mp4:yolo11n:car:g12:6
309,10.304,truck,yolo11n,0.5679,15.35,width_fallback,0.0,,0.035,487,265,601,356,False,SAFE,OBJECT OUTSIDE VEHICLE LANE,prolog,object_outside_vehicle_lane,25,1,safe:object_outside_vehicle_lane:25* | safe:object_at_safe_distance:20,Object is outside the vehicle lane and not an immediate collision threat.,,road_video_1.mp4:yolo11n:truck:g12:6
309,10.304,car,yolo11n,0.5127,44.94,width_fallback,0.386,81.507,0.0,471,272,499,327,False,SAFE,OBJECT OUTSIDE VEHICLE LANE,prolog,object_outside_vehicle_lane,25,1,safe:object_outside_vehicle_lane:25* | safe:object_at_safe_distance:20,Object is outside the vehicle lane and not an immediate collision threat.,,road_video_1.mp4:yolo11n:car:g11:6
310,10.338,person,yolo11n,0.7306,9.07,width_fallback,6.469,2.705,1.0,348,269,399,385,True,WARNING,SLOW DOWN HAZARD AHEAD,prolog,generic_warning,55,2,warning:generic_warning:55* | caution:caution_object_in_vehicle_lane:40 | safe:object_at_safe_distance:20,Slow down: hazard detected ahead in vehicle lane.,,road_video_1.mp4:yolo11n:person:g7:6
310,10.338,car,yolo11n,0.6162,11.15,width_fallback,0.0,,0.028,488,264,601,356,False,SAFE,OBJECT OUTSIDE VEHICLE LANE,prolog,object_outside_vehicle_lane,25,1,safe:object_outside_vehicle_lane:25* | safe:object_at_safe_distance:20,Object is outside the vehicle lane and not an immediate collision threat.,,road_video_1.mp4:yolo11n:car:g12:6
310,10.338,truck,yolo11n,0.5705,15.35,width_fallback,0.0,,0.031,487,264,601,356,False,SAFE,OBJECT OUTSIDE VEHICLE LANE,prolog,object_outside_vehicle_lane,25,1,safe:object_outside_vehicle_lane:25* | safe:object_at_safe_distance:20,Object is outside the vehicle lane and not an immediate collision threat.,,road_video_1.mp4:yolo11n:truck:g12:6
310,10.338,car,yolo11n,0.5185,66.29,width_fallback,0.0,,0.0,422,282,441,298,False,SAFE,OBJECT OUTSIDE VEHICLE LANE,prolog,object_outside_vehicle_lane,25,1,safe:object_outside_vehicle_lane:25* | safe:object_at_safe_distance:20,Object is outside the vehicle lane and not an immediate collision threat.,,road_video_1.mp4:yolo11n:car:g10:6
311,10.371,person,yolo11n,0.726,8.25,width_fallback,11.609,1.807,1.0,348,269,400,385,True,WARNING,SLOW DOWN HAZARD AHEAD,prolog,generic_warning,55,2,warning:generic_warning:55* | caution:caution_object_in_vehicle_lane:40 | safe:object_at_safe_distance:20,Slow down: hazard detected ahead in vehicle lane.,,road_video_1.mp4:yolo11n:person:g7:6
311,10.371,car,yolo11n,0.627,11.15,width_fallback,0.0,,0.024,488,264,601,356,False,SAFE,OBJECT OUTSIDE VEHICLE LANE,prolog,object_outside_vehicle_lane,25,1,safe:object_outside_vehicle_lane:25* | safe:object_at_safe_distance:20,Object is outside the vehicle lane and not an immediate collision threat.,,road_video_1.mp4:yolo11n:car:g12:6
311,10.371,truck,yolo11n,0.5629,15.35,width_fallback,0.0,,0.028,487,265,601,356,False,SAFE,OBJECT OUTSIDE VEHICLE LANE,prolog,object_outside_vehicle_lane,25,1,safe:object_outside_vehicle_lane:25* | safe:object_at_safe_distance:20,Object is outside the vehicle lane and not an immediate collision threat.,,road_video_1.mp4:yolo11n:truck:g12:6
311,10.371,car,yolo11n,0.5051,66.3,width_fallback,0.0,,0.0,422,282,441,298,False,SAFE,OBJECT OUTSIDE VEHICLE LANE,prolog,object_outside_vehicle_lane,25,1,safe:object_outside_vehicle_lane:25* | safe:object_at_safe_distance:20,Object is outside the vehicle lane and not an immediate collision threat.,,road_video_1.mp4:yolo11n:car:g10:6
312,10.404,person,yolo11n,0.6628,7.63,width_fallback,16.579,1.201,1.0,347,268,401,386,True,CRITICAL,BRAKE IMMEDIATELY PERSON AHEAD,prolog,brake_immediately_person_ahead,100,4,critical:brake_immediately_person_ahead:100* | critical:brake_now_object_too_close:90 | warning:generic_warning:55 | caution:caution_object_in_vehicle_lane:40 | safe:object_at_safe_distance:20,Immediate braking required due to person in lane.,,road_video_1.mp4:yolo11n:person:g7:6
312,10.404,car,yolo11n,0.62,11.11,width_fallback,0.171,55.131,0.031,487,264,601,356,False,SAFE,OBJECT OUTSIDE VEHICLE LANE,prolog,object_outside_vehicle_lane,25,1,safe:object_outside_vehicle_lane:25* | safe:object_at_safe_distance:20,Object is outside the vehicle lane and not an immediate collision threat.,,road_video_1.mp4:yolo11n:car:g12:6
312,10.404,truck,yolo11n,0.5708,15.35,width_fallback,0.0,,0.032,487,265,601,356,False,SAFE,OBJECT OUTSIDE VEHICLE LANE,prolog,object_outside_vehicle_lane,25,1,safe:object_outside_vehicle_lane:25* | safe:object_at_safe_distance:20,Object is outside the vehicle lane and not an immediate collision threat.,,road_video_1.mp4:yolo11n:truck:g12:6
312,10.404,car,yolo11n,0.5003,45.54,width_fallback,0.0,,0.0,471,272,498,327,False,SAFE,OBJECT OUTSIDE VEHICLE LANE,prolog,object_outside_vehicle_lane,25,1,safe:object_outside_vehicle_lane:25* | safe:object_at_safe_distance:20,Object is outside the vehicle lane and not an immediate collision threat.,,road_video_1.mp4:yolo11n:car:g11:6
313,10.438,person,yolo11n,0.7281,7.15,width_fallback,20.135,0.82,1.0,347,269,403,386,True,CRITICAL,BRAKE IMMEDIATELY PERSON AHEAD,prolog,brake_immediately_person_ahead,100,4,critical:brake_immediately_person_ahead:100* | critical:brake_now_object_too_close:90 | warning:generic_warning:55 | caution:caution_object_in_vehicle_lane:40 | safe:object_at_safe_distance:20,Immediate braking required due to person in lane.,,road_video_1.mp4:yolo11n:person:g7:6
313,10.438,car,yolo11n,0.6128,11.09,width_fallback,0.257,49.737,0.027,487,264,601,356,False,SAFE,OBJECT OUTSIDE VEHICLE LANE,prolog,object_outside_vehicle_lane,25,1,safe:object_outside_vehicle_lane:25* | safe:object_at_safe_distance:20,Object is outside the vehicle lane and not an immediate collision threat.,,road_video_1.mp4:yolo11n:car:g12:6
313,10.438,truck,yolo11n,0.5839,15.35,width_fallback,0.0,,0.028,487,265,601,356,False,SAFE,OBJECT OUTSIDE VEHICLE LANE,prolog,object_outside_vehicle_lane,25,1,safe:object_outside_vehicle_lane:25* | safe:object_at_safe_distance:20,Object is outside the vehicle lane and not an immediate collision threat.,,road_video_1.mp4:yolo11n:truck:g12:6
314,10.471,car,yolo11n,0.6192,11.08,width_fallback,0.3,43.982,0.053,487,264,601,356,False,SAFE,OBJECT OUTSIDE VEHICLE LANE,prolog,object_outside_vehicle_lane,25,1,safe:object_outside_vehicle_lane:25* | safe:object_at_safe_distance:20,Object is outside the vehicle lane and not an immediate collision threat.,,road_video_1.mp4:yolo11n:car:g12:6
314,10.471,person,yolo11n,0.5874,6.96,width_fallback,20.092,0.607,1.0,350,269,403,386,True,CRITICAL,BRAKE IMMEDIATELY PERSON AHEAD,prolog,brake_immediately_person_ahead,100,4,critical:brake_immediately_person_ahead:100* | critical:brake_now_object_too_close:90 | warning:generic_warning:55 | caution:caution_object_in_vehicle_lane:40 | safe:object_at_safe_distance:20,Immediate braking required due to person in lane.,,road_video_1.mp4:yolo11n:person:g7:6
314,10.471,truck,yolo11n,0.5712,15.35,width_fallback,0.0,,0.055,487,265,601,356,False,SAFE,OBJECT OUTSIDE VEHICLE LANE,prolog,object_outside_vehicle_lane,25,1,safe:object_outside_vehicle_lane:25* | safe:object_at_safe_distance:20,Object is outside the vehicle lane and not an immediate collision threat.,,road_video_1.mp4:yolo11n:truck:g12:6
314,10.471,car,yolo11n,0.5093,46.56,width_fallback,0.0,,0.0,471,272,497,327,False,SAFE,OBJECT OUTSIDE VEHICLE LANE,prolog,object_outside_vehicle_lane,25,1,safe:object_outside_vehicle_lane:25* | safe:object_at_safe_distance:20,Object is outside the vehicle lane and not an immediate collision threat.,,road_video_1.mp4:yolo11n:car:g11:6
315,10.504,person,yolo11n,0.6681,6.67,width_fallback,18.849,0.493,1.0,348,270,405,387,True,CRITICAL,BRAKE IMMEDIATELY PERSON AHEAD,prolog,brake_immediately_person_ahead,100,4,critical:brake_immediately_person_ahead:100* | critical:brake_now_object_too_close:90 | warning:generic_warning:55 | caution:caution_object_in_vehicle_lane:40 | safe:object_at_safe_distance:20,Immediate braking required due to person in lane.,,road_video_1.mp4:yolo11n:person:g7:6
315,10.504,car,yolo11n,0.6329,11.07,width_fallback,0.343,38.726,0.045,487,264,601,356,False,SAFE,OBJECT OUTSIDE VEHICLE LANE,prolog,object_outside_vehicle_lane,25,1,safe:object_outside_vehicle_lane:25* | safe:object_at_safe_distance:20,Object is outside the vehicle lane and not an immediate collision threat.,,road_video_1.mp4:yolo11n:car:g12:6
315,10.504,truck,yolo11n,0.5727,15.35,width_fallback,0.0,,0.045,487,264,601,356,False,SAFE,OBJECT OUTSIDE VEHICLE LANE,prolog,object_outside_vehicle_lane,25,1,safe:object_outside_vehicle_lane:25* | safe:object_at_safe_distance:20,Object is outside the vehicle lane and not an immediate collision threat.,,road_video_1.mp4:yolo11n:truck:g12:6
315,10.504,car,yolo11n,0.5019,47.23,width_fallback,0.0,,0.0,471,272,497,327,False,SAFE,OBJECT OUTSIDE VEHICLE LANE,prolog,object_outside_vehicle_lane,25,1,safe:object_outside_vehicle_lane:25* | safe:object_at_safe_distance:20,Object is outside the vehicle lane and not an immediate collision threat.,,road_video_1.mp4:yolo11n:car:g11:6
316,10.538,person,yolo11n,0.7798,6.48,width_fallback,16.193,0.451,1.0,351,270,408,386,True,CRITICAL,BRAKE IMMEDIATELY PERSON AHEAD,prolog,brake_immediately_person_ahead,100,4,critical:brake_immediately_person_ahead:100* | critical:brake_now_object_too_close:90 | warning:generic_warning:55 | caution:caution_object_in_vehicle_lane:40 | safe:object_at_safe_distance:20,Immediate braking required due to person in lane.,,road_video_1.mp4:yolo11n:person:g7:6
316,10.538,truck,yolo11n,0.6026,15.35,width_fallback,0.0,,0.036,487,265,601,356,False,SAFE,OBJECT OUTSIDE VEHICLE LANE,prolog,object_outside_vehicle_lane,25,1,safe:object_outside_vehicle_lane:25* | safe:object_at_safe_distance:20,Object is outside the vehicle lane and not an immediate collision threat.,,road_video_1.mp4:yolo11n:truck:g12:6
316,10.538,car,yolo11n,0.5934,11.06,width_fallback,0.386,34.208,0.035,487,264,601,356,False,SAFE,OBJECT OUTSIDE VEHICLE LANE,prolog,object_outside_vehicle_lane,25,1,safe:object_outside_vehicle_lane:25* | safe:object_at_safe_distance:20,Object is outside the vehicle lane and not an immediate collision threat.,,road_video_1.mp4:yolo11n:car:g12:6
317,10.571,person,yolo11n,0.6607,6.57,width_fallback,10.71,0.524,1.0,354,270,406,383,True,CRITICAL,BRAKE IMMEDIATELY PERSON AHEAD,prolog,brake_immediately_person_ahead,100,4,critical:brake_immediately_person_ahead:100* | critical:brake_now_object_too_close:90 | warning:generic_warning:55 | caution:caution_object_in_vehicle_lane:40 | safe:object_at_safe_distance:20,Immediate braking required due to person in lane.,,road_video_1.mp4:yolo11n:person:g7:6
317,10.571,truck,yolo11n,0.6153,15.35,width_fallback,0.0,,0.03,487,265,601,356,False,SAFE,OBJECT OUTSIDE VEHICLE LANE,prolog,object_outside_vehicle_lane,25,1,safe:object_outside_vehicle_lane:25* | safe:object_at_safe_distance:20,Object is outside the vehicle lane and not an immediate collision threat.,,road_video_1.mp4:yolo11n:truck:g12:6
317,10.571,car,yolo11n,0.5814,11.06,width_fallback,0.386,31.723,0.029,487,264,601,356,False,SAFE,OBJECT OUTSIDE VEHICLE LANE,prolog,object_outside_vehicle_lane,25,1,safe:object_outside_vehicle_lane:25* | safe:object_at_safe_distance:20,Object is outside the vehicle lane and not an immediate collision threat.,,road_video_1.mp4:yolo11n:car:g12:6
318,10.604,person,yolo11n,0.7252,6.58,width_fallback,7.154,0.702,1.0,355,272,408,386,True,CRITICAL,BRAKE IMMEDIATELY PERSON AHEAD,prolog,brake_immediately_person_ahead,100,4,critical:brake_immediately_person_ahead:100* | critical:brake_now_object_too_close:90 | warning:generic_warning:55 | caution:caution_object_in_vehicle_lane:40 | safe:object_at_safe_distance:20,Immediate braking required due to person in lane.,,road_video_1.mp4:yolo11n:person:g7:6
318,10.604,truck,yolo11n,0.6328,15.35,width_fallback,0.0,,0.03,487,265,601,356,False,SAFE,OBJECT OUTSIDE VEHICLE LANE,prolog,object_outside_vehicle_lane,25,1,safe:object_outside_vehicle_lane:25* | safe:object_at_safe_distance:20,Object is outside the vehicle lane and not an immediate collision threat.,,road_video_1.mp4:yolo11n:truck:g12:6
318,10.604,car,yolo11n,0.5738,11.05,width_fallback,0.428,29.055,0.029,487,264,601,356,False,SAFE,OBJECT OUTSIDE VEHICLE LANE,prolog,object_outside_vehicle_lane,25,1,safe:object_outside_vehicle_lane:25* | safe:object_at_safe_distance:20,Object is outside the vehicle lane and not an immediate collision threat.,,road_video_1.mp4:yolo11n:car:g12:6
319,10.638,person,yolo11n,0.7192,6.68,width_fallback,4.07,1.125,1.0,358,269,409,385,True,CRITICAL,BRAKE IMMEDIATELY PERSON AHEAD,prolog,brake_immediately_person_ahead,100,4,critical:brake_immediately_person_ahead:100* | critical:brake_now_object_too_close:90 | warning:generic_warning:55 | caution:caution_object_in_vehicle_lane:40 | safe:object_at_safe_distance:20,Immediate braking required due to person in lane.,,road_video_1.mp4:yolo11n:person:g7:6
319,10.638,truck,yolo11n,0.6189,15.35,width_fallback,0.0,,0.037,487,265,601,356,False,SAFE,OBJECT OUTSIDE VEHICLE LANE,prolog,object_outside_vehicle_lane,25,1,safe:object_outside_vehicle_lane:25* | safe:object_at_safe_distance:20,Object is outside the vehicle lane and not an immediate collision threat.,,road_video_1.mp4:yolo11n:truck:g12:6
319,10.638,car,yolo11n,0.5928,11.05,width_fallback,0.257,35.326,0.036,487,264,601,356,False,SAFE,OBJECT OUTSIDE VEHICLE LANE,prolog,object_outside_vehicle_lane,25,1,safe:object_outside_vehicle_lane:25* | safe:object_at_safe_distance:20,Object is outside the vehicle lane and not an immediate collision threat.,,road_video_1.mp4:yolo11n:car:g12:6
320,10.671,person,yolo11n,0.6007,6.7,width_fallback,1.928,2.183,1.0,360,268,412,383,True,WARNING,SLOW DOWN HAZARD AHEAD,prolog,generic_warning,55,2,warning:generic_warning:55* | caution:caution_object_in_vehicle_lane:40 | safe:object_at_safe_distance:20,Slow down: hazard detected ahead in vehicle lane.,,road_video_1.mp4:yolo11n:person:g7:6
320,10.671,car,yolo11n,0.599,11.02,width_fallback,0.3,35.966,0.037,486,264,601,356,False,SAFE,OBJECT OUTSIDE VEHICLE LANE,prolog,object_outside_vehicle_lane,25,1,safe:object_outside_vehicle_lane:25* | safe:object_at_safe_distance:20,Object is outside the vehicle lane and not an immediate collision threat.,,road_video_1.mp4:yolo11n:car:g12:6
320,10.671,truck,yolo11n,0.571,15.3,width_fallback,0.214,43.589,0.037,486,264,601,356,False,SAFE,OBJECT OUTSIDE VEHICLE LANE,prolog,object_outside_vehicle_lane,25,1,safe:object_outside_vehicle_lane:25* | safe:object_at_safe_distance:20,Object is outside the vehicle lane and not an immediate collision threat.,,road_video_1.mp4:yolo11n:truck:g12:6
321,10.704,person,yolo11n,0.6633,6.9,width_fallback,0.257,13.28,1.0,364,268,412,383,True,WARNING,SLOW DOWN HAZARD AHEAD,prolog,generic_warning,55,2,warning:generic_warning:55* | caution:caution_object_in_vehicle_lane:40 | safe:object_at_safe_distance:20,Slow down: hazard detected ahead in vehicle lane.,,road_video_1.mp4:yolo11n:person:g7:6
321,10.704,car,yolo11n,0.5903,11.0,width_fallback,0.343,34.225,0.057,486,264,601,356,False,SAFE,OBJECT OUTSIDE VEHICLE LANE,prolog,object_outside_vehicle_lane,25,1,safe:object_outside_vehicle_lane:25* | safe:object_at_safe_distance:20,Object is outside the vehicle lane and not an immediate collision threat.,,road_video_1.mp4:yolo11n:car:g12:6
321,10.704,truck,yolo11n,0.5715,15.27,width_fallback,0.343,44.024,0.057,486,264,601,356,False,SAFE,OBJECT OUTSIDE VEHICLE LANE,prolog,object_outside_vehicle_lane,25,1,safe:object_outside_vehicle_lane:25* | safe:object_at_safe_distance:20,Object is outside the vehicle lane and not an immediate collision threat.,,road_video_1.mp4:yolo11n:truck:g12:6
322,10.738,car,yolo11n,0.5916,10.99,width_fallback,0.343,33.254,0.047,486,264,601,356,False,SAFE,OBJECT OUTSIDE VEHICLE LANE,prolog,object_outside_vehicle_lane,25,1,safe:object_outside_vehicle_lane:25* | safe:object_at_safe_distance:20,Object is outside the vehicle lane and not an immediate collision threat.,,road_video_1.mp4:yolo11n:car:g12:6
322,10.738,truck,yolo11n,0.5699,15.3,width_fallback,0.214,56.357,0.043,487,264,601,356,False,SAFE,OBJECT OUTSIDE VEHICLE LANE,prolog,object_outside_vehicle_lane,25,1,safe:object_outside_vehicle_lane:25* | safe:object_at_safe_distance:20,Object is outside the vehicle lane and not an immediate collision threat.,,road_video_1.mp4:yolo11n:truck:g12:6
322,10.738,person,yolo11n,0.5499,7.89,width_fallback,0.0,,1.0,377,267,413,378,True,CAUTION,CAUTION OBJECT IN VEHICLE LANE,prolog,caution_object_in_vehicle_lane,40,1,caution:caution_object_in_vehicle_lane:40* | safe:object_at_safe_distance:20,Object detected in vehicle lane; exercise caution.,,road_video_1.mp4:yolo11n:person:g7:6
323,10.771,car,yolo11n,0.5915,11.01,width_fallback,0.214,41.42,0.051,487,264,601,356,False,SAFE,OBJECT OUTSIDE VEHICLE LANE,prolog,object_outside_vehicle_lane,25,1,safe:object_outside_vehicle_lane:25* | safe:object_at_safe_distance:20,Object is outside the vehicle lane and not an immediate collision threat.,,road_video_1.mp4:yolo11n:car:g12:6
323,10.771,truck,yolo11n,0.5631,15.32,width_fallback,0.0,,0.051,487,264,601,356,False,SAFE,OBJECT OUTSIDE VEHICLE LANE,prolog,object_outside_vehicle_lane,25,1,safe:object_outside_vehicle_lane:25* | safe:object_at_safe_distance:20,Object is outside the vehicle lane and not an immediate collision threat.,,road_video_1.mp4:yolo11n:truck:g12:6
323,10.771,person,yolo11n,0.5543,8.96,width_fallback,0.0,,1.0,383,270,415,380,True,CAUTION,CAUTION OBJECT IN VEHICLE LANE,prolog,caution_object_in_vehicle_lane,40,1,caution:caution_object_in_vehicle_lane:40* | safe:object_at_safe_distance:20,Object detected in vehicle lane; exercise caution.,,road_video_1.mp4:yolo11n:person:g7:6
324,10.804,person,yolo11n,0.606,9.42,width_fallback,0.0,,1.0,383,270,417,382,True,CAUTION,CAUTION OBJECT IN VEHICLE LANE,prolog,caution_object_in_vehicle_lane,40,1,caution:caution_object_in_vehicle_lane:40* | safe:object_at_safe_distance:20,Object detected in vehicle lane; exercise caution.,,road_video_1.mp4:yolo11n:person:g7:6
324,10.804,car,yolo11n,0.5981,10.99,width_fallback,0.3,39.273,0.058,486,264,601,356,False,SAFE,OBJECT OUTSIDE VEHICLE LANE,prolog,object_outside_vehicle_lane,25,1,safe:object_outside_vehicle_lane:25* | safe:object_at_safe_distance:20,Object is outside the vehicle lane and not an immediate collision threat.,,road_video_1.mp4:yolo11n:car:g12:6
324,10.804,truck,yolo11n,0.5613,15.33,width_fallback,0.0,,0.054,487,264,601,356,False,SAFE,OBJECT OUTSIDE VEHICLE LANE,prolog,object_outside_vehicle_lane,25,1,safe:object_outside_vehicle_lane:25* | safe:object_at_safe_distance:20,Object is outside the vehicle lane and not an immediate collision threat.,,road_video_1.mp4:yolo11n:truck:g12:6
325,10.838,person,yolo11n,0.6982,10.08,width_fallback,0.0,,1.0,387,272,418,378,True,CAUTION,CAUTION OBJECT IN VEHICLE LANE,prolog,caution_object_in_vehicle_lane,40,1,caution:caution_object_in_vehicle_lane:40* | safe:object_at_safe_distance:20,Object detected in vehicle lane; exercise caution.,,road_video_1.mp4:yolo11n:person:g7:6
325,10.838,car,yolo11n,0.5914,10.98,width_fallback,0.3,38.077,0.065,486,264,601,356,False,SAFE,OBJECT OUTSIDE VEHICLE LANE,prolog,object_outside_vehicle_lane,25,1,safe:object_outside_vehicle_lane:25* | safe:object_at_safe_distance:20,Object is outside the vehicle lane and not an immediate collision threat.,,road_video_1.mp4:yolo11n:car:g12:6
325,10.838,truck,yolo11n,0.5885,15.29,width_fallback,0.257,57.765,0.065,486,264,601,356,False,SAFE,OBJECT OUTSIDE VEHICLE LANE,prolog,object_outside_vehicle_lane,25,1,safe:object_outside_vehicle_lane:25* | safe:object_at_safe_distance:20,Object is outside the vehicle lane and not an immediate collision threat.,,road_video_1.mp4:yolo11n:truck:g12:6
326,10.871,person,yolo11n,0.7545,10.5,width_fallback,0.0,,1.0,390,270,421,380,True,CAUTION,CAUTION OBJECT IN VEHICLE LANE,prolog,caution_object_in_vehicle_lane,40,1,caution:caution_object_in_vehicle_lane:40* | safe:object_at_safe_distance:20,Object detected in vehicle lane; exercise caution.,,road_video_1.mp4:yolo11n:person:g7:6
326,10.871,car,yolo11n,0.5992,10.97,width_fallback,0.343,35.346,0.076,486,264,601,356,False,SAFE,OBJECT OUTSIDE VEHICLE LANE,prolog,object_outside_vehicle_lane,25,1,safe:object_outside_vehicle_lane:25* | safe:object_at_safe_distance:20,Object is outside the vehicle lane and not an immediate collision threat.,,road_video_1.mp4:yolo11n:car:g12:6
326,10.871,truck,yolo11n,0.5648,15.27,width_fallback,0.343,51.821,0.076,486,264,601,356,False,SAFE,OBJECT OUTSIDE VEHICLE LANE,prolog,object_outside_vehicle_lane,25,1,safe:object_outside_vehicle_lane:25* | safe:object_at_safe_distance:20,Object is outside the vehicle lane and not an immediate collision threat.,,road_video_1.mp4:yolo11n:truck:g12:6
327,10.905,person,yolo11n,0.7135,10.33,width_fallback,0.0,,1.0,389,270,424,383,True,CAUTION,CAUTION OBJECT IN VEHICLE LANE,prolog,caution_object_in_vehicle_lane,40,1,caution:caution_object_in_vehicle_lane:40* | safe:object_at_safe_distance:20,Object detected in vehicle lane; exercise caution.,,road_video_1.mp4:yolo11n:person:g7:6
327,10.905,car,yolo11n,0.6277,11.0,width_fallback,0.0,,0.066,487,264,601,356,False,SAFE,OBJECT OUTSIDE VEHICLE LANE,prolog,object_outside_vehicle_lane,25,1,safe:object_outside_vehicle_lane:25* | safe:object_at_safe_distance:20,Object is outside the vehicle lane and not an immediate collision threat.,,road_video_1.mp4:yolo11n:car:g12:6
327,10.905,truck,yolo11n,0.5293,15.3,width_fallback,0.0,,0.066,487,264,601,356,False,SAFE,OBJECT OUTSIDE VEHICLE LANE,prolog,object_outside_vehicle_lane,25,1,safe:object_outside_vehicle_lane:25* | safe:object_at_safe_distance:20,Object is outside the vehicle lane and not an immediate collision threat.,,road_video_1.mp4:yolo11n:truck:g12:6
328,10.938,person,yolo11n,0.6392,9.85,width_fallback,0.0,,1.0,393,270,432,381,True,CAUTION,CAUTION OBJECT IN VEHICLE LANE,prolog,caution_object_in_vehicle_lane,40,1,caution:caution_object_in_vehicle_lane:40* | safe:object_at_safe_distance:20,Object detected in vehicle lane; exercise caution.,,road_video_1.mp4:yolo11n:person:g7:6
328,10.938,car,yolo11n,0.6084,11.02,width_fallback,0.0,,0.074,487,264,601,356,False,SAFE,OBJECT OUTSIDE VEHICLE LANE,prolog,object_outside_vehicle_lane,25,1,safe:object_outside_vehicle_lane:25* | safe:object_at_safe_distance:20,Object is outside the vehicle lane and not an immediate collision threat.,,road_video_1.mp4:yolo11n:car:g12:6
328,10.938,truck,yolo11n,0.5493,15.31,width_fallback,0.0,,0.074,487,264,601,356,False,SAFE,OBJECT OUTSIDE VEHICLE LANE,prolog,object_outside_vehicle_lane,25,1,safe:object_outside_vehicle_lane:25* | safe:object_at_safe_distance:20,Object is outside the vehicle lane and not an immediate collision threat.,,road_video_1.mp4:yolo11n:truck:g12:6
329,10.971,person,yolo11n,0.6016,9.13,width_fallback,0.0,,1.0,394,272,439,383,True,CAUTION,CAUTION OBJECT IN VEHICLE LANE,prolog,caution_object_in_vehicle_lane,40,1,caution:caution_object_in_vehicle_lane:40* | safe:object_at_safe_distance:20,Object detected in vehicle lane; exercise caution.,,road_video_1.mp4:yolo11n:person:g7:6
329,10.971,car,yolo11n,0.5963,11.03,width_fallback,0.0,,0.072,487,264,601,356,False,SAFE,OBJECT OUTSIDE VEHICLE LANE,prolog,object_outside_vehicle_lane,25,1,safe:object_outside_vehicle_lane:25* | safe:object_at_safe_distance:20,Object is outside the vehicle lane and not an immediate collision threat.,,road_video_1.mp4:yolo11n:car:g12:6
329,10.971,truck,yolo11n,0.544,15.33,width_fallback,0.0,,0.072,487,264,601,356,False,SAFE,OBJECT OUTSIDE VEHICLE LANE,prolog,object_outside_vehicle_lane,25,1,safe:object_outside_vehicle_lane:25* | safe:object_at_safe_distance:20,Object is outside the vehicle lane and not an immediate collision threat.,,road_video_1.mp4:yolo11n:truck:g12:6
330,11.005,person,yolo11n,0.579,8.54,width_fallback,1.799,9.44,1.0,394,277,441,382,True,CAUTION,CAUTION OBJECT IN VEHICLE LANE,prolog,caution_object_in_vehicle_lane,40,1,caution:caution_object_in_vehicle_lane:40* | safe:object_at_safe_distance:20,Object detected in vehicle lane; exercise caution.,,road_video_1.mp4:yolo11n:person:g7:6
330,11.005,truck,yolo11n,0.5642,15.34,width_fallback,0.0,,0.072,487,264,601,356,False,SAFE,OBJECT OUTSIDE VEHICLE LANE,prolog,object_outside_vehicle_lane,25,1,safe:object_outside_vehicle_lane:25* | safe:object_at_safe_distance:20,Object is outside the vehicle lane and not an immediate collision threat.,,road_video_1.mp4:yolo11n:truck:g12:6
330,11.005,car,yolo11n,0.5642,11.04,width_fallback,0.0,,0.072,487,264,601,356,False,SAFE,OBJECT OUTSIDE VEHICLE LANE,prolog,object_outside_vehicle_lane,25,1,safe:object_outside_vehicle_lane:25* | safe:object_at_safe_distance:20,Object is outside the vehicle lane and not an immediate collision threat.,,road_video_1.mp4:yolo11n:car:g12:6
331,11.038,person,yolo11n,0.6035,7.82,width_fallback,6.854,5.705,1.0,389,273,443,384,True,CAUTION,CAUTION OBJECT IN VEHICLE LANE,prolog,caution_object_in_vehicle_lane,40,1,caution:caution_object_in_vehicle_lane:40* | safe:object_at_safe_distance:20,Object detected in vehicle lane; exercise caution.,,road_video_1.mp4:yolo11n:person:g7:6
331,11.038,car,yolo11n,0.592,11.04,width_fallback,0.0,,0.084,487,264,601,356,False,SAFE,OBJECT OUTSIDE VEHICLE LANE,prolog,object_outside_vehicle_lane,25,1,safe:object_outside_vehicle_lane:25* | safe:object_at_safe_distance:20,Object is outside the vehicle lane and not an immediate collision threat.,,road_video_1.mp4:yolo11n:car:g12:6
331,11.038,truck,yolo11n,0.5143,15.34,width_fallback,0.0,,0.084,487,264,601,356,False,SAFE,OBJECT OUTSIDE VEHICLE LANE,prolog,object_outside_vehicle_lane,25,1,safe:object_outside_vehicle_lane:25* | safe:object_at_safe_distance:20,Object is outside the vehicle lane and not an immediate collision threat.,,road_video_1.mp4:yolo11n:truck:g12:6
331,11.038,car,yolo11n,0.5022,47.66,width_fallback,0.0,,0.002,471,272,497,326,False,SAFE,OBJECT OUTSIDE VEHICLE LANE,prolog,object_outside_vehicle_lane,25,1,safe:object_outside_vehicle_lane:25* | safe:object_at_safe_distance:20,Object is outside the vehicle lane and not an immediate collision threat.,,road_video_1.mp4:yolo11n:car:g11:6
332,11.071,car,yolo11n,0.5868,11.04,width_fallback,0.0,,0.065,487,264,601,356,False,SAFE,OBJECT OUTSIDE VEHICLE LANE,prolog,object_outside_vehicle_lane,25,1,safe:object_outside_vehicle_lane:25* | safe:object_at_safe_distance:20,Object is outside the vehicle lane and not an immediate collision threat.,,road_video_1.mp4:yolo11n:car:g12:6
332,11.071,person,yolo11n,0.586,7.39,width_fallback,11.524,3.427,1.0,390,275,443,383,True,CAUTION,CAUTION OBJECT IN VEHICLE LANE,prolog,caution_object_in_vehicle_lane,40,1,caution:caution_object_in_vehicle_lane:40* | safe:object_at_safe_distance:20,Object detected in vehicle lane; exercise caution.,,road_video_1.mp4:yolo11n:person:g7:6
332,11.071,truck,yolo11n,0.5096,15.34,width_fallback,0.0,,0.065,487,264,601,356,False,SAFE,OBJECT OUTSIDE VEHICLE LANE,prolog,object_outside_vehicle_lane,25,1,safe:object_outside_vehicle_lane:25* | safe:object_at_safe_distance:20,Object is outside the vehicle lane and not an immediate collision threat.,,road_video_1.mp4:yolo11n:truck:g12:6
333,11.105,truck,yolo11n,0.5815,15.3,width_fallback,0.0,,0.08,486,264,601,356,False,SAFE,OBJECT OUTSIDE VEHICLE LANE,prolog,object_outside_vehicle_lane,25,1,safe:object_outside_vehicle_lane:25* | safe:object_at_safe_distance:20,Object is outside the vehicle lane and not an immediate collision threat.,,road_video_1.mp4:yolo11n:truck:g12:6
333,11.105,person,yolo11n,0.5596,7.36,width_fallback,13.452,2.131,1.0,395,274,443,380,True,WARNING,SLOW DOWN HAZARD AHEAD,prolog,generic_warning,55,2,warning:generic_warning:55* | caution:caution_object_in_vehicle_lane:40 | safe:object_at_safe_distance:20,Slow down: hazard detected ahead in vehicle lane.,,road_video_1.mp4:yolo11n:person:g7:6
333,11.105,car,yolo11n,0.5446,11.05,width_fallback,0.0,,0.075,487,264,601,356,False,SAFE,OBJECT OUTSIDE VEHICLE LANE,prolog,object_outside_vehicle_lane,25,1,safe:object_outside_vehicle_lane:25* | safe:object_at_safe_distance:20,Object is outside the vehicle lane and not an immediate collision threat.,,road_video_1.mp4:yolo11n:car:g12:6
334,11.138,truck,yolo11n,0.5987,15.32,width_fallback,0.0,,0.063,487,264,601,356,False,SAFE,OBJECT OUTSIDE VEHICLE LANE,prolog,object_outside_vehicle_lane,25,1,safe:object_outside_vehicle_lane:25* | safe:object_at_safe_distance:20,Object is outside the vehicle lane and not an immediate collision threat.,,road_video_1.mp4:yolo11n:truck:g12:6
334,11.138,person,yolo11n,0.5744,7.23,width_fallback,13.28,1.417,1.0,394,268,444,378,True,CRITICAL,BRAKE IMMEDIATELY PERSON AHEAD,prolog,brake_immediately_person_ahead,100,4,critical:brake_immediately_person_ahead:100* | critical:brake_now_object_too_close:90 | warning:generic_warning:55 | caution:caution_object_in_vehicle_lane:40 | safe:object_at_safe_distance:20,Immediate braking required due to person in lane.,,road_video_1.mp4:yolo11n:person:g7:6
334,11.138,car,yolo11n,0.5038,11.08,width_fallback,0.0,,0.059,488,264,601,356,False,SAFE,OBJECT OUTSIDE VEHICLE LANE,prolog,object_outside_vehicle_lane,25,1,safe:object_outside_vehicle_lane:25* | safe:object_at_safe_distance:20,Object is outside the vehicle lane and not an immediate collision threat.,,road_video_1.mp4:yolo11n:car:g12:6
335,11.171,truck,yolo11n,0.5639,15.33,width_fallback,0.0,,0.075,487,264,601,356,False,SAFE,OBJECT OUTSIDE VEHICLE LANE,prolog,object_outside_vehicle_lane,25,1,safe:object_outside_vehicle_lane:25* | safe:object_at_safe_distance:20,Object is outside the vehicle lane and not an immediate collision threat.,,road_video_1.mp4:yolo11n:truck:g12:6
335,11.171,car,yolo11n,0.5257,11.11,width_fallback,0.0,,0.071,488,264,601,356,False,SAFE,OBJECT OUTSIDE VEHICLE LANE,prolog,object_outside_vehicle_lane,25,1,safe:object_outside_vehicle_lane:25* | safe:object_at_safe_distance:20,Object is outside the vehicle lane and not an immediate collision threat.,,road_video_1.mp4:yolo11n:car:g12:6
335,11.171,person,yolo11n,0.5232,7.2,width_fallback,11.352,1.065,1.0,397,270,446,383,True,CRITICAL,BRAKE IMMEDIATELY PERSON AHEAD,prolog,brake_immediately_person_ahead,100,4,critical:brake_immediately_person_ahead:100* | critical:brake_now_object_too_close:90 | warning:generic_warning:55 | caution:caution_object_in_vehicle_lane:40 | safe:object_at_safe_distance:20,Immediate braking required due to person in lane.,,road_video_1.mp4:yolo11n:person:g7:6
336,11.205,truck,yolo11n,0.5691,15.34,width_fallback,0.0,,0.054,487,264,601,356,False,SAFE,OBJECT OUTSIDE VEHICLE LANE,prolog,object_outside_vehicle_lane,25,1,safe:object_outside_vehicle_lane:25* | safe:object_at_safe_distance:20,Object is outside the vehicle lane and not an immediate collision threat.,,road_video_1.mp4:yolo11n:truck:g12:6
336,11.205,person,yolo11n,0.5477,8.9,width_fallback,0.985,4.65,1.0,417,275,446,377,True,CAUTION,CAUTION OBJECT IN VEHICLE LANE,prolog,caution_object_in_vehicle_lane,40,1,caution:caution_object_in_vehicle_lane:40* | safe:object_at_safe_distance:20,Object detected in vehicle lane; exercise caution.,,road_video_1.mp4:yolo11n:person:g7:6
336,11.205,car,yolo11n,0.5051,11.12,width_fallback,0.0,,0.05,488,264,601,356,False,SAFE,OBJECT OUTSIDE VEHICLE LANE,prolog,object_outside_vehicle_lane,25,1,safe:object_outside_vehicle_lane:25* | safe:object_at_safe_distance:20,Object is outside the vehicle lane and not an immediate collision threat.,,road_video_1.mp4:yolo11n:car:g12:6
337,11.238,truck,yolo11n,0.6056,15.3,width_fallback,0.171,68.681,0.056,486,264,601,356,False,SAFE,OBJECT OUTSIDE VEHICLE LANE,prolog,object_outside_vehicle_lane,25,1,safe:object_outside_vehicle_lane:25* | safe:object_at_safe_distance:20,Object is outside the vehicle lane and not an immediate collision threat.,,road_video_1.mp4:yolo11n:truck:g12:6
337,11.238,person,yolo11n,0.5656,9.74,width_fallback,0.0,,1.0,418,275,449,378,True,CAUTION,CAUTION OBJECT IN VEHICLE LANE,prolog,caution_object_in_vehicle_lane,40,1,caution:caution_object_in_vehicle_lane:40* | safe:object_at_safe_distance:20,Object detected in vehicle lane; exercise caution.,,road_video_1.mp4:yolo11n:person:g7:6
338,11.271,truck,yolo11n,0.611,15.27,width_fallback,0.3,60.689,0.049,486,264,601,356,False,SAFE,OBJECT OUTSIDE VEHICLE LANE,prolog,object_outside_vehicle_lane,25,1,safe:object_outside_vehicle_lane:25* | safe:object_at_safe_distance:20,Object is outside the vehicle lane and not an immediate collision threat.,,road_video_1.mp4:yolo11n:truck:g12:6
338,11.271,person,yolo11n,0.5126,10.56,width_fallback,0.0,,1.0,421,271,450,362,True,CAUTION,CAUTION OBJECT IN VEHICLE LANE,prolog,caution_object_in_vehicle_lane,40,1,caution:caution_object_in_vehicle_lane:40* | safe:object_at_safe_distance:20,Object detected in vehicle lane; exercise caution.,,road_video_1.mp4:yolo11n:person:g7:6
339,11.305,truck,yolo11n,0.5869,15.25,width_fallback,0.386,51.178,0.041,486,264,601,356,False,SAFE,OBJECT OUTSIDE VEHICLE LANE,prolog,object_outside_vehicle_lane,25,1,safe:object_outside_vehicle_lane:25* | safe:object_at_safe_distance:20,Object is outside the vehicle lane and not an immediate collision threat.,,road_video_1.mp4:yolo11n:truck:g12:6
339,11.305,car,yolo11n,0.5214,11.06,width_fallback,0.0,,0.041,486,264,601,356,False,SAFE,OBJECT OUTSIDE VEHICLE LANE,prolog,object_outside_vehicle_lane,25,1,safe:object_outside_vehicle_lane:25* | safe:object_at_safe_distance:20,Object is outside the vehicle lane and not an immediate collision threat.,,road_video_1.mp4:yolo11n:car:g12:6
340,11.338,person,yolo11n,0.6662,10.08,width_fallback,0.0,,1.0,420,271,458,385,True,CAUTION,CAUTION OBJECT IN VEHICLE LANE,prolog,caution_object_in_vehicle_lane,40,1,caution:caution_object_in_vehicle_lane:40* | safe:object_at_safe_distance:20,Object detected in vehicle lane; exercise caution.,,road_video_1.mp4:yolo11n:person:g7:6
340,11.338,truck,yolo11n,0.6439,15.15,width_fallback,0.643,38.757,0.041,484,263,601,356,False,SAFE,OBJECT OUTSIDE VEHICLE LANE,prolog,object_outside_vehicle_lane,25,1,safe:object_outside_vehicle_lane:25* | safe:object_at_safe_distance:20,Object is outside the vehicle lane and not an immediate collision threat.,,road_video_1.mp4:yolo11n:truck:g12:6
341,11.371,truck,yolo11n,0.6842,15.04,width_fallback,1.2,26.959,0.041,483,264,601,356,False,SAFE,OBJECT OUTSIDE VEHICLE LANE,prolog,object_outside_vehicle_lane,25,1,safe:object_outside_vehicle_lane:25* | safe:object_at_safe_distance:20,Object is outside the vehicle lane and not an immediate collision threat.,,road_video_1.mp4:yolo11n:truck:g12:6
341,11.371,person,yolo11n,0.6228,9.96,width_fallback,0.0,,1.0,423,270,459,372,True,CAUTION,CAUTION OBJECT IN VEHICLE LANE,prolog,caution_object_in_vehicle_lane,40,1,caution:caution_object_in_vehicle_lane:40* | safe:object_at_safe_distance:20,Object detected in vehicle lane; exercise caution.,,road_video_1.mp4:yolo11n:person:g7:6
342,11.405,truck,yolo11n,0.6946,14.88,width_fallback,1.928,18.301,0.055,481,263,601,356,False,SAFE,OBJECT OUTSIDE VEHICLE LANE,prolog,object_outside_vehicle_lane,25,1,safe:object_outside_vehicle_lane:25* | safe:object_at_safe_distance:20,Object is outside the vehicle lane and not an immediate collision threat.,,road_video_1.mp4:yolo11n:truck:g12:6
342,11.405,person,yolo11n,0.6467,9.97,width_fallback,0.0,,1.0,426,272,461,384,True,CAUTION,CAUTION OBJECT IN VEHICLE LANE,prolog,caution_object_in_vehicle_lane,40,1,caution:caution_object_in_vehicle_lane:40* | safe:object_at_safe_distance:20,Object detected in vehicle lane; exercise caution.,,road_video_1.mp4:yolo11n:person:g7:6
343,11.438,truck,yolo11n,0.6843,14.73,width_fallback,2.613,12.602,0.052,480,264,601,356,False,SAFE,OBJECT OUTSIDE VEHICLE LANE,prolog,object_outside_vehicle_lane,25,1,safe:object_outside_vehicle_lane:25* | safe:object_at_safe_distance:20,Object is outside the vehicle lane and not an immediate collision threat.,,road_video_1.mp4:yolo11n:truck:g12:6
343,11.438,person,yolo11n,0.6264,9.98,width_fallback,0.0,,1.0,429,269,464,365,True,CAUTION,CAUTION OBJECT IN VEHICLE LANE,prolog,caution_object_in_vehicle_lane,40,1,caution:caution_object_in_vehicle_lane:40* | safe:object_at_safe_distance:20,Object detected in vehicle lane; exercise caution.,,road_video_1.mp4:yolo11n:person:g7:6
344,11.471,person,yolo11n,0.6797,9.89,width_fallback,0.0,,1.0,430,269,466,376,True,CAUTION,CAUTION OBJECT IN VEHICLE LANE,prolog,caution_object_in_vehicle_lane,40,1,caution:caution_object_in_vehicle_lane:40* | safe:object_at_safe_distance:20,Object detected in vehicle lane; exercise caution.,,road_video_1.mp4:yolo11n:person:g7:6
344,11.471,truck,yolo11n,0.6032,14.72,width_fallback,2.485,9.597,0.056,482,264,601,356,False,SAFE,OBJECT OUTSIDE VEHICLE LANE,prolog,object_outside_vehicle_lane,25,1,safe:object_outside_vehicle_lane:25* | safe:object_at_safe_distance:20,Object is outside the vehicle lane and not an immediate collision threat.,,road_video_1.mp4:yolo11n:truck:g12:6
344,11.471,car,yolo11n,0.5446,10.96,width_fallback,0.185,46.167,0.048,484,264,601,356,False,SAFE,OBJECT OUTSIDE VEHICLE LANE,prolog,object_outside_vehicle_lane,25,1,safe:object_outside_vehicle_lane:25* | safe:object_at_safe_distance:20,Object is outside the vehicle lane and not an immediate collision threat.,,road_video_1.mp4:yolo11n:car:g12:6
345,11.505,truck,yolo11n,0.5856,14.81,width_fallback,1.971,8.66,0.048,484,264,601,356,False,SAFE,OBJECT OUTSIDE VEHICLE LANE,prolog,object_outside_vehicle_lane,25,1,safe:object_outside_vehicle_lane:25* | safe:object_at_safe_distance:20,Object is outside the vehicle lane and not an immediate collision threat.,,road_video_1.mp4:yolo11n:truck:g12:6
345,11.505,car,yolo11n,0.5698,10.93,width_fallback,0.254,44.776,0.044,485,264,601,356,False,SAFE,OBJECT OUTSIDE VEHICLE LANE,prolog,object_outside_vehicle_lane,25,1,safe:object_outside_vehicle_lane:25* | safe:object_at_safe_distance:20,Object is outside the vehicle lane and not an immediate collision threat.,,road_video_1.mp4:yolo11n:car:g12:6
346,11.538,person,yolo11n,0.6944,9.93,width_fallback,0.0,,1.0,434,270,469,371,True,CAUTION,CAUTION OBJECT IN VEHICLE LANE,prolog,caution_object_in_vehicle_lane,40,1,caution:caution_object_in_vehicle_lane:40* | safe:object_at_safe_distance:20,Object detected in vehicle lane; exercise caution.,,road_video_1.mp4:yolo11n:person:g7:6
346,11.538,car,yolo11n,0.6197,10.9,width_fallback,0.346,38.802,0.044,485,264,601,356,False,SAFE,OBJECT OUTSIDE VEHICLE LANE,prolog,object_outside_vehicle_lane,25,1,safe:object_outside_vehicle_lane:25* | safe:object_at_safe_distance:20,Object is outside the vehicle lane and not an immediate collision threat.,,road_video_1.mp4:yolo11n:car:g12:6
346,11.538,truck,yolo11n,0.5527,14.86,width_fallback,1.671,8.766,0.048,484,264,601,356,False,SAFE,OBJECT OUTSIDE VEHICLE LANE,prolog,object_outside_vehicle_lane,25,1,safe:object_outside_vehicle_lane:25* | safe:object_at_safe_distance:20,Object is outside the vehicle lane and not an immediate collision threat.,,road_video_1.mp4:yolo11n:truck:g12:6
347,11.571,person,yolo11n,0.6961,10.06,width_fallback,1.666,5.275,1.0,436,268,470,369,True,CAUTION,CAUTION OBJECT IN VEHICLE LANE,prolog,caution_object_in_vehicle_lane,40,1,caution:caution_object_in_vehicle_lane:40* | safe:object_at_safe_distance:20,Object detected in vehicle lane; exercise caution.,,road_video_1.mp4:yolo11n:person:g7:6
347,11.571,truck,yolo11n,0.6459,14.68,width_fallback,2.013,8.102,0.069,479,264,601,356,False,SAFE,OBJECT OUTSIDE VEHICLE LANE,prolog,object_outside_vehicle_lane,25,1,safe:object_outside_vehicle_lane:25* | safe:object_at_safe_distance:20,Object is outside the vehicle lane and not an immediate collision threat.,,road_video_1.mp4:yolo11n:truck:g12:6
347,11.571,car,yolo11n,0.5301,10.79,width_fallback,0.669,28.6,0.056,482,264,601,356,False,SAFE,OBJECT OUTSIDE VEHICLE LANE,prolog,object_outside_vehicle_lane,25,1,safe:object_outside_vehicle_lane:25* | safe:object_at_safe_distance:20,Object is outside the vehicle lane and not an immediate collision threat.,,road_video_1.mp4:yolo11n:car:g12:6
348,11.605,truck,yolo11n,0.6687,14.48,width_fallback,2.399,7.172,0.84,477,264,601,356,True,CAUTION,CAUTION OBJECT IN VEHICLE LANE,prolog,caution_object_in_vehicle_lane,40,1,caution:caution_object_in_vehicle_lane:40* | safe:object_at_safe_distance:20,Object detected in vehicle lane; exercise caution.,,road_video_1.mp4:yolo11n:truck:g12:6
348,11.605,person,yolo11n,0.6472,10.25,width_fallback,0.0,,1.0,440,268,473,371,True,CAUTION,CAUTION OBJECT IN VEHICLE LANE,prolog,caution_object_in_vehicle_lane,40,1,caution:caution_object_in_vehicle_lane:40* | safe:object_at_safe_distance:20,Object detected in vehicle lane; exercise caution.,,road_video_1.mp4:yolo11n:person:g7:6
348,11.605,car,yolo11n,0.5022,10.66,width_fallback,1.038,20.351,0.831,480,264,601,355,True,CAUTION,CAUTION OBJECT IN VEHICLE LANE,prolog,caution_object_in_vehicle_lane,40,1,caution:caution_object_in_vehicle_lane:40* | safe:object_at_safe_distance:20,Object detected in vehicle lane; exercise caution.,,road_video_1.mp4:yolo11n:car:g12:6
349,11.638,car,yolo11n,0.6423,34.56,width_fallback,7.347,46.946,0.839,478,264,601,356,True,CAUTION,CAUTION OBJECT IN VEHICLE LANE,prolog,caution_object_in_vehicle_lane,40,1,caution:caution_object_in_vehicle_lane:40* | safe:object_at_safe_distance:20,Object detected in vehicle lane; exercise caution.,,road_video_1.mp4:yolo11n:car:g11:6
349,11.638,person,yolo11n,0.5978,9.97,width_fallback,0.0,,1.0,440,271,477,377,True,CAUTION,CAUTION OBJECT IN VEHICLE LANE,prolog,caution_object_in_vehicle_lane,40,1,caution:caution_object_in_vehicle_lane:40* | safe:object_at_safe_distance:20,Object detected in vehicle lane; exercise caution.,,road_video_1.mp4:yolo11n:person:g7:6
350,11.671,person,yolo11n,0.6516,9.26,width_fallback,2.661,4.467,1.0,434,271,478,383,True,CAUTION,CAUTION OBJECT IN VEHICLE LANE,prolog,caution_object_in_vehicle_lane,40,1,caution:caution_object_in_vehicle_lane:40* | safe:object_at_safe_distance:20,Object detected in vehicle lane; exercise caution.,,road_video_1.mp4:yolo11n:person:g7:6
350,11.671,car,yolo11n,0.6397,25.97,width_fallback,13.523,26.684,0.847,475,265,601,356,True,CAUTION,CAUTION OBJECT IN VEHICLE LANE,prolog,caution_object_in_vehicle_lane,40,1,caution:caution_object_in_vehicle_lane:40* | safe:object_at_safe_distance:20,Object detected in vehicle lane; exercise caution.,,road_video_1.mp4:yolo11n:car:g11:6
351,11.705,car,yolo11n,0.6581,20.41,width_fallback,17.514,15.201,0.837,476,265,601,355,True,CAUTION,CAUTION OBJECT IN VEHICLE LANE,prolog,caution_object_in_vehicle_lane,40,1,caution:caution_object_in_vehicle_lane:40* | safe:object_at_safe_distance:20,Object detected in vehicle lane; exercise caution.,,road_video_1.mp4:yolo11n:car:g11:6
351,11.705,person,yolo11n,0.5811,9.25,width_fallback,2.736,3.978,1.0,444,272,482,378,True,CAUTION,CAUTION OBJECT IN VEHICLE LANE,prolog,caution_object_in_vehicle_lane,40,1,caution:caution_object_in_vehicle_lane:40* | safe:object_at_safe_distance:20,Object detected in vehicle lane; exercise caution.,,road_video_1.mp4:yolo11n:person:g7:6
352,11.738,person,yolo11n,0.6347,8.62,width_fallback,4.761,3.003,1.0,437,271,484,386,True,CAUTION,CAUTION OBJECT IN VEHICLE LANE,prolog,caution_object_in_vehicle_lane,40,1,caution:caution_object_in_vehicle_lane:40* | safe:object_at_safe_distance:20,Object detected in vehicle lane; exercise caution.,,road_video_1.mp4:yolo11n:person:g7:6
352,11.738,car,yolo11n,0.5687,16.79,width_fallback,21.554,8.711,0.837,476,265,601,355,True,CAUTION,CAUTION OBJECT IN VEHICLE LANE,prolog,caution_object_in_vehicle_lane,40,1,caution:caution_object_in_vehicle_lane:40* | safe:object_at_safe_distance:20,Object detected in vehicle lane; exercise caution.,,road_video_1.mp4:yolo11n:car:g11:6
353,11.772,person,yolo11n,0.6797,7.87,width_fallback,8.825,2.053,1.0,437,273,491,386,True,WARNING,SLOW DOWN HAZARD AHEAD,prolog,generic_warning,55,2,warning:generic_warning:55* | caution:caution_object_in_vehicle_lane:40 | safe:object_at_safe_distance:20,Slow down: hazard detected ahead in vehicle lane.,,road_video_1.mp4:yolo11n:person:g7:6
354,11.805,person,yolo11n,0.8082,7.42,width_fallback,11.31,1.424,1.0,439,271,492,386,True,CRITICAL,BRAKE IMMEDIATELY PERSON AHEAD,prolog,brake_immediately_person_ahead,100,4,critical:brake_immediately_person_ahead:100* | critical:brake_now_object_too_close:90 | warning:generic_warning:55 | caution:caution_object_in_vehicle_lane:40 | safe:object_at_safe_distance:20,Immediate braking required due to person in lane.,,road_video_1.mp4:yolo11n:person:g7:6
354,11.805,truck,yolo11n,0.5164,14.56,width_fallback,0.8,12.138,0.838,482,265,601,356,True,CAUTION,CAUTION OBJECT IN VEHICLE LANE,prolog,caution_object_in_vehicle_lane,40,1,caution:caution_object_in_vehicle_lane:40* | safe:object_at_safe_distance:20,Object detected in vehicle lane; exercise caution.,,road_video_1.mp4:yolo11n:truck:g12:6
355,11.838,person,yolo11n,0.7152,7.23,width_fallback,12.938,1.035,1.0,442,270,493,379,True,CRITICAL,BRAKE IMMEDIATELY PERSON AHEAD,prolog,brake_immediately_person_ahead,100,4,critical:brake_immediately_person_ahead:100* | critical:brake_now_object_too_close:90 | warning:generic_warning:55 | caution:caution_object_in_vehicle_lane:40 | safe:object_at_safe_distance:20,Immediate braking required due to person in lane.,,road_video_1.mp4:yolo11n:person:g7:6
355,11.838,car,yolo11n,0.5058,10.67,width_fallback,0.71,17.954,0.832,483,264,601,356,True,CAUTION,CAUTION OBJECT IN VEHICLE LANE,prolog,caution_object_in_vehicle_lane,40,1,caution:caution_object_in_vehicle_lane:40* | safe:object_at_safe_distance:20,Object detected in vehicle lane; exercise caution.,,road_video_1.mp4:yolo11n:car:g12:6
355,11.838,truck,yolo11n,0.5023,14.7,width_fallback,0.0,,0.836,484,265,601,356,True,CAUTION,CAUTION OBJECT IN VEHICLE LANE,prolog,caution_object_in_vehicle_lane,40,1,caution:caution_object_in_vehicle_lane:40* | safe:object_at_safe_distance:20,Object detected in vehicle lane; exercise caution.,,road_video_1.mp4:yolo11n:truck:g12:6
356,11.872,person,yolo11n,0.7122,6.92,width_fallback,13.066,0.807,1.0,444,268,499,383,True,CRITICAL,BRAKE IMMEDIATELY PERSON AHEAD,prolog,brake_immediately_person_ahead,100,4,critical:brake_immediately_person_ahead:100* | critical:brake_now_object_too_close:90 | warning:generic_warning:55 | caution:caution_object_in_vehicle_lane:40 | safe:object_at_safe_distance:20,Immediate braking required due to person in lane.,,road_video_1.mp4:yolo11n:person:g7:6
356,11.872,car,yolo11n,0.5898,10.67,width_fallback,0.688,16.854,0.837,483,265,601,356,True,CAUTION,CAUTION OBJECT IN VEHICLE LANE,prolog,caution_object_in_vehicle_lane,40,1,caution:caution_object_in_vehicle_lane:40* | safe:object_at_safe_distance:20,Object detected in vehicle lane; exercise caution.,,road_video_1.mp4:yolo11n:car:g12:6
357,11.905,person,yolo11n,0.6444,6.86,width_fallback,10.281,0.744,1.0,449,270,501,380,True,CRITICAL,BRAKE IMMEDIATELY PERSON AHEAD,prolog,brake_immediately_person_ahead,100,4,critical:brake_immediately_person_ahead:100* | critical:brake_now_object_too_close:90 | warning:generic_warning:55 | caution:caution_object_in_vehicle_lane:40 | safe:object_at_safe_distance:20,Immediate braking required due to person in lane.,,road_video_1.mp4:yolo11n:person:g7:6
357,11.905,car,yolo11n,0.6244,10.87,width_fallback,0.208,32.831,0.828,489,265,601,356,True,CAUTION,CAUTION OBJECT IN VEHICLE LANE,prolog,caution_object_in_vehicle_lane,40,1,caution:caution_object_in_vehicle_lane:40* | safe:object_at_safe_distance:20,Object detected in vehicle lane; exercise caution.,,road_video_1.mp4:yolo11n:car:g12:6
359,11.972,car,yolo11n,0.627,11.27,width_fallback,0.0,,0.817,496,265,601,356,True,CAUTION,CAUTION OBJECT IN VEHICLE LANE,prolog,caution_object_in_vehicle_lane,40,1,caution:caution_object_in_vehicle_lane:40* | safe:object_at_safe_distance:20,Object detected in vehicle lane; exercise caution.,,road_video_1.mp4:yolo11n:car:g12:6
359,11.972,person,yolo11n,0.5324,8.17,width_fallback,4.048,1.318,1.0,466,271,499,375,True,CRITICAL,BRAKE IMMEDIATELY PERSON AHEAD,prolog,brake_immediately_person_ahead,100,4,critical:brake_immediately_person_ahead:100* | critical:brake_now_object_too_close:90 | warning:generic_warning:55 | caution:caution_object_in_vehicle_lane:40 | safe:object_at_safe_distance:20,Immediate braking required due to person in lane.,,road_video_1.mp4:yolo11n:person:g7:6
360,12.005,car,yolo11n,0.6825,11.6,width_fallback,0.0,,0.813,498,265,601,356,True,CAUTION,CAUTION OBJECT IN VEHICLE LANE,prolog,caution_object_in_vehicle_lane,40,1,caution:caution_object_in_vehicle_lane:40* | safe:object_at_safe_distance:20,Object detected in vehicle lane; exercise caution.,,road_video_1.mp4:yolo11n:car:g12:6
361,12.038,car,yolo11n,0.6497,11.79,width_fallback,0.0,,0.803,497,266,601,355,True,CAUTION,CAUTION OBJECT IN VEHICLE LANE,prolog,caution_object_in_vehicle_lane,40,1,caution:caution_object_in_vehicle_lane:40* | safe:object_at_safe_distance:20,Object detected in vehicle lane; exercise caution.,,road_video_1.mp4:yolo11n:car:g12:6
362,12.072,car,yolo11n,0.5291,11.67,width_fallback,0.0,,0.814,491,266,601,355,True,CAUTION,CAUTION OBJECT IN VEHICLE LANE,prolog,caution_object_in_vehicle_lane,40,1,caution:caution_object_in_vehicle_lane:40* | safe:object_at_safe_distance:20,Object detected in vehicle lane; exercise caution.,,road_video_1.mp4:yolo11n:car:g12:6
363,12.105,car,yolo11n,0.7157,14.39,width_fallback,19.688,5.12,0.853,474,265,601,357,True,CAUTION,CAUTION OBJECT IN VEHICLE LANE,prolog,caution_object_in_vehicle_lane,40,1,caution:caution_object_in_vehicle_lane:40* | safe:object_at_safe_distance:20,Object detected in vehicle lane; exercise caution.,,road_video_1.mp4:yolo11n:car:g11:6
