frame,video_time_s,object,source,confidence,distance_m,closing_speed_mps,ttc_s,lane_overlap,in_lane,risk,action,incident_image
1,0.033,motorcycle,yolo11n,0.7004,7.57,0.0,,0.0,False,SAFE,motorcycle OUTSIDE VEHICLE LANE,
1,0.033,car,yolo11n,0.5666,48.46,0.0,,0.031,False,SAFE,car OUTSIDE VEHICLE LANE,
1,0.033,car,yolo11n,0.5324,45.0,0.0,,1.0,True,SAFE,car AT SAFE DISTANCE,
1,0.033,car,yolo11n,0.5146,51.54,0.0,,0.55,True,SAFE,car AT SAFE DISTANCE,
1,0.033,car,yolo11n,0.5115,54.78,0.0,,1.0,True,SAFE,car AT SAFE DISTANCE,
1,0.033,car,yolo11n,0.4906,21.72,0.0,,0.0,False,SAFE,car OUTSIDE VEHICLE LANE,
1,0.033,person,yolo11n,0.4648,5.38,0.0,,0.0,False,SAFE,person OUTSIDE VEHICLE LANE,
1,0.033,car,yolo11n,0.3642,45.58,0.0,,1.0,True,SAFE,car AT SAFE DISTANCE,
1,0.033,car,yolo11n,0.3152,78.75,0.0,,0.0,False,SAFE,car OUTSIDE VEHICLE LANE,
2,0.067,motorcycle,yolo11n,0.6534,7.67,0.0,,0.0,False,SAFE,motorcycle OUTSIDE VEHICLE LANE,
2,0.067,person,yolo11n,0.633,5.74,0.0,,0.0,False,SAFE,person OUTSIDE VEHICLE LANE,
2,0.067,car,yolo11n,0.5799,50.4,0.0,,0.016,False,SAFE,car OUTSIDE VEHICLE LANE,
2,0.067,car,yolo11n,0.5576,54.78,0.0,,1.0,True,SAFE,car AT SAFE DISTANCE,
2,0.067,car,yolo11n,0.5208,46.67,0.0,,1.0,True,SAFE,car AT SAFE DISTANCE,
2,0.067,car,yolo11n,0.5189,57.27,0.0,,0.991,True,SAFE,car AT SAFE DISTANCE,
2,0.067,car,yolo11n,0.3903,78.75,0.0,,0.0,False,SAFE,car OUTSIDE VEHICLE LANE,
2,0.067,car,yolo11n,0.367,45.0,0.0,,1.0,True,SAFE,car AT SAFE DISTANCE,
4,0.133,motorcycle,yolo11n,0.6025,7.63,0.0,,0.0,False,SAFE,motorcycle OUTSIDE VEHICLE LANE,
4,0.133,person,yolo11n,0.5693,5.71,0.0,,0.0,False,SAFE,person OUTSIDE VEHICLE LANE,
4,0.133,car,yolo11n,0.5662,49.72,0.0,,0.015,False,SAFE,car OUTSIDE VEHICLE LANE,
4,0.133,car,yolo11n,0.5049,57.27,0.0,,0.991,True,SAFE,car AT SAFE DISTANCE,
4,0.133,car,yolo11n,0.4895,46.67,0.0,,1.0,True,SAFE,car AT SAFE DISTANCE,
4,0.133,car,yolo11n,0.4831,54.78,0.0,,1.0,True,SAFE,car AT SAFE DISTANCE,
4,0.133,car,yolo11n,0.3759,45.0,0.0,,1.0,True,SAFE,car AT SAFE DISTANCE,
6,0.2,motorcycle,yolo11n,0.664,7.58,0.675,11.234,0.0,False,SAFE,motorcycle OUTSIDE VEHICLE LANE,
6,0.2,car,yolo11n,0.5872,49.28,8.396,5.869,0.007,False,SAFE,car OUTSIDE VEHICLE LANE,
6,0.2,person,yolo11n,0.4877,5.9,0.0,,0.0,False,SAFE,person OUTSIDE VEHICLE LANE,
6,0.2,car,yolo11n,0.4836,46.09,4.348,10.6,1.0,True,SAFE,car AT SAFE DISTANCE,
6,0.2,car,yolo11n,0.48,57.27,0.0,,0.991,True,SAFE,car AT SAFE DISTANCE,
6,0.2,car,yolo11n,0.4726,53.98,5.997,9.0,1.0,True,SAFE,car AT SAFE DISTANCE,
6,0.2,car,yolo11n,0.368,45.58,0.0,,1.0,True,SAFE,car AT SAFE DISTANCE,
8,0.267,car,yolo11n,0.5654,45.71,4.798,9.527,1.0,True,SAFE,car AT SAFE DISTANCE,
8,0.267,car,yolo11n,0.5505,48.99,7.047,6.952,0.006,False,SAFE,car OUTSIDE VEHICLE LANE,
8,0.267,car,yolo11n,0.4937,56.4,4.348,12.971,0.991,True,SAFE,car AT SAFE DISTANCE,
8,0.267,car,yolo11n,0.4756,53.46,6.597,8.103,1.0,True,SAFE,car AT SAFE DISTANCE,
8,0.267,motorcycle,yolo11n,0.4693,10.77,0.0,,0.0,False,SAFE,motorcycle OUTSIDE VEHICLE LANE,
8,0.267,car,yolo11n,0.3944,45.96,0.0,,1.0,True,SAFE,car AT SAFE DISTANCE,
10,0.333,car,yolo11n,0.6111,44.92,6.56,6.848,1.0,True,SAFE,car AT SAFE DISTANCE,
10,0.333,motorcycle,yolo11n,0.5634,7.47,0.0,,0.0,False,SAFE,motorcycle OUTSIDE VEHICLE LANE,
10,0.333,car,yolo11n,0.5616,47.6,10.496,4.535,0.0,False,SAFE,car OUTSIDE VEHICLE LANE,
10,0.333,car,yolo11n,0.5252,21.72,0.0,,0.0,False,SAFE,car OUTSIDE VEHICLE LANE,
10,0.333,car,yolo11n,0.4964,55.83,5.398,10.343,0.991,True,SAFE,car AT SAFE DISTANCE,
10,0.333,car,yolo11n,0.4267,46.21,0.0,,1.0,True,SAFE,car AT SAFE DISTANCE,
10,0.333,car,yolo11n,0.3706,53.13,6.185,8.59,1.0,True,SAFE,car AT SAFE DISTANCE,
12,0.4,car,yolo11n,0.5994,44.4,6.807,6.523,1.0,True,SAFE,car AT SAFE DISTANCE,
12,0.4,car,yolo11n,0.5667,46.69,11.125,4.197,0.0,False,SAFE,car OUTSIDE VEHICLE LANE,
12,0.4,motorcycle,yolo11n,0.5583,13.66,0.0,,0.0,False,SAFE,motorcycle OUTSIDE VEHICLE LANE,
12,0.4,car,yolo11n,0.5577,21.47,0.0,,0.0,False,SAFE,car OUTSIDE VEHICLE LANE,
12,0.4,car,yolo11n,0.4969,55.46,5.428,10.218,0.991,True,SAFE,car AT SAFE DISTANCE,
12,0.4,car,yolo11n,0.4345,52.17,7.827,6.666,1.0,True,SAFE,car AT SAFE DISTANCE,
12,0.4,car,yolo11n,0.4332,66.32,0.0,,0.0,False,SAFE,car OUTSIDE VEHICLE LANE,
12,0.4,car,yolo11n,0.4171,46.37,0.0,,1.0,True,SAFE,car AT SAFE DISTANCE,
14,0.467,motorcycle,yolo11n,0.5962,14.18,0.0,,0.0,False,SAFE,motorcycle OUTSIDE VEHICLE LANE,
14,0.467,car,yolo11n,0.5524,45.55,12.12,3.758,0.0,False,SAFE,car OUTSIDE VEHICLE LANE,
14,0.467,car,yolo11n,0.549,44.07,6.497,6.783,1.0,True,SAFE,car AT SAFE DISTANCE,
14,0.467,car,yolo11n,0.5383,21.3,3.149,6.765,0.0,False,SAFE,car OUTSIDE VEHICLE LANE,
14,0.467,car,yolo11n,0.5282,54.43,7.097,7.669,0.975,True,SAFE,car AT SAFE DISTANCE,
14,0.467,car,yolo11n,0.4392,51.55,8.072,6.387,1.0,True,SAFE,car AT SAFE DISTANCE,
14,0.467,car,yolo11n,0.4278,64.11,0.0,,0.0,False,SAFE,car OUTSIDE VEHICLE LANE,
14,0.467,car,yolo11n,0.3582,47.1,0.0,,1.0,True,SAFE,car AT SAFE DISTANCE,
16,0.534,car,yolo11n,0.5331,54.55,5.826,9.363,0.991,True,SAFE,car AT SAFE DISTANCE,
16,0.534,motorcycle,yolo11n,0.504,14.82,0.0,,0.0,False,SAFE,motorcycle OUTSIDE VEHICLE LANE,
16,0.534,car,yolo11n,0.4525,63.72,19.492,3.269,0.0,False,SAFE,car OUTSIDE VEHICLE LANE,
16,0.534,car,yolo11n,0.4503,44.82,11.952,3.75,0.0,False,SAFE,car OUTSIDE VEHICLE LANE,
16,0.534,car,yolo11n,0.4379,44.4,4.862,9.132,1.0,True,SAFE,car AT SAFE DISTANCE,
16,0.534,car,yolo11n,0.3991,47.58,0.0,,1.0,True,SAFE,car AT SAFE DISTANCE,
16,0.534,car,yolo11n,0.387,51.88,6.212,8.352,1.0,True,SAFE,car AT SAFE DISTANCE,
16,0.534,car,yolo11n,0.3816,157.5,0.0,,0.0,False,SAFE,car OUTSIDE VEHICLE LANE,
18,0.6,car,yolo11n,0.5391,20.74,3.673,5.646,0.0,False,SAFE,car OUTSIDE VEHICLE LANE,
18,0.6,car,yolo11n,0.5362,54.63,5.655,9.661,0.991,True,SAFE,car AT SAFE DISTANCE,
18,0.6,motorcycle,yolo11n,0.4791,15.23,0.0,,0.0,False,SAFE,motorcycle OUTSIDE VEHICLE LANE,
18,0.6,car,yolo11n,0.4318,157.5,0.0,,0.0,False,SAFE,car OUTSIDE VEHICLE LANE,
18,0.6,car,yolo11n,0.4306,52.1,5.74,9.076,1.0,True,SAFE,car AT SAFE DISTANCE,
18,0.6,car,yolo11n,0.423,44.61,4.412,10.11,1.0,True,SAFE,car AT SAFE DISTANCE,
18,0.6,car,yolo11n,0.4069,62.42,19.492,3.202,0.0,False,SAFE,car OUTSIDE VEHICLE LANE,
18,0.6,car,yolo11n,0.3648,48.57,0.0,,1.0,True,SAFE,car AT SAFE DISTANCE,
20,0.667,car,yolo11n,0.7456,20.48,3.718,5.508,0.0,False,SAFE,car OUTSIDE VEHICLE LANE,
20,0.667,car,yolo11n,0.6192,63.0,0.0,,0.0,False,SAFE,car OUTSIDE VEHICLE LANE,
20,0.667,car,yolo11n,0.5636,54.68,5.548,9.856,0.992,True,SAFE,car AT SAFE DISTANCE,
20,0.667,motorcycle,yolo11n,0.508,16.02,0.0,,0.0,False,SAFE,motorcycle OUTSIDE VEHICLE LANE,
20,0.667,car,yolo11n,0.4897,44.74,2.892,15.472,1.0,True,SAFE,car AT SAFE DISTANCE,
20,0.667,car,yolo11n,0.4708,157.5,0.0,,0.0,False,SAFE,car OUTSIDE VEHICLE LANE,
20,0.667,car,yolo11n,0.4589,52.24,3.727,14.017,1.0,True,SAFE,car AT SAFE DISTANCE,
20,0.667,car,yolo11n,0.405,62.62,13.869,4.515,0.0,False,SAFE,car OUTSIDE VEHICLE LANE,
20,0.667,car,yolo11n,0.3893,49.21,0.0,,1.0,True,SAFE,car AT SAFE DISTANCE,
22,0.734,car,yolo11n,0.6936,20.42,3.249,6.286,0.0,False,SAFE,car OUTSIDE VEHICLE LANE,
22,0.734,car,yolo11n,0.5999,57.28,0.0,,0.0,False,SAFE,car OUTSIDE VEHICLE LANE,
22,0.734,car,yolo11n,0.5855,151.38,30.587,4.949,0.0,False,SAFE,car OUTSIDE VEHICLE LANE,
22,0.734,person,yolo11n,0.5852,5.83,0.0,,0.0,False,SAFE,person OUTSIDE VEHICLE LANE,
22,0.734,car,yolo11n,0.5847,54.72,3.598,15.206,1.0,True,SAFE,car AT SAFE DISTANCE,
22,0.734,car,yolo11n,0.5117,23.33,0.0,,0.0,False,SAFE,car OUTSIDE VEHICLE LANE,
22,0.734,car,yolo11n,0.4979,44.83,1.885,23.783,1.0,True,SAFE,car AT SAFE DISTANCE,
22,0.734,car,yolo11n,0.433,52.33,2.42,21.62,1.0,True,SAFE,car AT SAFE DISTANCE,
22,0.734,motorcycle,yolo11n,0.4097,16.95,0.0,,0.0,False,SAFE,motorcycle OUTSIDE VEHICLE LANE,
22,0.734,car,yolo11n,0.4031,57.27,0.0,,0.145,False,SAFE,car OUTSIDE VEHICLE LANE,
22,0.734,car,yolo11n,0.3697,49.62,0.0,,1.0,True,SAFE,car AT SAFE DISTANCE,
24,0.8,car,yolo11n,0.7175,20.51,2.592,7.914,0.0,False,SAFE,car OUTSIDE VEHICLE LANE,
24,0.8,car,yolo11n,0.6404,51.46,0.0,,0.0,False,SAFE,car OUTSIDE VEHICLE LANE,
24,0.8,car,yolo11n,0.6339,147.39,37.897,3.889,0.0,False,SAFE,car OUTSIDE VEHICLE LANE,
24,0.8,car,yolo11n,0.5966,23.33,0.0,,0.0,False,SAFE,car OUTSIDE VEHICLE LANE,
24,0.8,car,yolo11n,0.5799,53.94,4.048,13.324,1.0,True,SAFE,car AT SAFE DISTANCE,
24,0.8,car,yolo11n,0.4579,44.89,0.0,,1.0,True,SAFE,car AT SAFE DISTANCE,
24,0.8,car,yolo11n,0.4409,57.27,0.0,,0.145,False,SAFE,car OUTSIDE VEHICLE LANE,
24,0.8,car,yolo11n,0.4165,53.19,0.0,,1.0,True,SAFE,car AT SAFE DISTANCE,
24,0.8,motorcycle,yolo11n,0.4139,18.56,0.0,,0.0,False,SAFE,motorcycle OUTSIDE VEHICLE LANE,
24,0.8,car,yolo11n,0.3508,49.22,0.0,,1.0,True,SAFE,car AT SAFE DISTANCE,
26,0.867,car,yolo11n,0.6865,20.81,1.706,12.201,0.0,False,SAFE,car OUTSIDE VEHICLE LANE,
26,0.867,car,yolo11n,0.6759,140.0,0.0,,0.0,False,SAFE,car OUTSIDE VEHICLE LANE,
26,0.867,car,yolo11n,0.6312,47.23,0.0,,0.0,False,SAFE,car OUTSIDE VEHICLE LANE,
26,0.867,car,yolo11n,0.6279,23.98,0.0,,0.0,False,SAFE,car OUTSIDE VEHICLE LANE,
26,0.867,car,yolo11n,0.5919,53.44,4.327,12.351,1.0,True,SAFE,car AT SAFE DISTANCE,
26,0.867,motorcycle,yolo11n,0.4589,19.06,0.0,,0.0,False,SAFE,motorcycle OUTSIDE VEHICLE LANE,
26,0.867,car,yolo11n,0.4472,58.23,0.0,,0.152,False,SAFE,car OUTSIDE VEHICLE LANE,
26,0.867,car,yolo11n,0.4455,44.93,0.0,,1.0,True,SAFE,car AT SAFE DISTANCE,
26,0.867,car,yolo11n,0.4392,53.75,0.0,,1.0,True,SAFE,car AT SAFE DISTANCE,
26,0.867,car,yolo11n,0.3688,49.63,0.0,,1.0,True,SAFE,car AT SAFE DISTANCE,
28,0.934,car,yolo11n,0.7527,44.06,0.0,,0.0,False,SAFE,car OUTSIDE VEHICLE LANE,
28,0.934,car,yolo11n,0.6958,20.87,1.125,18.559,0.0,False,SAFE,car OUTSIDE VEHICLE LANE,
28,0.934,car,yolo11n,0.6865,140.0,0.0,,0.0,False,SAFE,car OUTSIDE VEHICLE LANE,
28,0.934,car,yolo11n,0.6354,24.41,0.0,,0.0,False,SAFE,car OUTSIDE VEHICLE LANE,
28,0.934,car,yolo11n,0.588,52.37,4.412,11.869,1.0,True,SAFE,car AT SAFE DISTANCE,
28,0.934,motorcycle,yolo11n,0.5406,18.92,0.0,,0.0,False,SAFE,motorcycle OUTSIDE VEHICLE LANE,
28,0.934,car,yolo11n,0.4413,54.11,0.0,,1.0,True,SAFE,car AT SAFE DISTANCE,
28,0.934,car,yolo11n,0.4378,58.85,0.0,,0.152,False,SAFE,car OUTSIDE VEHICLE LANE,
28,0.934,car,yolo11n,0.4205,49.22,0.0,,1.0,True,SAFE,car AT SAFE DISTANCE,
28,0.934,car,yolo11n,0.3782,44.95,0.0,,1.0,True,SAFE,car AT SAFE DISTANCE,
30,1.0,car,yolo11n,0.7864,42.43,0.0,,0.0,False,SAFE,car OUTSIDE VEHICLE LANE,
30,1.0,car,yolo11n,0.6866,20.8,0.937,22.196,0.0,False,SAFE,car OUTSIDE VEHICLE LANE,
30,1.0,car,yolo11n,0.6411,51.68,6.147,8.407,1.0,True,SAFE,car AT SAFE DISTANCE,
30,1.0,car,yolo11n,0.6228,135.1,36.735,3.678,0.0,False,SAFE,car OUTSIDE VEHICLE LANE,
30,1.0,car,yolo11n,0.6181,25.05,0.0,,0.0,False,SAFE,car OUTSIDE VEHICLE LANE,
30,1.0,car,yolo11n,0.4952,58.29,0.0,,0.236,True,SAFE,car AT SAFE DISTANCE,
30,1.0,car,yolo11n,0.4528,54.34,0.0,,1.0,True,SAFE,car AT SAFE DISTANCE,
30,1.0,car,yolo11n,0.4225,48.95,0.0,,1.0,True,SAFE,car AT SAFE DISTANCE,
30,1.0,car,yolo11n,0.3842,44.97,0.0,,1.0,True,SAFE,car AT SAFE DISTANCE,
30,1.0,motorcycle,yolo11n,0.3712,19.06,0.0,,0.0,False,SAFE,motorcycle OUTSIDE VEHICLE LANE,
32,1.067,car,yolo11n,0.6747,40.55,0.0,,0.0,False,SAFE,car OUTSIDE VEHICLE LANE,
32,1.067,car,yolo11n,0.6694,20.75,0.0,,0.0,False,SAFE,car OUTSIDE VEHICLE LANE,
32,1.067,car,yolo11n,0.6347,25.67,0.0,,0.0,False,SAFE,car OUTSIDE VEHICLE LANE,
32,1.067,car,yolo11n,0.6329,51.23,7.283,7.035,1.0,True,SAFE,car AT SAFE DISTANCE,
32,1.067,car,yolo11n,0.5899,131.91,40.433,3.262,0.0,False,SAFE,car OUTSIDE VEHICLE LANE,
32,1.067,car,yolo11n,0.4752,57.06,0.63,90.609,0.282,True,SAFE,car AT SAFE DISTANCE,
32,1.067,car,yolo11n,0.4718,47.57,2.142,22.209,1.0,True,SAFE,car AT SAFE DISTANCE,
32,1.067,car,yolo11n,0.4652,55.37,0.0,,1.0,True,SAFE,car AT SAFE DISTANCE,
32,1.067,car,yolo11n,0.3901,44.44,0.364,122.043,1.0,True,SAFE,car AT SAFE DISTANCE,
32,1.067,motorcycle,yolo11n,0.3163,19.65,0.0,,0.0,False,SAFE,motorcycle OUTSIDE VEHICLE LANE,
34,1.134,car,yolo11n,0.703,20.72,0.0,,0.0,False,SAFE,car OUTSIDE VEHICLE LANE,
34,1.134,car,yolo11n,0.699,39.33,0.0,,0.0,False,SAFE,car OUTSIDE VEHICLE LANE,
34,1.134,car,yolo11n,0.6802,25.0,0.0,,0.0,False,SAFE,car OUTSIDE VEHICLE LANE,
34,1.134,car,yolo11n,0.6191,50.94,8.011,6.359,1.0,True,SAFE,car AT SAFE DISTANCE,
34,1.134,car,yolo11n,0.58,139.91,29.304,4.774,0.0,False,SAFE,car OUTSIDE VEHICLE LANE,
34,1.134,car,yolo11n,0.543,46.67,5.441,8.578,1.0,True,SAFE,car AT SAFE DISTANCE,
34,1.134,car,yolo11n,0.4838,56.26,2.524,22.291,0.357,True,SAFE,car AT SAFE DISTANCE,
34,1.134,car,yolo11n,0.4191,55.16,0.0,,1.0,True,SAFE,car AT SAFE DISTANCE,
34,1.134,motorcycle,yolo11n,0.4047,19.77,0.0,,0.0,False,SAFE,motorcycle OUTSIDE VEHICLE LANE,
34,1.134,car,yolo11n,0.365,44.09,1.392,31.668,1.0,True,SAFE,car AT SAFE DISTANCE,
36,1.201,car,yolo11n,0.7473,38.16,40.954,0.932,0.0,False,SAFE,car OUTSIDE VEHICLE LANE,
36,1.201,car,yolo11n,0.6827,24.57,0.0,,0.0,False,SAFE,car OUTSIDE VEHICLE LANE,
36,1.201,car,yolo11n,0.6694,20.7,0.0,,0.0,False,SAFE,car OUTSIDE VEHICLE LANE,
36,1.201,car,yolo11n,0.6024,50.75,8.504,5.968,1.0,True,SAFE,car AT SAFE DISTANCE,
36,1.201,motorcycle,yolo11n,0.5532,20.11,0.0,,0.0,False,SAFE,motorcycle OUTSIDE VEHICLE LANE,
36,1.201,car,yolo11n,0.5438,46.09,7.561,6.096,1.0,True,SAFE,car AT SAFE DISTANCE,
36,1.201,car,yolo11n,0.5235,135.04,33.676,4.01,0.0,False,SAFE,car OUTSIDE VEHICLE LANE,
36,1.201,car,yolo11n,0.4769,55.75,3.256,17.123,0.357,True,SAFE,car AT SAFE DISTANCE,
36,1.201,car,yolo11n,0.4283,55.03,0.0,,1.0,True,SAFE,car AT SAFE DISTANCE,
36,1.201,car,yolo11n,0.3172,43.87,2.056,21.335,1.0,True,SAFE,car AT SAFE DISTANCE,
38,1.267,car,yolo11n,0.748,37.41,30.095,1.243,0.0,False,SAFE,car OUTSIDE VEHICLE LANE,
38,1.267,car,yolo11n,0.732,24.14,0.0,,0.0,False,SAFE,car OUTSIDE VEHICLE LANE,
38,1.267,car,yolo11n,0.6839,20.57,0.0,,0.0,False,SAFE,car OUTSIDE VEHICLE LANE,
38,1.267,car,yolo11n,0.5927,50.63,7.09,7.141,1.0,True,SAFE,car AT SAFE DISTANCE,
38,1.267,motorcycle,yolo11n,0.5315,20.33,0.0,,0.0,False,SAFE,motorcycle OUTSIDE VEHICLE LANE,
38,1.267,car,yolo11n,0.5218,45.71,7.518,6.08,1.0,True,SAFE,car AT SAFE DISTANCE,
38,1.267,car,yolo11n,0.5084,55.41,3.984,13.908,0.296,True,SAFE,car AT SAFE DISTANCE,
38,1.267,car,yolo11n,0.4485,54.94,0.0,,1.0,True,SAFE,car AT SAFE DISTANCE,
38,1.267,car,yolo11n,0.3625,43.72,2.506,17.445,1.0,True,SAFE,car AT SAFE DISTANCE,
40,1.334,car,yolo11n,0.7813,36.91,22.105,1.67,0.0,False,SAFE,car OUTSIDE VEHICLE LANE,
40,1.334,car,yolo11n,0.7427,20.48,0.707,28.974,0.0,False,SAFE,car OUTSIDE VEHICLE LANE,
40,1.334,car,yolo11n,0.7421,23.56,0.9,26.189,0.0,False,SAFE,car OUTSIDE VEHICLE LANE,
40,1.334,car,yolo11n,0.6941,96.92,0.0,,0.0,False,SAFE,car OUTSIDE VEHICLE LANE,
40,1.334,car,yolo11n,0.6032,50.55,6.19,8.166,1.0,True,SAFE,car AT SAFE DISTANCE,
40,1.334,car,yolo11n,0.5606,44.92,10.089,4.453,1.0,True,CAUTION,CAUTION - car IN VEHICLE LANE,
40,1.334,car,yolo11n,0.4926,55.19,6.512,8.476,0.339,True,SAFE,car AT SAFE DISTANCE,
40,1.334,car,yolo11n,0.4765,54.88,0.0,,1.0,True,SAFE,car AT SAFE DISTANCE,
40,1.334,car,yolo11n,0.3659,43.63,2.785,15.669,1.0,True,SAFE,car AT SAFE DISTANCE,
40,1.334,motorcycle,yolo11n,0.3237,21.05,0.0,,0.0,False,SAFE,motorcycle OUTSIDE VEHICLE LANE,
40,1.334,car,yolo11n,0.3067,127.87,37.022,3.454,0.0,False,SAFE,car OUTSIDE VEHICLE LANE,
42,1.401,car,yolo11n,0.7576,20.31,1.199,16.932,0.0,False,SAFE,car OUTSIDE VEHICLE LANE,
42,1.401,car,yolo11n,0.7386,23.19,2.613,8.874,0.0,False,SAFE,car OUTSIDE VEHICLE LANE,
42,1.401,car,yolo11n,0.7045,92.4,0.0,,0.0,False,SAFE,car OUTSIDE VEHICLE LANE,
42,1.401,car,yolo11n,0.6899,36.59,16.0,2.287,0.0,False,SAFE,car OUTSIDE VEHICLE LANE,
42,1.401,car,yolo11n,0.6094,49.82,5.462,9.121,1.0,True,SAFE,car AT SAFE DISTANCE,
42,1.401,car,yolo11n,0.5349,44.4,10.324,4.301,1.0,True,CAUTION,CAUTION - car IN VEHICLE LANE,
42,1.401,motorcycle,yolo11n,0.5022,21.85,0.0,,0.0,False,SAFE,motorcycle OUTSIDE VEHICLE LANE,
42,1.401,car,yolo11n,0.4972,55.05,8.139,6.763,0.296,True,SAFE,car AT SAFE DISTANCE,
42,1.401,car,yolo11n,0.497,54.85,0.0,,1.0,True,SAFE,car AT SAFE DISTANCE,
42,1.401,car,yolo11n,0.3986,36.0,0.0,,1.0,True,SAFE,car AT SAFE DISTANCE,
42,1.401,car,yolo11n,0.3787,44.11,1.799,24.516,1.0,True,SAFE,car AT SAFE DISTANCE,
44,1.467,car,yolo11n,0.7116,22.95,4.498,5.102,0.0,False,SAFE,car OUTSIDE VEHICLE LANE,
44,1.467,car,yolo11n,0.6857,20.31,1.05,19.351,0.0,False,SAFE,car OUTSIDE VEHICLE LANE,
44,1.467,car,yolo11n,0.617,37.15,11.31,3.285,0.0,False,SAFE,car OUTSIDE VEHICLE LANE,
44,1.467,car,yolo11n,0.614,50.02,3.556,14.068,1.0,True,SAFE,car AT SAFE DISTANCE,
44,1.467,motorcycle,yolo11n,0.5806,22.73,0.0,,0.0,False,SAFE,motorcycle OUTSIDE VEHICLE LANE,
44,1.467,car,yolo11n,0.5754,44.61,9.296,4.799,1.0,True,CAUTION,CAUTION - car IN VEHICLE LANE,
44,1.467,car,yolo11n,0.4904,54.15,8.868,6.106,0.283,True,SAFE,car AT SAFE DISTANCE,
44,1.467,car,yolo11n,0.4654,55.7,0.0,,1.0,True,SAFE,car AT SAFE DISTANCE,
44,1.467,car,yolo11n,0.3801,45.0,0.0,,1.0,True,SAFE,car AT SAFE DISTANCE,
44,1.467,car,yolo11n,0.3499,35.65,0.0,,1.0,True,SAFE,car AT SAFE DISTANCE,
46,1.534,car,yolo11n,0.6761,22.66,6.447,3.515,0.0,False,SAFE,car OUTSIDE VEHICLE LANE,
46,1.534,car,yolo11n,0.6458,28.0,0.0,,0.0,False,SAFE,car OUTSIDE VEHICLE LANE,
46,1.534,car,yolo11n,0.6188,49.48,3.748,13.2,1.0,True,SAFE,car AT SAFE DISTANCE,
46,1.534,car,yolo11n,0.5706,20.2,1.178,17.147,0.0,False,SAFE,car OUTSIDE VEHICLE LANE,
46,1.534,car,yolo11n,0.5624,44.75,6.04,7.409,1.0,True,SAFE,car AT SAFE DISTANCE,
46,1.534,car,yolo11n,0.5382,54.37,5.762,9.436,0.242,True,SAFE,car AT SAFE DISTANCE,
46,1.534,car,yolo11n,0.5139,37.51,6.512,5.761,0.0,False,SAFE,car OUTSIDE VEHICLE LANE,
46,1.534,car,yolo11n,0.4816,56.25,0.0,,1.0,True,SAFE,car AT SAFE DISTANCE,
46,1.534,motorcycle,yolo11n,0.471,23.68,0.0,,0.0,False,SAFE,motorcycle OUTSIDE VEHICLE LANE,
46,1.534,car,yolo11n,0.431,45.0,0.0,,1.0,True,SAFE,car AT SAFE DISTANCE,
46,1.534,car,yolo11n,0.3606,34.78,9.146,3.803,1.0,True,CAUTION,CAUTION - car IN VEHICLE LANE,
48,1.601,car,yolo11n,0.8066,27.58,0.0,,0.0,False,SAFE,car OUTSIDE VEHICLE LANE,
48,1.601,car,yolo11n,0.67,22.33,5.719,3.905,0.0,False,SAFE,car OUTSIDE VEHICLE LANE,
48,1.601,car,yolo11n,0.6191,49.12,3.898,12.6,1.0,True,SAFE,car AT SAFE DISTANCE,
48,1.601,car,yolo11n,0.583,20.02,1.499,13.352,0.0,False,SAFE,car OUTSIDE VEHICLE LANE,
48,1.601,car,yolo11n,0.5631,44.29,5.098,8.688,1.0,True,SAFE,car AT SAFE DISTANCE,
48,1.601,car,yolo11n,0.5457,55.39,1.864,29.724,0.218,True,SAFE,car AT SAFE DISTANCE,
48,1.601,car,yolo11n,0.5041,56.6,0.0,,1.0,True,SAFE,car AT SAFE DISTANCE,
48,1.601,motorcycle,yolo11n,0.4585,24.3,0.0,,0.0,False,SAFE,motorcycle OUTSIDE VEHICLE LANE,
48,1.601,car,yolo11n,0.4487,46.21,0.0,,1.0,True,SAFE,car AT SAFE DISTANCE,
48,1.601,car,yolo11n,0.4441,37.74,3.406,11.081,0.0,False,SAFE,car OUTSIDE VEHICLE LANE,
48,1.601,car,yolo11n,0.3072,34.86,5.698,6.118,1.0,True,SAFE,car AT SAFE DISTANCE,
50,1.667,car,yolo11n,0.8243,26.93,8.022,3.357,0.0,False,SAFE,car OUTSIDE VEHICLE LANE,
50,1.667,car,yolo11n,0.7023,22.25,4.969,4.477,0.0,False,SAFE,car OUTSIDE VEHICLE LANE,
50,1.667,car,yolo11n,0.6966,19.7,2.142,9.197,0.0,False,SAFE,car OUTSIDE VEHICLE LANE,
50,1.667,car,yolo11n,0.6228,48.89,3.984,12.271,1.0,True,SAFE,car AT SAFE DISTANCE,
50,1.667,car,yolo11n,0.6179,44.0,4.477,9.829,1.0,True,SAFE,car AT SAFE DISTANCE,
50,1.667,car,yolo11n,0.5568,56.05,0.0,,0.218,True,SAFE,car AT SAFE DISTANCE,
50,1.667,car,yolo11n,0.4599,57.79,0.0,,1.0,True,SAFE,car AT SAFE DISTANCE,
50,1.667,car,yolo11n,0.4347,46.37,0.0,,1.0,True,SAFE,car AT SAFE DISTANCE,
50,1.667,car,yolo11n,0.3838,35.26,2.774,12.712,1.0,True,SAFE,car AT SAFE DISTANCE,
52,1.734,car,yolo11n,0.8593,25.82,10.895,2.37,0.0,False,SAFE,car OUTSIDE VEHICLE LANE,
52,1.734,car,yolo11n,0.7223,22.07,4.434,4.978,0.0,False,SAFE,car OUTSIDE VEHICLE LANE,
52,1.734,car,yolo11n,0.6493,19.59,2.099,9.332,0.0,False,SAFE,car OUTSIDE VEHICLE LANE,
52,1.734,car,yolo11n,0.64,43.81,4.07,10.765,1.0,True,SAFE,car AT SAFE DISTANCE,
52,1.734,car,yolo11n,0.6277,49.42,2.592,19.068,1.0,True,SAFE,car AT SAFE DISTANCE,
52,1.734,car,yolo11n,0.4862,56.47,0.0,,0.218,True,SAFE,car AT SAFE DISTANCE,
52,1.734,car,yolo11n,0.412,47.78,0.0,,1.0,True,SAFE,car AT SAFE DISTANCE,
52,1.734,car,yolo11n,0.3945,57.61,0.0,,1.0,True,SAFE,car AT SAFE DISTANCE,
52,1.734,car,yolo11n,0.3076,35.17,2.489,14.13,1.0,True,SAFE,car AT SAFE DISTANCE,
54,1.801,car,yolo11n,0.8729,24.52,13.045,1.88,0.0,False,SAFE,car OUTSIDE VEHICLE LANE,
54,1.801,car,yolo11n,0.7336,18.94,3.299,5.742,0.0,False,SAFE,car OUTSIDE VEHICLE LANE,
54,1.801,car,yolo11n,0.7093,21.82,3.727,5.855,0.0,False,SAFE,car OUTSIDE VEHICLE LANE,
54,1.801,car,yolo11n,0.6796,43.17,3.748,11.517,1.0,True,SAFE,car AT SAFE DISTANCE,
54,1.801,car,yolo11n,0.6232,49.76,1.692,29.406,1.0,True,SAFE,car AT SAFE DISTANCE,
54,1.801,car,yolo11n,0.5022,54.35,1.799,30.207,0.296,True,SAFE,car AT SAFE DISTANCE,
54,1.801,car,yolo11n,0.4186,57.49,0.0,,1.0,True,SAFE,car AT SAFE DISTANCE,
54,1.801,car,yolo11n,0.3585,48.7,0.0,,1.0,True,SAFE,car AT SAFE DISTANCE,
54,1.801,car,yolo11n,0.3131,35.11,2.224,15.786,1.0,True,SAFE,car AT SAFE DISTANCE,
56,1.867,car,yolo11n,0.9018,20.32,0.0,,0.0,False,SAFE,car OUTSIDE VEHICLE LANE,
56,1.867,car,yolo11n,0.7615,18.35,4.198,4.371,0.0,False,SAFE,car OUTSIDE VEHICLE LANE,
56,1.867,car,yolo11n,0.7245,21.66,3.277,6.609,0.0,False,SAFE,car OUTSIDE VEHICLE LANE,
56,1.867,car,yolo11n,0.6752,43.27,2.42,17.877,1.0,True,SAFE,car AT SAFE DISTANCE,
56,1.867,car,yolo11n,0.6051,48.68,2.442,19.936,1.0,True,SAFE,car AT SAFE DISTANCE,
56,1.867,car,yolo11n,0.4212,47.4,0.0,,1.0,True,SAFE,car AT SAFE DISTANCE,
56,1.867,car,yolo11n,0.3528,34.74,2.699,12.872,1.0,True,SAFE,car AT SAFE DISTANCE,
56,1.867,car,yolo11n,0.3265,57.41,0.0,,1.0,True,SAFE,car AT SAFE DISTANCE,
58,1.934,car,yolo11n,0.8859,22.43,13.919,1.611,0.0,False,SAFE,car OUTSIDE VEHICLE LANE,
58,1.934,car,yolo11n,0.7601,17.97,5.012,3.585,0.0,False,SAFE,car OUTSIDE VEHICLE LANE,
58,1.934,car,yolo11n,0.7446,21.55,2.999,7.186,0.0,False,SAFE,car OUTSIDE VEHICLE LANE,
58,1.934,car,yolo11n,0.6558,43.33,2.742,15.804,1.0,True,SAFE,car AT SAFE DISTANCE,
58,1.934,car,yolo11n,0.5829,47.98,4.37,10.98,1.0,True,SAFE,car AT SAFE DISTANCE,
58,1.934,car,yolo11n,0.3689,46.56,0.0,,1.0,True,SAFE,car AT SAFE DISTANCE,
58,1.934,car,yolo11n,0.3524,34.83,1.756,19.83,1.0,True,SAFE,car AT SAFE DISTANCE,
58,1.934,car,yolo11n,0.346,26.25,0.0,,0.594,True,SAFE,car AT SAFE DISTANCE,
58,1.934,car,yolo11n,0.345,56.49,0.0,,1.0,True,SAFE,car AT SAFE DISTANCE,
60,2.001,car,yolo11n,0.879,20.54,15.979,1.285,0.0,False,SAFE,car OUTSIDE VEHICLE LANE,
60,2.001,car,yolo11n,0.7614,17.72,5.312,3.336,0.0,False,SAFE,car OUTSIDE VEHICLE LANE,
60,2.001,car,yolo11n,0.744,21.36,2.785,7.671,0.0,False,SAFE,car OUTSIDE VEHICLE LANE,
60,2.001,car,yolo11n,0.616,43.92,1.778,24.704,1.0,True,SAFE,car AT SAFE DISTANCE,
60,2.001,car,yolo11n,0.5073,47.52,4.198,11.319,1.0,True,SAFE,car AT SAFE DISTANCE,
60,2.001,car,yolo11n,0.4007,44.05,2.035,21.648,1.0,True,SAFE,car AT SAFE DISTANCE,
60,2.001,car,yolo11n,0.353,55.89,0.771,72.48,1.0,True,SAFE,car AT SAFE DISTANCE,
60,2.001,car,yolo11n,0.3178,35.24,0.0,,1.0,True,SAFE,car AT SAFE DISTANCE,
62,2.068,car,yolo11n,0.8793,18.86,17.13,1.101,0.0,False,SAFE,car OUTSIDE VEHICLE LANE,
62,2.068,car,yolo11n,0.7914,17.56,5.269,3.333,0.0,False,SAFE,car OUTSIDE VEHICLE LANE,
62,2.068,car,yolo11n,0.7607,21.11,2.613,8.078,0.0,False,SAFE,car OUTSIDE VEHICLE LANE,
62,2.068,car,yolo11n,0.6265,43.75,1.157,37.825,1.0,True,SAFE,car AT SAFE DISTANCE,
62,2.068,car,yolo11n,0.5421,122.49,14.586,8.398,0.0,False,SAFE,car OUTSIDE VEHICLE LANE,
62,2.068,car,yolo11n,0.5097,46.64,5.312,8.78,1.0,True,SAFE,car AT SAFE DISTANCE,
62,2.068,car,yolo11n,0.3817,41.23,10.667,3.865,1.0,True,CAUTION,CAUTION - car IN VEHICLE LANE,
64,2.134,car,yolo11n,0.8961,17.22,19.417,0.887,0.0,False,SAFE,car OUTSIDE VEHICLE LANE,
64,2.134,car,yolo11n,0.7718,20.96,2.763,7.586,0.0,False,SAFE,car OUTSIDE VEHICLE LANE,
64,2.134,car,yolo11n,0.7622,17.54,4.627,3.791,0.0,False,SAFE,car OUTSIDE VEHICLE LANE,
64,2.134,car,yolo11n,0.6647,43.14,1.842,23.419,1.0,True,SAFE,car AT SAFE DISTANCE,
64,2.134,car,yolo11n,0.592,119.71,16.012,7.476,0.0,False,SAFE,car OUTSIDE VEHICLE LANE,
64,2.134,car,yolo11n,0.468,45.52,7.218,6.306,1.0,True,SAFE,car AT SAFE DISTANCE,
64,2.134,car,yolo11n,0.3623,55.5,2.062,26.92,1.0,True,SAFE,car AT SAFE DISTANCE,
66,2.201,car,yolo11n,0.9244,15.74,20.972,0.751,0.0,False,SAFE,car OUTSIDE VEHICLE LANE,
66,2.201,car,yolo11n,0.793,20.97,2.356,8.9,0.0,False,SAFE,car OUTSIDE VEHICLE LANE,
66,2.201,car,yolo11n,0.7561,17.7,4.048,4.372,0.0,False,SAFE,car OUTSIDE VEHICLE LANE,
66,2.201,car,yolo11n,0.6824,42.74,2.292,18.648,1.0,True,SAFE,car AT SAFE DISTANCE,
66,2.201,car,yolo11n,0.6823,114.56,19.072,6.007,0.0,False,SAFE,car OUTSIDE VEHICLE LANE,
66,2.201,car,yolo11n,0.5264,45.34,8.739,5.188,1.0,True,SAFE,car AT SAFE DISTANCE,
66,2.201,car,yolo11n,0.4746,39.77,12.37,3.215,1.0,True,CAUTION,CAUTION - car IN VEHICLE LANE,
68,2.268,car,yolo11n,0.9199,14.47,21.272,0.68,0.0,False,SAFE,car OUTSIDE VEHICLE LANE,
68,2.268,car,yolo11n,0.8047,20.86,2.056,10.145,0.0,False,SAFE,car OUTSIDE VEHICLE LANE,
68,2.268,car,yolo11n,0.7576,18.09,1.821,9.936,0.0,False,SAFE,car OUTSIDE VEHICLE LANE,
68,2.268,car,yolo11n,0.6593,111.22,20.549,5.413,0.0,False,SAFE,car OUTSIDE VEHICLE LANE,
68,2.268,car,yolo11n,0.6529,42.48,1.478,28.742,1.0,True,SAFE,car AT SAFE DISTANCE,
68,2.268,car,yolo11n,0.5172,44.68,10.881,4.106,1.0,True,CAUTION,CAUTION - car IN VEHICLE LANE,
68,2.268,car,yolo11n,0.3937,54.45,5.564,9.786,1.0,True,SAFE,car AT SAFE DISTANCE,
70,2.334,car,yolo11n,0.9085,13.31,21.01,0.634,0.0,False,SAFE,car OUTSIDE VEHICLE LANE,
70,2.334,car,yolo11n,0.7899,20.67,2.121,9.748,0.0,False,SAFE,car OUTSIDE VEHICLE LANE,
70,2.334,car,yolo11n,0.7545,18.34,0.0,,0.0,False,SAFE,car OUTSIDE VEHICLE LANE,
70,2.334,car,yolo11n,0.6724,106.21,24.126,4.402,0.0,False,SAFE,car OUTSIDE VEHICLE LANE,
70,2.334,car,yolo11n,0.6503,42.82,0.964,44.425,1.0,True,SAFE,car AT SAFE DISTANCE,
70,2.334,car,yolo11n,0.5002,44.79,8.332,5.376,1.0,True,SAFE,car AT SAFE DISTANCE,
70,2.334,car,yolo11n,0.4606,38.45,15.543,2.474,1.0,True,WARNING,SLOW DOWN AND INCREASE FOLLOWING DISTANCE,/Users/witchjenjen/Documents/GitHub/AIproject/output/incidents/road_video_2.mp4_f70_WARNING_car.jpg
72,2.401,car,yolo11n,0.9282,12.29,21.719,0.566,0.0,False,SAFE,car OUTSIDE VEHICLE LANE,
72,2.401,car,yolo11n,0.7949,20.44,2.378,8.597,0.0,False,SAFE,car OUTSIDE VEHICLE LANE,
72,2.401,car,yolo11n,0.7386,18.13,0.0,,0.0,False,SAFE,car OUTSIDE VEHICLE LANE,
72,2.401,car,yolo11n,0.6623,102.96,22.948,4.487,0.0,False,SAFE,car OUTSIDE VEHICLE LANE,
72,2.401,car,yolo11n,0.6592,43.04,0.621,69.289,1.0,True,SAFE,car AT SAFE DISTANCE,
72,2.401,car,yolo11n,0.5373,37.24,19.092,1.951,1.0,True,WARNING,SLOW DOWN AND INCREASE FOLLOWING DISTANCE,
72,2.401,car,yolo11n,0.4726,44.86,6.683,6.713,1.0,True,SAFE,car AT SAFE DISTANCE,
74,2.468,car,yolo11n,0.9164,11.41,19.556,0.583,0.0,False,SAFE,car OUTSIDE VEHICLE LANE,
74,2.468,car,yolo11n,0.7867,20.28,2.313,8.767,0.0,False,SAFE,car OUTSIDE VEHICLE LANE,
74,2.468,car,yolo11n,0.7185,17.91,0.0,,0.0,False,SAFE,car OUTSIDE VEHICLE LANE,
74,2.468,car,yolo11n,0.6576,98.42,23.911,4.116,0.0,False,SAFE,car OUTSIDE VEHICLE LANE,
74,2.468,car,yolo11n,0.6541,43.73,0.407,107.452,1.0,True,SAFE,car AT SAFE DISTANCE,
74,2.468,car,yolo11n,0.4759,35.81,19.309,1.855,1.0,True,WARNING,SLOW DOWN AND INCREASE FOLLOWING DISTANCE,
74,2.468,car,yolo11n,0.4071,44.91,5.591,8.033,1.0,True,SAFE,car AT SAFE DISTANCE,
76,2.534,car,yolo11n,0.9039,10.66,17.564,0.607,0.008,False,SAFE,car OUTSIDE VEHICLE LANE,
76,2.534,car,yolo11n,0.7757,20.08,2.206,9.102,0.0,False,SAFE,car OUTSIDE VEHICLE LANE,
76,2.534,car,yolo11n,0.6975,17.6,0.0,,0.0,False,SAFE,car OUTSIDE VEHICLE LANE,
76,2.534,car,yolo11n,0.6595,95.48,0.0,,0.0,False,SAFE,car OUTSIDE VEHICLE LANE,
76,2.534,car,yolo11n,0.6543,44.17,0.0,,1.0,True,SAFE,car AT SAFE DISTANCE,
76,2.534,car,yolo11n,0.4921,34.89,19.442,1.795,1.0,True,WARNING,SLOW DOWN AND INCREASE FOLLOWING DISTANCE,
76,2.534,car,yolo11n,0.3647,44.4,4.798,9.254,1.0,True,SAFE,car AT SAFE DISTANCE,
78,2.601,car,yolo11n,0.9177,10.03,15.401,0.651,0.102,False,SAFE,car OUTSIDE VEHICLE LANE,
78,2.601,car,yolo11n,0.714,19.94,2.185,9.127,0.0,False,SAFE,car OUTSIDE VEHICLE LANE,
78,2.601,car,yolo11n,0.6967,17.65,0.0,,0.0,False,SAFE,car OUTSIDE VEHICLE LANE,
78,2.601,car,yolo11n,0.6873,93.56,0.0,,0.0,False,SAFE,car OUTSIDE VEHICLE LANE,
78,2.601,car,yolo11n,0.6438,43.92,0.0,,1.0,True,SAFE,car AT SAFE DISTANCE,
78,2.601,car,yolo11n,0.4257,34.93,15.194,2.299,1.0,True,WARNING,SLOW DOWN AND INCREASE FOLLOWING DISTANCE,
78,2.601,car,yolo11n,0.347,43.56,4.198,10.376,1.0,True,SAFE,car AT SAFE DISTANCE,
80,2.668,car,yolo11n,0.9359,9.52,13.323,0.715,0.246,True,CRITICAL,BRAKE NOW - car TOO CLOSE,/Users/witchjenjen/Documents/GitHub/AIproject/output/incidents/road_video_2.mp4_f80_CRITICAL_car.jpg
80,2.668,car,yolo11n,0.6868,19.74,2.635,7.493,0.0,False,SAFE,car OUTSIDE VEHICLE LANE,
80,2.668,car,yolo11n,0.6854,17.87,0.0,,0.0,False,SAFE,car OUTSIDE VEHICLE LANE,
80,2.668,car,yolo11n,0.649,42.78,0.0,,1.0,True,SAFE,car AT SAFE DISTANCE,
80,2.668,car,yolo11n,0.5776,90.21,0.0,,0.0,False,SAFE,car OUTSIDE VEHICLE LANE,
82,2.734,car,yolo11n,0.9419,9.09,11.524,0.789,0.379,True,CRITICAL,BRAKE NOW - car TOO CLOSE,
82,2.734,car,yolo11n,0.6866,19.73,2.42,8.152,0.0,False,SAFE,car OUTSIDE VEHICLE LANE,
82,2.734,car,yolo11n,0.6711,17.74,0.75,23.663,0.0,False,SAFE,car OUTSIDE VEHICLE LANE,
82,2.734,car,yolo11n,0.6152,41.17,2.806,14.672,1.0,True,SAFE,car AT SAFE DISTANCE,
82,2.734,car,yolo11n,0.4535,39.38,0.0,,1.0,True,SAFE,car AT SAFE DISTANCE,
82,2.734,car,yolo11n,0.3172,43.01,4.367,9.849,1.0,True,SAFE,car AT SAFE DISTANCE,
82,2.734,car,yolo11n,0.3146,57.27,0.0,,0.0,False,SAFE,car OUTSIDE VEHICLE LANE,
84,2.801,car,yolo11n,0.9263,8.68,9.917,0.875,0.507,True,CRITICAL,BRAKE NOW - car TOO CLOSE,
84,2.801,car,yolo11n,0.7261,17.26,2.313,7.461,0.0,False,SAFE,car OUTSIDE VEHICLE LANE,
84,2.801,car,yolo11n,0.6989,84.0,0.0,,0.0,False,SAFE,car OUTSIDE VEHICLE LANE,
84,2.801,car,yolo11n,0.6718,19.71,2.056,9.585,0.0,False,SAFE,car OUTSIDE VEHICLE LANE,
84,2.801,car,yolo11n,0.6602,39.73,6.619,6.003,1.0,True,SAFE,car AT SAFE DISTANCE,
84,2.801,car,yolo11n,0.4319,48.46,0.0,,0.0,False,SAFE,car OUTSIDE VEHICLE LANE,
84,2.801,car,yolo11n,0.3761,38.96,0.0,,1.0,True,SAFE,car AT SAFE DISTANCE,
86,2.868,car,yolo11n,0.9313,8.37,8.396,0.997,0.624,True,CRITICAL,BRAKE NOW - car TOO CLOSE,
86,2.868,car,yolo11n,0.697,38.8,9.082,4.272,1.0,True,CAUTION,CAUTION - car IN VEHICLE LANE,
86,2.868,car,yolo11n,0.6507,19.71,1.564,12.605,0.0,False,SAFE,car OUTSIDE VEHICLE LANE,
86,2.868,car,yolo11n,0.6133,86.1,0.0,,0.0,False,SAFE,car OUTSIDE VEHICLE LANE,
86,2.868,car,yolo11n,0.5456,36.14,1.211,29.831,0.0,False,SAFE,car OUTSIDE VEHICLE LANE,
86,2.868,car,yolo11n,0.478,47.83,0.0,,0.0,False,SAFE,car OUTSIDE VEHICLE LANE,
86,2.868,car,yolo11n,0.4189,16.94,2.549,6.646,0.0,False,SAFE,car OUTSIDE VEHICLE LANE,
88,2.935,car,yolo11n,0.9023,8.14,7.004,1.162,0.736,True,CRITICAL,BRAKE NOW - car TOO CLOSE,
88,2.935,car,yolo11n,0.685,38.19,11.866,3.218,1.0,True,CAUTION,CAUTION - car IN VEHICLE LANE,
88,2.935,car,yolo11n,0.6745,33.99,2.051,16.571,0.0,False,SAFE,car OUTSIDE VEHICLE LANE,
88,2.935,car,yolo11n,0.6593,19.92,0.771,25.833,0.0,False,SAFE,car OUTSIDE VEHICLE LANE,
88,2.935,car,yolo11n,0.6211,46.84,12.145,3.857,0.0,False,SAFE,car OUTSIDE VEHICLE LANE,
88,2.935,car,yolo11n,0.4811,31.5,0.0,,0.0,False,SAFE,car OUTSIDE VEHICLE LANE,
88,2.935,alligator,best.pt,0.4197,4.38,0.0,,0.8,True,WARNING,SLOW DOWN - alligator AHEAD,/Users/witchjenjen/Documents/GitHub/AIproject/output/incidents/road_video_2.mp4_f88_WARNING_alligator.jpg
88,2.935,car,yolo11n,0.3644,57.27,0.0,,1.0,True,SAFE,car AT SAFE DISTANCE,
88,2.935,car,yolo11n,0.3218,56.4,0.0,,0.0,False,SAFE,car OUTSIDE VEHICLE LANE,
90,3.001,car,yolo11n,0.8924,7.9,5.912,1.336,0.843,True,CRITICAL,BRAKE NOW - car TOO CLOSE,
90,3.001,car,yolo11n,0.7099,31.89,3.011,10.592,0.0,False,SAFE,car OUTSIDE VEHICLE LANE,
90,3.001,car,yolo11n,0.6635,19.95,0.278,71.645,0.0,False,SAFE,car OUTSIDE VEHICLE LANE,
90,3.001,car,yolo11n,0.6582,36.0,0.0,,0.0,False,SAFE,car OUTSIDE VEHICLE LANE,
90,3.001,car,yolo11n,0.6501,45.15,16.543,2.729,0.0,False,SAFE,car OUTSIDE VEHICLE LANE,
90,3.001,car,yolo11n,0.603,37.07,15.208,2.438,1.0,True,WARNING,SLOW DOWN AND INCREASE FOLLOWING DISTANCE,/Users/witchjenjen/Documents/GitHub/AIproject/output/incidents/road_video_2.mp4_f90_WARNING_car.jpg
90,3.001,car,yolo11n,0.5112,29.3,0.0,,0.0,False,SAFE,car OUTSIDE VEHICLE LANE,
90,3.001,car,yolo11n,0.4665,24.17,0.0,,0.519,True,SAFE,car AT SAFE DISTANCE,
90,3.001,alligator,best.pt,0.3739,4.44,0.0,,0.797,True,WARNING,SLOW DOWN - alligator AHEAD,/Users/witchjenjen/Documents/GitHub/AIproject/output/incidents/road_video_2.mp4_f90_WARNING_alligator.jpg
92,3.068,car,yolo11n,0.8983,7.73,4.927,1.569,0.935,True,WARNING,SLOW DOWN AND INCREASE FOLLOWING DISTANCE,/Users/witchjenjen/Documents/GitHub/AIproject/output/incidents/road_video_2.mp4_f92_WARNING_car.jpg
92,3.068,car,yolo11n,0.7087,29.73,4.114,7.226,0.0,False,SAFE,car OUTSIDE VEHICLE LANE,
92,3.068,car,yolo11n,0.7086,44.05,16.531,2.665,0.0,False,SAFE,car OUTSIDE VEHICLE LANE,
92,3.068,car,yolo11n,0.6102,20.08,0.0,,0.0,False,SAFE,car OUTSIDE VEHICLE LANE,
92,3.068,car,yolo11n,0.5243,29.3,16.493,1.777,0.0,False,SAFE,car OUTSIDE VEHICLE LANE,
92,3.068,car,yolo11n,0.5181,23.19,2.699,8.592,0.458,True,SAFE,car AT SAFE DISTANCE,
92,3.068,car,yolo11n,0.5169,35.01,0.0,,0.0,False,SAFE,car OUTSIDE VEHICLE LANE,
92,3.068,car,yolo11n,0.4981,36.7,15.465,2.373,1.0,True,WARNING,SLOW DOWN AND INCREASE FOLLOWING DISTANCE,
94,3.135,car,yolo11n,0.9147,7.6,4.113,1.848,0.993,True,WARNING,SLOW DOWN AND INCREASE FOLLOWING DISTANCE,
94,3.135,car,yolo11n,0.7323,33.78,16.643,2.03,0.0,False,SAFE,car OUTSIDE VEHICLE LANE,
94,3.135,car,yolo11n,0.724,28.14,5.404,5.208,0.0,False,SAFE,car OUTSIDE VEHICLE LANE,
94,3.135,car,yolo11n,0.7206,42.41,18.142,2.338,0.0,False,SAFE,car OUTSIDE VEHICLE LANE,
94,3.135,car,yolo11n,0.556,20.16,0.0,,0.0,False,SAFE,car OUTSIDE VEHICLE LANE,
94,3.135,car,yolo11n,0.5443,22.68,2.974,7.627,0.461,True,SAFE,car AT SAFE DISTANCE,
94,3.135,car,yolo11n,0.5303,35.46,15.679,2.262,1.0,True,WARNING,SLOW DOWN AND INCREASE FOLLOWING DISTANCE,
94,3.135,car,yolo11n,0.3744,30.65,4.248,7.215,0.0,False,SAFE,car OUTSIDE VEHICLE LANE,
94,3.135,alligator,best.pt,0.3465,4.51,0.0,,0.803,True,WARNING,SLOW DOWN - alligator AHEAD,
96,3.201,car,yolo11n,0.8961,7.55,3.299,2.289,1.0,True,WARNING,SLOW DOWN AND INCREASE FOLLOWING DISTANCE,
96,3.201,car,yolo11n,0.7735,32.21,18.942,1.7,0.0,False,SAFE,car OUTSIDE VEHICLE LANE,
96,3.201,car,yolo11n,0.7289,26.61,6.537,4.071,0.0,False,SAFE,car OUTSIDE VEHICLE LANE,
96,3.201,car,yolo11n,0.6514,40.93,18.817,2.175,0.0,False,SAFE,car OUTSIDE VEHICLE LANE,
96,3.201,car,yolo11n,0.6233,34.65,13.966,2.481,1.0,True,WARNING,SLOW DOWN AND INCREASE FOLLOWING DISTANCE,
96,3.201,car,yolo11n,0.569,18.99,1.585,11.981,0.0,False,SAFE,car OUTSIDE VEHICLE LANE,
96,3.201,car,yolo11n,0.5115,55.83,3.084,18.101,0.007,False,SAFE,car OUTSIDE VEHICLE LANE,
98,3.268,car,yolo11n,0.9029,7.55,2.42,3.119,1.0,True,CAUTION,CAUTION - car IN VEHICLE LANE,
98,3.268,car,yolo11n,0.847,30.12,22.041,1.367,0.0,False,SAFE,car OUTSIDE VEHICLE LANE,
98,3.268,car,yolo11n,0.7774,25.62,7.269,3.525,0.0,False,SAFE,car OUTSIDE VEHICLE LANE,
98,3.268,car,yolo11n,0.7515,39.21,19.813,1.979,0.0,False,SAFE,car OUTSIDE VEHICLE LANE,
98,3.268,car,yolo11n,0.6338,17.99,3.684,4.883,0.0,False,SAFE,car OUTSIDE VEHICLE LANE,
98,3.268,car,yolo11n,0.564,34.13,11.995,2.845,1.0,True,WARNING,SLOW DOWN AND INCREASE FOLLOWING DISTANCE,
98,3.268,car,yolo11n,0.4301,23.06,2.391,9.642,0.429,True,SAFE,car AT SAFE DISTANCE,
100,3.335,car,yolo11n,0.8884,7.59,1.671,4.543,1.0,True,CAUTION,CAUTION - car IN VEHICLE LANE,
100,3.335,car,yolo11n,0.8067,27.9,24.29,1.149,0.0,False,SAFE,car OUTSIDE VEHICLE LANE,
100,3.335,car,yolo11n,0.762,24.67,24.568,1.004,0.0,False,SAFE,car OUTSIDE VEHICLE LANE,
100,3.335,car,yolo11n,0.7246,37.09,23.005,1.612,0.0,False,SAFE,car OUTSIDE VEHICLE LANE,
100,3.335,car,yolo11n,0.6774,17.35,5.055,3.432,0.0,False,SAFE,car OUTSIDE VEHICLE LANE,
100,3.335,car,yolo11n,0.6264,33.79,10.731,3.149,1.0,True,CAUTION,CAUTION - car IN VEHICLE LANE,
100,3.335,car,yolo11n,0.3872,24.37,1.342,18.155,0.491,True,SAFE,car AT SAFE DISTANCE,
102,3.401,car,yolo11n,0.8777,7.68,0.985,7.795,1.0,True,CAUTION,CAUTION - car IN VEHICLE LANE,
102,3.401,car,yolo11n,0.8596,25.61,25.964,0.986,0.0,False,SAFE,car OUTSIDE VEHICLE LANE,
102,3.401,car,yolo11n,0.7955,35.13,25.082,1.401,0.0,False,SAFE,car OUTSIDE VEHICLE LANE,
102,3.401,car,yolo11n,0.749,23.77,21.891,1.086,0.0,False,SAFE,car OUTSIDE VEHICLE LANE,
102,3.401,car,yolo11n,0.7242,16.93,6.404,2.643,0.0,False,SAFE,car OUTSIDE VEHICLE LANE,
102,3.401,car,yolo11n,0.4017,25.22,0.702,35.927,0.533,True,SAFE,car AT SAFE DISTANCE,
102,3.401,car,yolo11n,0.3633,33.88,9.232,3.67,1.0,True,CAUTION,CAUTION - car IN VEHICLE LANE,
104,3.468,car,yolo11n,0.8838,7.75,0.321,24.121,1.0,True,CAUTION,CAUTION - car IN VEHICLE LANE,
104,3.468,car,yolo11n,0.852,23.23,27.353,0.849,0.0,False,SAFE,car OUTSIDE VEHICLE LANE,
104,3.468,car,yolo11n,0.7445,23.06,18.913,1.219,0.0,False,SAFE,car OUTSIDE VEHICLE LANE,
104,3.468,car,yolo11n,0.7403,33.09,25.832,1.281,0.0,False,SAFE,car OUTSIDE VEHICLE LANE,
104,3.468,car,yolo11n,0.7214,16.66,7.047,2.364,0.0,False,SAFE,car OUTSIDE VEHICLE LANE,
104,3.468,car,yolo11n,0.3804,26.2,0.0,,0.587,True,SAFE,car AT SAFE DISTANCE,
106,3.535,car,yolo11n,0.8898,7.86,0.0,,1.0,True,CAUTION,CAUTION - car IN VEHICLE LANE,
106,3.535,car,yolo11n,0.8858,20.9,30.223,0.692,0.0,False,SAFE,car OUTSIDE VEHICLE LANE,
106,3.535,car,yolo11n,0.7693,31.31,27.289,1.147,0.0,False,SAFE,car OUTSIDE VEHICLE LANE,
106,3.535,car,yolo11n,0.7295,22.59,15.294,1.477,0.0,False,SAFE,car OUTSIDE VEHICLE LANE,
106,3.535,car,yolo11n,0.7095,16.48,7.711,2.137,0.0,False,SAFE,car OUTSIDE VEHICLE LANE,
108,3.602,car,yolo11n,0.9095,8.01,0.0,,1.0,True,CAUTION,CAUTION - car IN VEHICLE LANE,
108,3.602,car,yolo11n,0.8692,18.71,32.279,0.58,0.0,False,SAFE,car OUTSIDE VEHICLE LANE,
108,3.602,car,yolo11n,0.7346,29.94,26.71,1.121,0.0,False,SAFE,car OUTSIDE VEHICLE LANE,
108,3.602,car,yolo11n,0.7193,22.28,12.552,1.775,0.0,False,SAFE,car OUTSIDE VEHICLE LANE,
108,3.602,car,yolo11n,0.6612,16.44,7.968,2.063,0.0,False,SAFE,car OUTSIDE VEHICLE LANE,
110,3.668,car,yolo11n,0.9175,8.21,0.0,,1.0,True,CAUTION,CAUTION - car IN VEHICLE LANE,
110,3.668,car,yolo11n,0.7919,16.81,32.986,0.51,0.0,False,SAFE,car OUTSIDE VEHICLE LANE,
110,3.668,car,yolo11n,0.7045,16.41,5.526,2.969,0.0,False,SAFE,car OUTSIDE VEHICLE LANE,
110,3.668,car,yolo11n,0.6786,22.09,9.682,2.282,0.0,False,SAFE,car OUTSIDE VEHICLE LANE,
110,3.668,car,yolo11n,0.6743,28.65,26.303,1.089,0.0,False,SAFE,car OUTSIDE VEHICLE LANE,
112,3.735,car,yolo11n,0.8758,8.44,0.0,,1.0,True,CAUTION,CAUTION - car IN VEHICLE LANE,
112,3.735,car,yolo11n,0.8599,15.09,32.194,0.469,0.0,False,SAFE,car OUTSIDE VEHICLE LANE,
112,3.735,car,yolo11n,0.6794,22.09,7.561,2.922,0.0,False,SAFE,car OUTSIDE VEHICLE LANE,
112,3.735,car,yolo11n,0.674,16.55,3.084,5.366,0.0,False,SAFE,car OUTSIDE VEHICLE LANE,
112,3.735,car,yolo11n,0.6558,28.0,24.011,1.166,0.0,False,SAFE,car OUTSIDE VEHICLE LANE,
112,3.735,car,yolo11n,0.498,74.12,26.599,2.787,0.0,False,SAFE,car OUTSIDE VEHICLE LANE,
114,3.802,car,yolo11n,0.8617,8.73,0.0,,1.0,True,CAUTION,CAUTION - car IN VEHICLE LANE,
114,3.802,truck,yolo11n,0.7492,14.83,0.0,,0.0,False,SAFE,truck OUTSIDE VEHICLE LANE,
114,3.802,car,yolo11n,0.7277,16.64,1.521,10.942,0.0,False,SAFE,car OUTSIDE VEHICLE LANE,
114,3.802,car,yolo11n,0.6542,22.1,5.505,4.015,0.0,False,SAFE,car OUTSIDE VEHICLE LANE,
114,3.802,car,yolo11n,0.6281,27.59,20.349,1.356,0.0,False,SAFE,car OUTSIDE VEHICLE LANE,
114,3.802,car,yolo11n,0.5608,74.12,26.599,2.787,0.0,False,SAFE,car OUTSIDE VEHICLE LANE,
116,3.868,car,yolo11n,0.8983,9.01,0.0,,1.0,True,CAUTION,CAUTION - car IN VEHICLE LANE,
116,3.868,car,yolo11n,0.7801,13.2,27.551,0.479,0.0,False,SAFE,car OUTSIDE VEHICLE LANE,
116,3.868,car,yolo11n,0.7352,16.77,0.343,48.933,0.0,False,SAFE,car OUTSIDE VEHICLE LANE,
116,3.868,car,yolo11n,0.6504,21.97,3.856,5.698,0.0,False,SAFE,car OUTSIDE VEHICLE LANE,
116,3.868,car,yolo11n,0.6157,81.85,18.349,4.461,0.0,False,SAFE,car OUTSIDE VEHICLE LANE,
116,3.868,car,yolo11n,0.6118,27.12,17.157,1.581,0.0,False,SAFE,car OUTSIDE VEHICLE LANE,
116,3.868,car,yolo11n,0.6091,32.78,4.948,6.625,1.0,True,SAFE,car AT SAFE DISTANCE,
116,3.868,truck,yolo11n,0.4787,7.68,0.0,,0.093,False,SAFE,truck OUTSIDE VEHICLE LANE,
118,3.935,car,yolo11n,0.8836,9.3,0.0,,1.0,True,CAUTION,CAUTION - car IN VEHICLE LANE,
118,3.935,car,yolo11n,0.7539,16.94,0.0,,0.0,False,SAFE,car OUTSIDE VEHICLE LANE,
118,3.935,car,yolo11n,0.6769,21.75,2.806,7.751,0.0,False,SAFE,car OUTSIDE VEHICLE LANE,
118,3.935,car,yolo11n,0.6617,27.01,13.023,2.074,0.0,False,SAFE,car OUTSIDE VEHICLE LANE,
118,3.935,car,yolo11n,0.6419,5.58,0.0,,0.194,True,WARNING,SLOW DOWN AND INCREASE FOLLOWING DISTANCE,/Users/witchjenjen/Documents/GitHub/AIproject/output/incidents/road_video_2.mp4_f118_WARNING_car.jpg
118,3.935,car,yolo11n,0.628,32.33,5.04,6.414,1.0,True,SAFE,car AT SAFE DISTANCE,
118,3.935,truck,yolo11n,0.6123,13.98,0.0,,0.0,False,SAFE,truck OUTSIDE VEHICLE LANE,
118,3.935,car,yolo11n,0.567,76.42,18.611,4.106,0.0,False,SAFE,car OUTSIDE VEHICLE LANE,
120,4.002,car,yolo11n,0.891,9.69,0.0,,1.0,True,CAUTION,CAUTION - car IN VEHICLE LANE,
120,4.002,car,yolo11n,0.7512,17.23,0.0,,0.0,False,SAFE,car OUTSIDE VEHICLE LANE,
120,4.002,truck,yolo11n,0.7263,7.6,0.0,,0.225,True,CAUTION,CAUTION - truck IN VEHICLE LANE,
120,4.002,car,yolo11n,0.7103,26.94,9.36,2.878,0.0,False,SAFE,car OUTSIDE VEHICLE LANE,
120,4.002,car,yolo11n,0.6665,21.62,2.078,10.406,0.0,False,SAFE,car OUTSIDE VEHICLE LANE,
120,4.002,car,yolo11n,0.5737,11.44,23.607,0.485,0.016,False,SAFE,car OUTSIDE VEHICLE LANE,
120,4.002,car,yolo11n,0.5607,71.72,19.517,3.675,0.0,False,SAFE,car OUTSIDE VEHICLE LANE,
120,4.002,car,yolo11n,0.4898,31.77,4.256,7.465,1.0,True,SAFE,car AT SAFE DISTANCE,
120,4.002,car,yolo11n,0.3192,55.46,1.428,38.828,0.435,True,SAFE,car AT SAFE DISTANCE,
122,4.068,car,yolo11n,0.8587,10.1,0.0,,1.0,True,CAUTION,CAUTION - car IN VEHICLE LANE,
122,4.068,car,yolo11n,0.7405,17.5,0.0,,0.0,False,SAFE,car OUTSIDE VEHICLE LANE,
122,4.068,car,yolo11n,0.6681,21.65,1.349,16.044,0.0,False,SAFE,car OUTSIDE VEHICLE LANE,
122,4.068,car,yolo11n,0.6386,26.89,6.533,4.116,0.0,False,SAFE,car OUTSIDE VEHICLE LANE,
122,4.068,car,yolo11n,0.6201,72.68,23.6,3.08,0.0,False,SAFE,car OUTSIDE VEHICLE LANE,
122,4.068,car,yolo11n,0.551,10.12,21.841,0.463,0.218,True,CRITICAL,BRAKE NOW - car TOO CLOSE,/Users/witchjenjen/Documents/GitHub/AIproject/output/incidents/road_video_2.mp4_f122_CRITICAL_car.jpg
122,4.068,truck,yolo11n,0.5471,7.51,0.85,8.839,0.349,True,CAUTION,CAUTION - truck IN VEHICLE LANE,
122,4.068,car,yolo11n,0.5304,29.65,5.767,5.141,1.0,True,SAFE,car AT SAFE DISTANCE,
124,4.135,car,yolo11n,0.8684,10.61,0.0,,1.0,True,CAUTION,CAUTION - car IN VEHICLE LANE,
124,4.135,car,yolo11n,0.7719,17.76,0.0,,0.0,False,SAFE,car OUTSIDE VEHICLE LANE,
124,4.135,car,yolo11n,0.6922,27.15,8.05,3.372,1.0,True,CAUTION,CAUTION - car IN VEHICLE LANE,
124,4.135,car,yolo11n,0.6208,22.09,0.0,,0.0,False,SAFE,car OUTSIDE VEHICLE LANE,
124,4.135,car,yolo11n,0.615,69.29,23.42,2.959,0.0,False,SAFE,car OUTSIDE VEHICLE LANE,
124,4.135,car,yolo11n,0.5671,5.49,0.0,,0.404,True,WARNING,SLOW DOWN AND INCREASE FOLLOWING DISTANCE,
124,4.135,truck,yolo11n,0.5345,12.61,6.657,1.894,0.286,True,WARNING,SLOW DOWN AND INCREASE FOLLOWING DISTANCE,/Users/witchjenjen/Documents/GitHub/AIproject/output/incidents/road_video_2.mp4_f124_WARNING_truck.jpg
124,4.135,car,yolo11n,0.5315,27.07,3.384,7.999,0.0,False,SAFE,car OUTSIDE VEHICLE LANE,
126,4.202,car,yolo11n,0.885,11.18,0.0,,1.0,True,CAUTION,CAUTION - car IN VEHICLE LANE,
126,4.202,car,yolo11n,0.7593,18.03,0.0,,0.0,False,SAFE,car OUTSIDE VEHICLE LANE,
126,4.202,truck,yolo11n,0.677,7.44,0.72,10.338,0.536,True,CAUTION,CAUTION - truck IN VEHICLE LANE,
126,4.202,car,yolo11n,0.6408,22.38,0.0,,0.0,False,SAFE,car OUTSIDE VEHICLE LANE,
126,4.202,car,yolo11n,0.6226,68.25,23.358,2.922,0.0,False,SAFE,car OUTSIDE VEHICLE LANE,
126,4.202,car,yolo11n,0.5435,27.39,1.307,20.963,0.0,False,SAFE,car OUTSIDE VEHICLE LANE,
126,4.202,car,yolo11n,0.5148,25.52,9.538,2.676,1.0,True,WARNING,SLOW DOWN AND INCREASE FOLLOWING DISTANCE,
126,4.202,car,yolo11n,0.4407,9.02,17.813,0.506,0.533,True,CRITICAL,BRAKE NOW - car TOO CLOSE,
128,4.268,car,yolo11n,0.8607,11.72,0.0,,1.0,True,CAUTION,CAUTION - car IN VEHICLE LANE,
128,4.268,car,yolo11n,0.7303,18.11,0.0,,0.0,False,SAFE,car OUTSIDE VEHICLE LANE,
128,4.268,car,yolo11n,0.6679,67.58,21.989,3.073,0.0,False,SAFE,car OUTSIDE VEHICLE LANE,
128,4.268,bus,yolo11n,0.6514,7.2,0.0,,0.821,True,CAUTION,CAUTION - bus IN VEHICLE LANE,
128,4.268,car,yolo11n,0.598,22.42,0.0,,0.0,False,SAFE,car OUTSIDE VEHICLE LANE,
128,4.268,truck,yolo11n,0.4516,11.42,7.304,1.564,0.645,True,WARNING,SLOW DOWN AND INCREASE FOLLOWING DISTANCE,
130,4.335,car,yolo11n,0.7289,18.07,0.0,,0.0,False,SAFE,car OUTSIDE VEHICLE LANE,
130,4.335,car,yolo11n,0.7139,67.14,20.235,3.318,0.0,False,SAFE,car OUTSIDE VEHICLE LANE,
130,4.335,car,yolo11n,0.7023,12.36,0.0,,1.0,True,CAUTION,CAUTION - car IN VEHICLE LANE,
130,4.335,truck,yolo11n,0.6629,7.35,0.707,10.398,0.765,True,CAUTION,CAUTION - truck IN VEHICLE LANE,
130,4.335,car,yolo11n,0.6242,22.31,0.0,,0.0,False,SAFE,car OUTSIDE VEHICLE LANE,
132,4.402,truck,yolo11n,0.7589,7.26,0.787,9.223,0.929,True,CAUTION,CAUTION - truck IN VEHICLE LANE,
132,4.402,car,yolo11n,0.731,17.96,0.0,,0.0,False,SAFE,car OUTSIDE VEHICLE LANE,
132,4.402,car,yolo11n,0.7261,66.85,10.9,6.133,0.0,False,SAFE,car OUTSIDE VEHICLE LANE,
132,4.402,car,yolo11n,0.6547,22.38,0.0,,0.0,False,SAFE,car OUTSIDE VEHICLE LANE,
132,4.402,car,yolo11n,0.5786,13.16,0.0,,1.0,True,CAUTION,CAUTION - car IN VEHICLE LANE,
134,4.469,car,yolo11n,0.7413,18.06,0.0,,0.0,False,SAFE,car OUTSIDE VEHICLE LANE,
134,4.469,car,yolo11n,0.6814,69.83,14.289,4.887,0.0,False,SAFE,car OUTSIDE VEHICLE LANE,
134,4.469,truck,yolo11n,0.6559,7.2,0.8,9.004,0.998,True,CAUTION,CAUTION - truck IN VEHICLE LANE,
134,4.469,car,yolo11n,0.644,22.42,0.0,,0.0,False,SAFE,car OUTSIDE VEHICLE LANE,
134,4.469,car,yolo11n,0.5607,39.38,0.0,,0.0,False,SAFE,car OUTSIDE VEHICLE LANE,
134,4.469,car,yolo11n,0.4148,26.63,1.439,18.501,0.0,False,SAFE,car OUTSIDE VEHICLE LANE,
136,4.535,car,yolo11n,0.7787,18.04,0.0,,0.0,False,SAFE,car OUTSIDE VEHICLE LANE,
136,4.535,car,yolo11n,0.6336,22.31,0.0,,0.0,False,SAFE,car OUTSIDE VEHICLE LANE,
136,4.535,car,yolo11n,0.611,68.6,13.434,5.106,0.0,False,SAFE,car OUTSIDE VEHICLE LANE,
136,4.535,car,yolo11n,0.5095,39.38,0.0,,0.0,False,SAFE,car OUTSIDE VEHICLE LANE,
136,4.535,truck,yolo11n,0.4743,10.58,5.793,1.826,1.0,True,WARNING,SLOW DOWN AND INCREASE FOLLOWING DISTANCE,
136,4.535,bus,yolo11n,0.4615,7.15,0.0,,1.0,True,CAUTION,CAUTION - bus IN VEHICLE LANE,
136,4.535,car,yolo11n,0.4531,25.47,2.474,10.295,0.0,False,SAFE,car OUTSIDE VEHICLE LANE,
138,4.602,car,yolo11n,0.8154,18.03,0.0,,0.0,False,SAFE,car OUTSIDE VEHICLE LANE,
138,4.602,truck,yolo11n,0.7129,7.2,0.654,11.005,1.0,True,CAUTION,CAUTION - truck IN VEHICLE LANE,
138,4.602,car,yolo11n,0.701,20.99,2.356,8.909,0.0,False,SAFE,car OUTSIDE VEHICLE LANE,
138,4.602,car,yolo11n,0.6218,38.96,3.149,12.373,0.0,False,SAFE,car OUTSIDE VEHICLE LANE,
138,4.602,car,yolo11n,0.6055,67.8,12.875,5.266,0.0,False,SAFE,car OUTSIDE VEHICLE LANE,
138,4.602,car,yolo11n,0.4801,8.11,10.596,0.765,1.0,True,CRITICAL,BRAKE NOW - car TOO CLOSE,
140,4.669,car,yolo11n,0.7836,18.02,0.0,,0.0,False,SAFE,car OUTSIDE VEHICLE LANE,
140,4.669,car,yolo11n,0.673,68.57,10.815,6.34,0.0,False,SAFE,car OUTSIDE VEHICLE LANE,
140,4.669,car,yolo11n,0.6629,38.3,5.398,7.096,0.0,False,SAFE,car OUTSIDE VEHICLE LANE,
140,4.669,car,yolo11n,0.6589,19.85,5.419,3.663,0.0,False,SAFE,car OUTSIDE VEHICLE LANE,
140,4.669,truck,yolo11n,0.4861,7.22,0.57,12.672,0.988,True,CAUTION,CAUTION - truck IN VEHICLE LANE,
140,4.669,car,yolo11n,0.3273,7.49,9.316,0.804,1.0,True,CRITICAL,BRAKE NOW - car TOO CLOSE,
140,4.669,alligator,best.pt,0.3243,4.63,0.0,,0.639,True,WARNING,SLOW DOWN - alligator AHEAD,/Users/witchjenjen/Documents/GitHub/AIproject/output/incidents/road_video_2.mp4_f140_WARNING_alligator.jpg
142,4.735,car,yolo11n,0.7058,18.87,7.604,2.482,0.0,False,SAFE,car OUTSIDE VEHICLE LANE,
142,4.735,car,yolo11n,0.6975,18.1,0.0,,0.0,False,SAFE,car OUTSIDE VEHICLE LANE,
142,4.735,car,yolo11n,0.6625,69.07,14.74,4.686,0.0,False,SAFE,car OUTSIDE VEHICLE LANE,
142,4.735,car,yolo11n,0.5624,38.25,4.236,9.03,0.0,False,SAFE,car OUTSIDE VEHICLE LANE,
142,4.735,truck,yolo11n,0.4967,7.28,0.345,21.11,0.9,True,CAUTION,CAUTION - truck IN VEHICLE LANE,
142,4.735,car,yolo11n,0.4894,7.06,8.027,0.88,0.99,True,CRITICAL,BRAKE NOW - car TOO CLOSE,
144,4.802,car,yolo11n,0.6938,18.3,8.589,2.131,0.0,False,SAFE,car OUTSIDE VEHICLE LANE,
144,4.802,car,yolo11n,0.6468,18.66,0.0,,0.0,False,SAFE,car OUTSIDE VEHICLE LANE,
144,4.802,car,yolo11n,0.6419,70.84,6.436,11.007,0.0,False,SAFE,car OUTSIDE VEHICLE LANE,
144,4.802,car,yolo11n,0.5776,37.84,4.618,8.194,0.0,False,SAFE,car OUTSIDE VEHICLE LANE,
144,4.802,bus,yolo11n,0.3796,7.29,0.0,,0.973,True,CAUTION,CAUTION - bus IN VEHICLE LANE,
144,4.802,truck,yolo11n,0.3445,9.91,4.918,2.015,1.0,True,WARNING,SLOW DOWN AND INCREASE FOLLOWING DISTANCE,
144,4.802,car,yolo11n,0.3135,52.5,0.0,,1.0,True,SAFE,car AT SAFE DISTANCE,
146,4.869,car,yolo11n,0.7711,17.86,9.682,1.845,0.0,False,SAFE,car OUTSIDE VEHICLE LANE,
146,4.869,truck,yolo11n,0.7054,7.43,0.0,,0.728,True,CAUTION,CAUTION - truck IN VEHICLE LANE,
146,4.869,car,yolo11n,0.6198,73.61,0.0,,0.0,False,SAFE,car OUTSIDE VEHICLE LANE,
146,4.869,car,yolo11n,0.5357,54.17,1.603,33.798,1.0,True,SAFE,car AT SAFE DISTANCE,
146,4.869,car,yolo11n,0.3602,6.81,6.387,1.066,0.803,True,CRITICAL,BRAKE NOW - car TOO CLOSE,
146,4.869,car,yolo11n,0.3602,37.96,3.549,10.697,0.0,False,SAFE,car OUTSIDE VEHICLE LANE,
148,4.935,car,yolo11n,0.7726,17.49,10.56,1.656,0.0,False,SAFE,car OUTSIDE VEHICLE LANE,
148,4.935,truck,yolo11n,0.664,7.58,0.0,,0.584,True,CAUTION,CAUTION - truck IN VEHICLE LANE,
148,4.935,car,yolo11n,0.6282,75.41,0.0,,0.0,False,SAFE,car OUTSIDE VEHICLE LANE,
148,4.935,car,yolo11n,0.6186,56.21,0.53,106.101,1.0,True,SAFE,car AT SAFE DISTANCE,
148,4.935,car,yolo11n,0.3668,37.64,3.727,10.099,0.0,False,SAFE,car OUTSIDE VEHICLE LANE,
150,5.002,car,yolo11n,0.7636,17.67,9.939,1.778,0.0,False,SAFE,car OUTSIDE VEHICLE LANE,
150,5.002,car,yolo11n,0.7571,45.43,5.221,8.701,1.0,True,SAFE,car AT SAFE DISTANCE,
150,5.002,truck,yolo11n,0.6414,7.76,0.0,,0.457,True,CAUTION,CAUTION - truck IN VEHICLE LANE,
150,5.002,car,yolo11n,0.6248,76.58,0.0,,0.0,False,SAFE,car OUTSIDE VEHICLE LANE,
150,5.002,car,yolo11n,0.6189,57.54,0.0,,1.0,True,SAFE,car AT SAFE DISTANCE,
152,5.069,car,yolo11n,0.7237,38.92,7.861,4.951,1.0,True,CAUTION,CAUTION - car IN VEHICLE LANE,
152,5.069,car,yolo11n,0.686,18.27,5.826,3.136,0.0,False,SAFE,car OUTSIDE VEHICLE LANE,
152,5.069,car,yolo11n,0.6369,58.4,0.0,,1.0,True,SAFE,car AT SAFE DISTANCE,
152,5.069,car,yolo11n,0.5755,79.18,0.0,,0.0,False,SAFE,car OUTSIDE VEHICLE LANE,
152,5.069,truck,yolo11n,0.5408,7.95,0.0,,0.343,True,CAUTION,CAUTION - truck IN VEHICLE LANE,
152,5.069,car,yolo11n,0.418,6.72,4.423,1.519,0.49,True,WARNING,SLOW DOWN AND INCREASE FOLLOWING DISTANCE,/Users/witchjenjen/Documents/GitHub/AIproject/output/incidents/road_video_2.mp4_f152_WARNING_car.jpg
152,5.069,car,yolo11n,0.3698,38.7,1.274,30.366,0.0,False,SAFE,car OUTSIDE VEHICLE LANE,
154,5.135,car,yolo11n,0.8374,35.1,9.234,3.801,1.0,True,CAUTION,CAUTION - car IN VEHICLE LANE,
154,5.135,car,yolo11n,0.6813,58.96,0.0,,1.0,True,SAFE,car AT SAFE DISTANCE,
154,5.135,bus,yolo11n,0.5389,9.26,0.0,,0.096,False,SAFE,bus OUTSIDE VEHICLE LANE,
154,5.135,car,yolo11n,0.5351,19.22,1.349,14.243,0.0,False,SAFE,car OUTSIDE VEHICLE LANE,
154,5.135,car,yolo11n,0.5257,82.96,0.0,,0.0,False,SAFE,car OUTSIDE VEHICLE LANE,
154,5.135,car,yolo11n,0.4803,40.36,0.0,,0.0,False,SAFE,car OUTSIDE VEHICLE LANE,
156,5.202,car,yolo11n,0.8168,33.07,9.807,3.372,1.0,True,CAUTION,CAUTION - car IN VEHICLE LANE,
156,5.202,car,yolo11n,0.6356,59.32,0.0,,1.0,True,SAFE,car AT SAFE DISTANCE,
156,5.202,car,yolo11n,0.5046,41.44,0.0,,0.0,False,SAFE,car OUTSIDE VEHICLE LANE,
156,5.202,car,yolo11n,0.4295,85.43,0.0,,0.0,False,SAFE,car OUTSIDE VEHICLE LANE,
156,5.202,bus,yolo11n,0.4073,9.33,0.0,,0.043,False,SAFE,bus OUTSIDE VEHICLE LANE,
158,5.269,car,yolo11n,0.809,31.99,10.457,3.059,1.0,True,CAUTION,CAUTION - car IN VEHICLE LANE,
158,5.269,car,yolo11n,0.6204,59.56,0.0,,1.0,True,SAFE,car AT SAFE DISTANCE,
158,5.269,truck,yolo11n,0.5859,9.92,3.346,2.964,0.474,True,WARNING,SLOW DOWN AND INCREASE FOLLOWING DISTANCE,
158,5.269,car,yolo11n,0.5695,7.68,0.0,,0.0,False,SAFE,car OUTSIDE VEHICLE LANE,
158,5.269,car,yolo11n,0.3902,42.14,0.0,,0.0,False,SAFE,car OUTSIDE VEHICLE LANE,
160,5.336,car,yolo11n,0.7976,31.55,11.376,2.773,1.0,True,WARNING,SLOW DOWN AND INCREASE FOLLOWING DISTANCE,/Users/witchjenjen/Documents/GitHub/AIproject/output/incidents/road_video_2.mp4_f160_WARNING_car.jpg
160,5.336,car,yolo11n,0.6013,59.71,0.0,,1.0,True,SAFE,car AT SAFE DISTANCE,
160,5.336,car,yolo11n,0.5487,7.76,0.0,,0.0,False,SAFE,car OUTSIDE VEHICLE LANE,
160,5.336,truck,yolo11n,0.5344,10.05,3.116,3.225,0.068,False,SAFE,truck OUTSIDE VEHICLE LANE,
160,5.336,car,yolo11n,0.4645,42.6,0.0,,0.0,False,SAFE,car OUTSIDE VEHICLE LANE,
162,5.402,car,yolo11n,0.7563,31.53,17.086,1.845,1.0,True,WARNING,SLOW DOWN AND INCREASE FOLLOWING DISTANCE,
162,5.402,car,yolo11n,0.7524,31.5,0.0,,0.0,False,SAFE,car OUTSIDE VEHICLE LANE,
162,5.402,car,yolo11n,0.7251,17.2,0.0,,0.225,True,SAFE,car AT SAFE DISTANCE,
162,5.402,car,yolo11n,0.5969,60.86,0.0,,1.0,True,SAFE,car AT SAFE DISTANCE,
162,5.402,truck,yolo11n,0.5849,11.51,0.0,,0.0,False,SAFE,truck OUTSIDE VEHICLE LANE,
162,5.402,car,yolo11n,0.4925,7.16,2.219,3.227,0.034,False,SAFE,car OUTSIDE VEHICLE LANE,
162,5.402,alligator,best.pt,0.3238,4.69,0.0,,0.675,True,WARNING,SLOW DOWN - alligator AHEAD,
162,5.402,car,yolo11n,0.3009,43.44,0.0,,0.0,False,SAFE,car OUTSIDE VEHICLE LANE,
164,5.469,car,yolo11n,0.8273,28.79,0.0,,0.0,False,SAFE,car OUTSIDE VEHICLE LANE,
164,5.469,car,yolo11n,0.8179,8.09,0.0,,0.0,False,SAFE,car OUTSIDE VEHICLE LANE,
164,5.469,car,yolo11n,0.7747,19.5,0.0,,0.0,False,SAFE,car OUTSIDE VEHICLE LANE,
164,5.469,car,yolo11n,0.7248,31.52,29.795,1.058,1.0,True,CRITICAL,BRAKE NOW - car TOO CLOSE,/Users/witchjenjen/Documents/GitHub/AIproject/output/incidents/road_video_2.mp4_f164_CRITICAL_car.jpg
164,5.469,car,yolo11n,0.5543,61.61,0.0,,1.0,True,SAFE,car AT SAFE DISTANCE,
164,5.469,car,yolo11n,0.4631,44.57,0.0,,0.0,False,SAFE,car OUTSIDE VEHICLE LANE,
166,5.536,car,yolo11n,0.8414,25.95,41.608,0.624,0.0,False,SAFE,car OUTSIDE VEHICLE LANE,
166,5.536,car,yolo11n,0.7783,21.0,0.0,,0.0,False,SAFE,car OUTSIDE VEHICLE LANE,
166,5.536,car,yolo11n,0.6836,20.0,0.0,,0.0,False,SAFE,car OUTSIDE VEHICLE LANE,
166,5.536,car,yolo11n,0.661,31.24,16.45,1.899,1.0,True,WARNING,SLOW DOWN AND INCREASE FOLLOWING DISTANCE,
166,5.536,car,yolo11n,0.6042,8.34,0.0,,0.0,False,SAFE,car OUTSIDE VEHICLE LANE,
166,5.536,car,yolo11n,0.5622,62.1,0.0,,1.0,True,SAFE,car AT SAFE DISTANCE,
166,5.536,car,yolo11n,0.4332,48.14,0.0,,0.0,False,SAFE,car OUTSIDE VEHICLE LANE,
166,5.536,truck,yolo11n,0.4118,10.67,2.068,5.16,0.0,False,SAFE,truck OUTSIDE VEHICLE LANE,
166,5.536,car,yolo11n,0.3274,52.5,0.0,,1.0,True,SAFE,car AT SAFE DISTANCE,
168,5.602,car,yolo11n,0.9021,18.53,0.0,,0.0,False,SAFE,car OUTSIDE VEHICLE LANE,
168,5.602,car,yolo11n,0.6943,31.62,7.454,4.242,1.0,True,CAUTION,CAUTION - car IN VEHICLE LANE,
168,5.602,car,yolo11n,0.6735,21.81,0.0,,0.0,False,SAFE,car OUTSIDE VEHICLE LANE,
168,5.602,car,yolo11n,0.593,62.41,0.0,,1.0,True,SAFE,car AT SAFE DISTANCE,
168,5.602,truck,yolo11n,0.5761,11.95,0.0,,0.0,False,SAFE,truck OUTSIDE VEHICLE LANE,
168,5.602,car,yolo11n,0.5046,21.32,0.0,,0.0,False,SAFE,car OUTSIDE VEHICLE LANE,
168,5.602,car,yolo11n,0.3652,7.78,0.885,8.788,0.0,False,SAFE,car OUTSIDE VEHICLE LANE,
168,5.602,car,yolo11n,0.325,51.77,0.0,,1.0,True,SAFE,car AT SAFE DISTANCE,
168,5.602,alligator,best.pt,0.3156,4.63,0.0,,0.691,True,WARNING,SLOW DOWN - alligator AHEAD,
170,5.669,car,yolo11n,0.9009,17.92,0.0,,0.0,False,SAFE,car OUTSIDE VEHICLE LANE,
170,5.669,car,yolo11n,0.7682,32.47,1.285,25.265,1.0,True,SAFE,car AT SAFE DISTANCE,
170,5.669,car,yolo11n,0.6559,22.34,0.0,,0.0,False,SAFE,car OUTSIDE VEHICLE LANE,
170,5.669,car,yolo11n,0.6063,62.62,0.0,,1.0,True,SAFE,car AT SAFE DISTANCE,
170,5.669,car,yolo11n,0.5132,8.76,0.0,,0.0,False,SAFE,car OUTSIDE VEHICLE LANE,
170,5.669,truck,yolo11n,0.4701,11.51,0.717,16.051,0.0,False,SAFE,truck OUTSIDE VEHICLE LANE,
170,5.669,car,yolo11n,0.4167,22.51,0.0,,0.0,False,SAFE,car OUTSIDE VEHICLE LANE,
170,5.669,car,yolo11n,0.3357,52.02,3.598,14.456,1.0,True,SAFE,car AT SAFE DISTANCE,
172,5.736,car,yolo11n,0.9089,16.84,12.67,1.329,0.0,False,SAFE,car OUTSIDE VEHICLE LANE,
172,5.736,car,yolo11n,0.7862,33.7,0.0,,1.0,True,SAFE,car AT SAFE DISTANCE,
172,5.736,car,yolo11n,0.6868,22.69,0.0,,0.0,False,SAFE,car OUTSIDE VEHICLE LANE,
172,5.736,car,yolo11n,0.6166,62.75,0.0,,1.0,True,SAFE,car AT SAFE DISTANCE,
172,5.736,truck,yolo11n,0.5048,12.52,0.0,,0.0,False,SAFE,truck OUTSIDE VEHICLE LANE,
172,5.736,car,yolo11n,0.4145,8.45,0.0,,0.0,False,SAFE,car OUTSIDE VEHICLE LANE,
172,5.736,car,yolo11n,0.3804,23.63,0.0,,0.0,False,SAFE,car OUTSIDE VEHICLE LANE,
172,5.736,car,yolo11n,0.3198,52.19,1.549,33.685,1.0,True,SAFE,car AT SAFE DISTANCE,
174,5.802,car,yolo11n,0.9274,21.51,24.965,0.862,0.0,False,SAFE,car OUTSIDE VEHICLE LANE,
174,5.802,car,yolo11n,0.7921,34.88,0.0,,1.0,True,SAFE,car AT SAFE DISTANCE,
174,5.802,car,yolo11n,0.7446,22.77,0.0,,0.0,False,SAFE,car OUTSIDE VEHICLE LANE,
174,5.802,car,yolo11n,0.6463,62.84,0.0,,1.0,True,SAFE,car AT SAFE DISTANCE,
174,5.802,car,yolo11n,0.639,9.31,0.0,,0.0,False,SAFE,car OUTSIDE VEHICLE LANE,
174,5.802,car,yolo11n,0.4764,24.36,0.0,,0.0,False,SAFE,car OUTSIDE VEHICLE LANE,
174,5.802,alligator,best.pt,0.4202,4.87,0.0,,0.716,True,WARNING,SLOW DOWN - alligator AHEAD,
174,5.802,truck,yolo11n,0.3626,12.58,0.0,,0.0,False,SAFE,truck OUTSIDE VEHICLE LANE,
174,5.802,car,yolo11n,0.3506,52.5,0.0,,0.375,True,SAFE,car AT SAFE DISTANCE,
174,5.802,car,yolo11n,0.3285,51.56,3.524,14.633,1.0,True,SAFE,car AT SAFE DISTANCE,
176,5.869,car,yolo11n,0.9364,18.1,28.702,0.631,0.0,False,SAFE,car OUTSIDE VEHICLE LANE,
176,5.869,car,yolo11n,0.7918,36.03,0.0,,1.0,True,SAFE,car AT SAFE DISTANCE,
176,5.869,car,yolo11n,0.7305,22.82,0.0,,0.0,False,SAFE,car OUTSIDE VEHICLE LANE,
176,5.869,car,yolo11n,0.6713,10.03,0.0,,0.0,False,SAFE,car OUTSIDE VEHICLE LANE,
176,5.869,car,yolo11n,0.4662,62.9,0.0,,1.0,True,SAFE,car AT SAFE DISTANCE,
176,5.869,alligator,best.pt,0.4384,4.75,0.0,,0.641,True,WARNING,SLOW DOWN - alligator AHEAD,/Users/witchjenjen/Documents/GitHub/AIproject/output/incidents/road_video_2.mp4_f176_WARNING_alligator.jpg
176,5.869,car,yolo11n,0.3993,25.02,0.0,,0.0,False,SAFE,car OUTSIDE VEHICLE LANE,
176,5.869,truck,yolo11n,0.3718,13.8,0.0,,0.0,False,SAFE,truck OUTSIDE VEHICLE LANE,
176,5.869,car,yolo11n,0.3678,53.3,0.0,,0.348,True,SAFE,car AT SAFE DISTANCE,
178,5.936,car,yolo11n,0.9237,15.44,30.1,0.513,0.0,False,SAFE,car OUTSIDE VEHICLE LANE,
178,5.936,car,yolo11n,0.7809,36.79,0.0,,1.0,True,SAFE,car AT SAFE DISTANCE,
178,5.936,car,yolo11n,0.754,22.57,0.0,,0.0,False,SAFE,car OUTSIDE VEHICLE LANE,
178,5.936,car,yolo11n,0.537,9.9,0.0,,0.0,False,SAFE,car OUTSIDE VEHICLE LANE,
178,5.936,car,yolo11n,0.4796,61.88,0.0,,1.0,True,SAFE,car AT SAFE DISTANCE,
178,5.936,truck,yolo11n,0.4472,14.14,0.0,,0.0,False,SAFE,truck OUTSIDE VEHICLE LANE,
178,5.936,car,yolo11n,0.4222,25.65,0.0,,0.0,False,SAFE,car OUTSIDE VEHICLE LANE,
178,5.936,car,yolo11n,0.4011,53.82,0.0,,0.348,True,SAFE,car AT SAFE DISTANCE,
178,5.936,alligator,best.pt,0.3646,4.82,0.0,,0.655,True,WARNING,SLOW DOWN - alligator AHEAD,
180,6.003,car,yolo11n,0.9321,13.35,30.237,0.442,0.073,False,SAFE,car OUTSIDE VEHICLE LANE,
180,6.003,car,yolo11n,0.7538,37.27,0.0,,1.0,True,SAFE,car AT SAFE DISTANCE,
180,6.003,car,yolo11n,0.7352,22.41,0.0,,0.0,False,SAFE,car OUTSIDE VEHICLE LANE,
180,6.003,car,yolo11n,0.6056,84.0,0.0,,0.0,False,SAFE,car OUTSIDE VEHICLE LANE,
180,6.003,car,yolo11n,0.5604,11.16,0.0,,0.0,False,SAFE,car OUTSIDE VEHICLE LANE,
180,6.003,car,yolo11n,0.4836,26.05,0.0,,0.0,False,SAFE,car OUTSIDE VEHICLE LANE,
180,6.003,car,yolo11n,0.4779,25.2,0.0,,0.0,False,SAFE,car OUTSIDE VEHICLE LANE,
180,6.003,car,yolo11n,0.4217,54.15,0.0,,0.358,True,SAFE,car AT SAFE DISTANCE,
180,6.003,car,yolo11n,0.4196,62.27,0.0,,1.0,True,SAFE,car AT SAFE DISTANCE,
180,6.003,alligator,best.pt,0.3682,4.89,0.0,,0.669,True,WARNING,SLOW DOWN - alligator AHEAD,
182,6.069,car,yolo11n,0.9389,11.68,29.718,0.393,0.3,True,CRITICAL,BRAKE NOW - car TOO CLOSE,/Users/witchjenjen/Documents/GitHub/AIproject/output/incidents/road_video_2.mp4_f182_CRITICAL_car.jpg
182,6.069,car,yolo11n,0.7364,22.3,0.0,,0.0,False,SAFE,car OUTSIDE VEHICLE LANE,
182,6.069,car,yolo11n,0.7188,37.59,0.0,,1.0,True,SAFE,car AT SAFE DISTANCE,
182,6.069,car,yolo11n,0.6396,86.1,0.0,,0.0,False,SAFE,car OUTSIDE VEHICLE LANE,
182,6.069,car,yolo11n,0.5262,25.57,0.0,,0.0,False,SAFE,car OUTSIDE VEHICLE LANE,
182,6.069,car,yolo11n,0.4897,26.52,0.0,,0.0,False,SAFE,car OUTSIDE VEHICLE LANE,
182,6.069,car,yolo11n,0.4504,12.32,0.0,,0.0,False,SAFE,car OUTSIDE VEHICLE LANE,
182,6.069,car,yolo11n,0.4381,61.48,1.992,30.863,1.0,True,SAFE,car AT SAFE DISTANCE,
182,6.069,car,yolo11n,0.4359,53.58,0.0,,0.358,True,SAFE,car AT SAFE DISTANCE,
182,6.069,truck,yolo11n,0.4271,16.18,0.0,,0.0,False,SAFE,truck OUTSIDE VEHICLE LANE,
182,6.069,alligator,best.pt,0.3694,4.89,0.0,,0.678,True,WARNING,SLOW DOWN - alligator AHEAD,
184,6.136,car,yolo11n,0.941,10.33,27.678,0.373,0.538,True,CRITICAL,BRAKE NOW - car TOO CLOSE,
184,6.136,car,yolo11n,0.7453,22.1,0.514,42.99,0.0,False,SAFE,car OUTSIDE VEHICLE LANE,
184,6.136,car,yolo11n,0.7094,37.8,0.0,,1.0,True,SAFE,car AT SAFE DISTANCE,
184,6.136,car,yolo11n,0.6619,85.36,0.0,,0.0,False,SAFE,car OUTSIDE VEHICLE LANE,
184,6.136,car,yolo11n,0.6541,13.59,0.0,,0.0,False,SAFE,car OUTSIDE VEHICLE LANE,
184,6.136,car,yolo11n,0.5264,26.62,0.0,,0.0,False,SAFE,car OUTSIDE VEHICLE LANE,
184,6.136,car,yolo11n,0.4808,26.21,0.0,,0.0,False,SAFE,car OUTSIDE VEHICLE LANE,
184,6.136,car,yolo11n,0.4417,60.96,3.556,17.145,1.0,True,SAFE,car AT SAFE DISTANCE,
184,6.136,car,yolo11n,0.4232,53.2,0.0,,0.382,True,SAFE,car AT SAFE DISTANCE,
184,6.136,alligator,best.pt,0.3964,4.93,0.0,,0.693,True,WARNING,SLOW DOWN - alligator AHEAD,
186,6.203,car,yolo11n,0.9469,9.28,24.995,0.371,0.745,True,CRITICAL,BRAKE NOW - car TOO CLOSE,
186,6.203,car,yolo11n,0.7075,37.93,0.0,,1.0,True,SAFE,car AT SAFE DISTANCE,
186,6.203,car,yolo11n,0.6926,21.84,1.821,11.996,0.0,False,SAFE,car OUTSIDE VEHICLE LANE,
186,6.203,car,yolo11n,0.6802,84.89,0.0,,0.0,False,SAFE,car OUTSIDE VEHICLE LANE,
186,6.203,car,yolo11n,0.576,26.49,0.0,,0.0,False,SAFE,car OUTSIDE VEHICLE LANE,
186,6.203,car,yolo11n,0.4644,26.83,0.0,,0.0,False,SAFE,car OUTSIDE VEHICLE LANE,
186,6.203,car,yolo11n,0.459,60.62,4.562,13.287,1.0,True,SAFE,car AT SAFE DISTANCE,
186,6.203,car,yolo11n,0.4576,14.96,0.0,,0.0,False,SAFE,car OUTSIDE VEHICLE LANE,
186,6.203,alligator,best.pt,0.4379,4.96,0.0,,0.708,True,WARNING,SLOW DOWN - alligator AHEAD,
186,6.203,car,yolo11n,0.4361,53.75,0.0,,0.4,True,SAFE,car AT SAFE DISTANCE,
186,6.203,truck,yolo11n,0.399,18.79,0.0,,0.0,False,SAFE,truck OUTSIDE VEHICLE LANE,
188,6.269,car,yolo11n,0.9464,8.45,27.974,0.302,0.927,True,CRITICAL,BRAKE NOW - car TOO CLOSE,
188,6.269,car,yolo11n,0.7029,21.8,2.078,10.492,0.0,False,SAFE,car OUTSIDE VEHICLE LANE,
188,6.269,car,yolo11n,0.6855,38.44,0.0,,1.0,True,SAFE,car AT SAFE DISTANCE,
188,6.269,car,yolo11n,0.6326,82.74,0.0,,0.0,False,SAFE,car OUTSIDE VEHICLE LANE,
188,6.269,car,yolo11n,0.5947,26.04,0.0,,0.0,False,SAFE,car OUTSIDE VEHICLE LANE,
188,6.269,car,yolo11n,0.5535,27.24,0.0,,0.0,False,SAFE,car OUTSIDE VEHICLE LANE,
188,6.269,car,yolo11n,0.4878,16.51,0.0,,0.0,False,SAFE,car OUTSIDE VEHICLE LANE,
188,6.269,car,yolo11n,0.4658,58.58,9.125,6.42,1.0,True,SAFE,car AT SAFE DISTANCE,
188,6.269,car,yolo11n,0.4307,54.11,0.0,,0.417,True,SAFE,car AT SAFE DISTANCE,
188,6.269,alligator,best.pt,0.4209,4.97,0.0,,0.711,True,WARNING,SLOW DOWN - alligator AHEAD,
190,6.336,car,yolo11n,0.9398,7.78,22.105,0.352,0.999,True,CRITICAL,BRAKE NOW - car TOO CLOSE,
190,6.336,car,yolo11n,0.7337,38.77,0.0,,1.0,True,SAFE,car AT SAFE DISTANCE,
190,6.336,car,yolo11n,0.7117,21.77,2.249,9.68,0.0,False,SAFE,car OUTSIDE VEHICLE LANE,
190,6.336,car,yolo11n,0.6478,81.34,0.0,,0.0,False,SAFE,car OUTSIDE VEHICLE LANE,
190,6.336,car,yolo11n,0.6189,18.21,0.0,,0.0,False,SAFE,car OUTSIDE VEHICLE LANE,
190,6.336,car,yolo11n,0.6104,25.75,0.0,,0.0,False,SAFE,car OUTSIDE VEHICLE LANE,
190,6.336,car,yolo11n,0.5134,27.09,0.0,,0.0,False,SAFE,car OUTSIDE VEHICLE LANE,
190,6.336,car,yolo11n,0.5054,57.25,12.102,4.731,1.0,True,CAUTION,CAUTION - car IN VEHICLE LANE,
190,6.336,truck,yolo11n,0.4865,22.1,0.0,,0.0,False,SAFE,truck OUTSIDE VEHICLE LANE,
190,6.336,alligator,best.pt,0.4192,5.0,0.0,,0.717,True,WARNING,SLOW DOWN - alligator AHEAD,
190,6.336,car,yolo11n,0.3992,54.35,0.0,,0.461,True,SAFE,car AT SAFE DISTANCE,
192,6.403,car,yolo11n,0.9315,7.22,17.607,0.41,1.0,True,CRITICAL,BRAKE NOW - car TOO CLOSE,
192,6.403,car,yolo11n,0.7637,39.43,0.0,,1.0,True,SAFE,car AT SAFE DISTANCE,
192,6.403,car,yolo11n,0.7082,21.75,1.756,12.383,0.0,False,SAFE,car OUTSIDE VEHICLE LANE,
192,6.403,car,yolo11n,0.6653,80.44,0.0,,0.0,False,SAFE,car OUTSIDE VEHICLE LANE,
192,6.403,car,yolo11n,0.5993,25.55,0.214,119.283,0.0,False,SAFE,car OUTSIDE VEHICLE LANE,
192,6.403,car,yolo11n,0.4956,26.8,0.0,,0.0,False,SAFE,car OUTSIDE VEHICLE LANE,
192,6.403,car,yolo11n,0.4791,20.31,0.0,,0.0,False,SAFE,car OUTSIDE VEHICLE LANE,
192,6.403,alligator,best.pt,0.4194,5.02,0.0,,0.723,True,WARNING,SLOW DOWN - alligator AHEAD,
192,6.403,car,yolo11n,0.3974,55.37,0.0,,0.486,True,SAFE,car AT SAFE DISTANCE,
194,6.469,car,yolo11n,0.9289,6.77,14.094,0.48,1.0,True,CRITICAL,BRAKE NOW - car TOO CLOSE,
194,6.469,car,yolo11n,0.7461,21.74,1.435,15.149,0.0,False,SAFE,car OUTSIDE VEHICLE LANE,
194,6.469,car,yolo11n,0.6969,40.33,0.0,,1.0,True,SAFE,car AT SAFE DISTANCE,
194,6.469,car,yolo11n,0.6323,79.85,8.889,8.983,0.0,False,SAFE,car OUTSIDE VEHICLE LANE,
194,6.469,car,yolo11n,0.6089,25.26,1.692,14.928,0.0,False,SAFE,car OUTSIDE VEHICLE LANE,
194,6.469,car,yolo11n,0.4943,22.59,0.0,,0.0,False,SAFE,car OUTSIDE VEHICLE LANE,
194,6.469,car,yolo11n,0.3692,26.8,0.0,,0.0,False,SAFE,car OUTSIDE VEHICLE LANE,
194,6.469,car,yolo11n,0.3155,56.03,0.0,,0.482,True,SAFE,car AT SAFE DISTANCE,
196,6.536,car,yolo11n,0.9336,6.44,11.224,0.574,1.0,True,CRITICAL,BRAKE NOW - car TOO CLOSE,
196,6.536,car,yolo11n,0.7221,21.87,0.921,23.745,0.0,False,SAFE,car OUTSIDE VEHICLE LANE,
196,6.536,car,yolo11n,0.6825,24.9,3.47,7.176,0.0,False,SAFE,car OUTSIDE VEHICLE LANE,
196,6.536,car,yolo11n,0.6422,79.46,14.223,5.587,0.0,False,SAFE,car OUTSIDE VEHICLE LANE,
196,6.536,car,yolo11n,0.4306,26.07,0.0,,0.0,False,SAFE,car OUTSIDE VEHICLE LANE,
196,6.536,car,yolo11n,0.3258,56.47,0.0,,0.504,True,SAFE,car AT SAFE DISTANCE,
198,6.603,car,yolo11n,0.9158,6.18,8.889,0.695,1.0,True,CRITICAL,BRAKE NOW - car TOO CLOSE,
198,6.603,car,yolo11n,0.6775,24.35,4.862,5.008,0.0,False,SAFE,car OUTSIDE VEHICLE LANE,
198,6.603,car,yolo11n,0.6552,21.95,0.321,68.318,0.0,False,SAFE,car OUTSIDE VEHICLE LANE,
198,6.603,car,yolo11n,0.6502,81.05,9.232,8.779,0.0,False,SAFE,car OUTSIDE VEHICLE LANE,
198,6.603,car,yolo11n,0.6033,37.06,0.0,,0.0,False,SAFE,car OUTSIDE VEHICLE LANE,
198,6.603,car,yolo11n,0.5847,63.0,0.0,,0.0,False,SAFE,car OUTSIDE VEHICLE LANE,
198,6.603,car,yolo11n,0.5122,24.96,2.677,9.322,0.0,False,SAFE,car OUTSIDE VEHICLE LANE,
200,6.669,car,yolo11n,0.9048,6.04,6.94,0.87,1.0,True,CRITICAL,BRAKE NOW - car TOO CLOSE,
200,6.669,car,yolo11n,0.6757,23.85,5.655,4.218,0.0,False,SAFE,car OUTSIDE VEHICLE LANE,
200,6.669,car,yolo11n,0.631,35.7,0.0,,0.0,False,SAFE,car OUTSIDE VEHICLE LANE,
200,6.669,car,yolo11n,0.6191,82.08,6.019,13.637,0.0,False,SAFE,car OUTSIDE VEHICLE LANE,
200,6.669,car,yolo11n,0.5838,22.15,0.0,,0.0,False,SAFE,car OUTSIDE VEHICLE LANE,
200,6.669,car,yolo11n,0.5296,24.1,5.848,4.121,0.0,False,SAFE,car OUTSIDE VEHICLE LANE,
202,6.736,car,yolo11n,0.9051,6.0,5.248,1.143,0.985,True,CRITICAL,BRAKE NOW - car TOO CLOSE,
202,6.736,car,yolo11n,0.714,23.52,5.398,4.357,0.0,False,SAFE,car OUTSIDE VEHICLE LANE,
202,6.736,car,yolo11n,0.63,22.41,0.0,,0.0,False,SAFE,car OUTSIDE VEHICLE LANE,
202,6.736,car,yolo11n,0.6215,56.38,6.872,8.204,1.0,True,SAFE,car AT SAFE DISTANCE,
202,6.736,car,yolo11n,0.6032,34.23,21.216,1.613,0.0,False,SAFE,car OUTSIDE VEHICLE LANE,
202,6.736,car,yolo11n,0.5915,82.75,0.0,,0.0,False,SAFE,car OUTSIDE VEHICLE LANE,
202,6.736,car,yolo11n,0.5458,23.4,8.225,2.845,0.0,False,SAFE,car OUTSIDE VEHICLE LANE,
204,6.803,car,yolo11n,0.8638,6.03,3.748,1.609,0.885,True,WARNING,SLOW DOWN AND INCREASE FOLLOWING DISTANCE,/Users/witchjenjen/Documents/GitHub/AIproject/output/incidents/road_video_2.mp4_f204_WARNING_car.jpg
204,6.803,car,yolo11n,0.7859,33.0,20.291,1.626,0.0,False,SAFE,car OUTSIDE VEHICLE LANE,
204,6.803,car,yolo11n,0.6791,56.69,6.972,8.131,1.0,True,SAFE,car AT SAFE DISTANCE,
204,6.803,car,yolo11n,0.6312,23.45,4.927,4.76,0.0,False,SAFE,car OUTSIDE VEHICLE LANE,
204,6.803,car,yolo11n,0.6174,83.19,0.0,,0.0,False,SAFE,car OUTSIDE VEHICLE LANE,
204,6.803,car,yolo11n,0.5659,22.81,9.168,2.488,0.0,False,SAFE,car OUTSIDE VEHICLE LANE,
204,6.803,alligator,best.pt,0.3103,5.08,0.0,,0.687,True,WARNING,SLOW DOWN - alligator AHEAD,
206,6.87,car,yolo11n,0.9082,6.09,2.42,2.516,0.735,True,WARNING,SLOW DOWN AND INCREASE FOLLOWING DISTANCE,
206,6.87,car,yolo11n,0.7942,31.95,19.154,1.668,0.0,False,SAFE,car OUTSIDE VEHICLE LANE,
206,6.87,car,yolo11n,0.673,42.55,0.0,,1.0,True,SAFE,car AT SAFE DISTANCE,
206,6.87,car,yolo11n,0.6485,55.23,7.809,7.072,1.0,True,SAFE,car AT SAFE DISTANCE,
206,6.87,car,yolo11n,0.6091,81.64,0.0,,0.0,False,SAFE,car OUTSIDE VEHICLE LANE,
206,6.87,car,yolo11n,0.5926,24.06,3.192,7.539,0.0,False,SAFE,car OUTSIDE VEHICLE LANE,
206,6.87,car,yolo11n,0.4959,22.31,9.617,2.32,0.0,False,SAFE,car OUTSIDE VEHICLE LANE,
206,6.87,alligator,best.pt,0.3053,5.1,0.0,,0.665,True,WARNING,SLOW DOWN - alligator AHEAD,
208,6.936,car,yolo11n,0.9021,6.25,1.114,5.611,0.588,True,WARNING,SLOW DOWN AND INCREASE FOLLOWING DISTANCE,
208,6.936,car,yolo11n,0.7271,31.02,18.112,1.713,0.0,False,SAFE,car OUTSIDE VEHICLE LANE,
208,6.936,car,yolo11n,0.6833,43.99,0.0,,1.0,True,SAFE,car AT SAFE DISTANCE,
208,6.936,car,yolo11n,0.6392,53.54,9.271,5.775,1.0,True,SAFE,car AT SAFE DISTANCE,
208,6.936,car,yolo11n,0.5924,80.63,0.0,,0.0,False,SAFE,car OUTSIDE VEHICLE LANE,
208,6.936,car,yolo11n,0.542,21.97,10.346,2.124,0.0,False,SAFE,car OUTSIDE VEHICLE LANE,
208,6.936,car,yolo11n,0.3732,23.96,2.785,8.605,0.0,False,SAFE,car OUTSIDE VEHICLE LANE,
208,6.936,car,yolo11n,0.3646,57.7,0.0,,0.552,True,SAFE,car AT SAFE DISTANCE,
208,6.936,alligator,best.pt,0.3289,5.08,0.0,,0.65,True,WARNING,SLOW DOWN - alligator AHEAD,
210,7.003,car,yolo11n,0.8791,6.42,0.0,,0.446,True,WARNING,SLOW DOWN AND INCREASE FOLLOWING DISTANCE,
210,7.003,car,yolo11n,0.6839,30.19,17.168,1.759,0.0,False,SAFE,car OUTSIDE VEHICLE LANE,
210,7.003,car,yolo11n,0.6725,45.55,0.0,,1.0,True,SAFE,car AT SAFE DISTANCE,
210,7.003,car,yolo11n,0.6073,21.28,10.26,2.074,0.0,False,SAFE,car OUTSIDE VEHICLE LANE,
210,7.003,car,yolo11n,0.6032,53.17,9.309,5.712,1.0,True,SAFE,car AT SAFE DISTANCE,
210,7.003,car,yolo11n,0.571,81.81,0.0,,0.0,False,SAFE,car OUTSIDE VEHICLE LANE,
210,7.003,car,yolo11n,0.4791,58.51,0.0,,0.657,True,SAFE,car AT SAFE DISTANCE,
212,7.07,car,yolo11n,0.9182,6.62,0.0,,0.301,True,WARNING,SLOW DOWN AND INCREASE FOLLOWING DISTANCE,
212,7.07,car,yolo11n,0.6899,29.42,16.365,1.798,0.0,False,SAFE,car OUTSIDE VEHICLE LANE,
212,7.07,car,yolo11n,0.6751,47.25,0.0,,1.0,True,SAFE,car AT SAFE DISTANCE,
212,7.07,car,yolo11n,0.6443,20.62,9.296,2.218,0.0,False,SAFE,car OUTSIDE VEHICLE LANE,
212,7.07,car,yolo11n,0.6038,52.94,7.047,7.512,1.0,True,SAFE,car AT SAFE DISTANCE,
212,7.07,car,yolo11n,0.572,82.57,0.0,,0.0,False,SAFE,car OUTSIDE VEHICLE LANE,
212,7.07,car,yolo11n,0.569,22.04,0.0,,0.0,False,SAFE,car OUTSIDE VEHICLE LANE,
212,7.07,car,yolo11n,0.4999,58.07,0.0,,0.705,True,SAFE,car AT SAFE DISTANCE,
214,7.136,car,yolo11n,0.8715,6.87,0.0,,0.155,False,SAFE,car OUTSIDE VEHICLE LANE,
214,7.136,car,yolo11n,0.7321,28.93,14.501,1.995,0.0,False,SAFE,car OUTSIDE VEHICLE LANE,
214,7.136,car,yolo11n,0.6898,48.35,0.0,,1.0,True,SAFE,car AT SAFE DISTANCE,
214,7.136,car,yolo11n,0.6861,21.93,0.0,,0.0,False,SAFE,car OUTSIDE VEHICLE LANE,
214,7.136,car,yolo11n,0.6046,52.05,6.497,8.011,1.0,True,SAFE,car AT SAFE DISTANCE,
214,7.136,car,yolo11n,0.558,83.07,0.0,,0.0,False,SAFE,car OUTSIDE VEHICLE LANE,
214,7.136,car,yolo11n,0.5571,56.92,0.0,,0.718,True,SAFE,car AT SAFE DISTANCE,
214,7.136,car,yolo11n,0.4677,20.63,7.433,2.776,0.0,False,SAFE,car OUTSIDE VEHICLE LANE,
216,7.203,car,yolo11n,0.82,7.15,0.0,,0.031,False,SAFE,car OUTSIDE VEHICLE LANE,
216,7.203,car,yolo11n,0.7643,21.73,0.0,,0.0,False,SAFE,car OUTSIDE VEHICLE LANE,
216,7.203,car,yolo11n,0.7619,28.6,12.059,2.372,0.0,False,SAFE,car OUTSIDE VEHICLE LANE,
216,7.203,car,yolo11n,0.6382,49.07,0.0,,1.0,True,SAFE,car AT SAFE DISTANCE,
216,7.203,car,yolo11n,0.5968,57.04,0.0,,0.783,True,SAFE,car AT SAFE DISTANCE,
216,7.203,car,yolo11n,0.5675,85.5,0.0,,0.0,False,SAFE,car OUTSIDE VEHICLE LANE,
216,7.203,car,yolo11n,0.5378,52.21,8.932,5.845,1.0,True,SAFE,car AT SAFE DISTANCE,
216,7.203,car,yolo11n,0.4154,21.29,4.52,4.711,0.0,False,SAFE,car OUTSIDE VEHICLE LANE,
216,7.203,alligator,best.pt,0.3449,5.05,0.0,,0.617,True,WARNING,SLOW DOWN - alligator AHEAD,
218,7.27,car,yolo11n,0.8632,7.46,0.0,,0.0,False,SAFE,car OUTSIDE VEHICLE LANE,
218,7.27,car,yolo11n,0.7565,21.6,0.368,58.691,0.0,False,SAFE,car OUTSIDE VEHICLE LANE,
218,7.27,car,yolo11n,0.7552,28.18,10.324,2.729,0.0,False,SAFE,car OUTSIDE VEHICLE LANE,
218,7.27,car,yolo11n,0.6502,48.86,0.0,,1.0,True,SAFE,car AT SAFE DISTANCE,
218,7.27,car,yolo11n,0.6282,56.25,0.0,,0.818,True,SAFE,car AT SAFE DISTANCE,
218,7.27,car,yolo11n,0.5776,87.07,0.0,,0.0,False,SAFE,car OUTSIDE VEHICLE LANE,
218,7.27,car,yolo11n,0.5643,52.31,9.382,5.576,1.0,True,SAFE,car AT SAFE DISTANCE,
218,7.27,alligator,best.pt,0.3929,4.95,0.0,,0.604,True,WARNING,SLOW DOWN - alligator AHEAD,
220,7.336,car,yolo11n,0.8801,7.85,0.0,,0.0,False,SAFE,car OUTSIDE VEHICLE LANE,
220,7.336,car,yolo11n,0.7895,21.52,0.586,36.716,0.0,False,SAFE,car OUTSIDE VEHICLE LANE,
220,7.336,car,yolo11n,0.7123,27.9,8.675,3.216,0.0,False,SAFE,car OUTSIDE VEHICLE LANE,
220,7.336,car,yolo11n,0.65,49.4,0.0,,1.0,True,SAFE,car AT SAFE DISTANCE,
220,7.336,car,yolo11n,0.6228,53.17,4.412,12.05,1.0,True,SAFE,car AT SAFE DISTANCE,
220,7.336,car,yolo11n,0.6227,56.61,0.0,,0.826,True,SAFE,car AT SAFE DISTANCE,
220,7.336,car,yolo11n,0.5763,88.1,0.0,,0.0,False,SAFE,car OUTSIDE VEHICLE LANE,
220,7.336,car,yolo11n,0.5475,20.32,0.0,,0.0,False,SAFE,car OUTSIDE VEHICLE LANE,
220,7.336,alligator,best.pt,0.3761,4.8,0.2,24.01,0.596,True,WARNING,SLOW DOWN - alligator AHEAD,
222,7.403,car,yolo11n,0.8593,8.23,0.0,,0.0,False,SAFE,car OUTSIDE VEHICLE LANE,
222,7.403,car,yolo11n,0.8215,21.59,0.763,28.284,0.0,False,SAFE,car OUTSIDE VEHICLE LANE,
222,7.403,car,yolo11n,0.7222,20.44,0.0,,0.0,False,SAFE,car OUTSIDE VEHICLE LANE,
222,7.403,car,yolo11n,0.718,27.52,7.497,3.671,0.0,False,SAFE,car OUTSIDE VEHICLE LANE,
222,7.403,car,yolo11n,0.6378,50.48,0.0,,1.0,True,SAFE,car AT SAFE DISTANCE,
222,7.403,car,yolo11n,0.6245,55.97,3.706,15.104,0.864,True,SAFE,car AT SAFE DISTANCE,
222,7.403,car,yolo11n,0.5493,88.76,0.0,,0.0,False,SAFE,car OUTSIDE VEHICLE LANE,
222,7.403,car,yolo11n,0.5217,53.74,0.0,,1.0,True,SAFE,car AT SAFE DISTANCE,
224,7.47,car,yolo11n,0.86,8.66,0.0,,0.0,False,SAFE,car OUTSIDE VEHICLE LANE,
224,7.47,car,yolo11n,0.829,21.63,1.063,20.344,0.0,False,SAFE,car OUTSIDE VEHICLE LANE,
224,7.47,car,yolo11n,0.7032,20.52,0.0,,0.0,False,SAFE,car OUTSIDE VEHICLE LANE,
224,7.47,car,yolo11n,0.6876,27.27,6.255,4.36,0.0,False,SAFE,car OUTSIDE VEHICLE LANE,
224,7.47,car,yolo11n,0.6697,51.19,0.0,,1.0,True,SAFE,car AT SAFE DISTANCE,
224,7.47,car,yolo11n,0.63,56.42,4.477,12.603,0.87,True,SAFE,car AT SAFE DISTANCE,
224,7.47,car,yolo11n,0.5905,89.2,0.0,,0.0,False,SAFE,car OUTSIDE VEHICLE LANE,
224,7.47,car,yolo11n,0.5535,54.1,0.0,,1.0,True,SAFE,car AT SAFE DISTANCE,
226,7.536,car,yolo11n,0.8941,9.13,0.0,,0.0,False,SAFE,car OUTSIDE VEHICLE LANE,
226,7.536,car,yolo11n,0.7923,21.66,0.814,26.611,0.0,False,SAFE,car OUTSIDE VEHICLE LANE,
226,7.536,car,yolo11n,0.7642,20.57,0.0,,0.0,False,SAFE,car OUTSIDE VEHICLE LANE,
226,7.536,car,yolo11n,0.6595,27.31,4.52,6.043,0.0,False,SAFE,car OUTSIDE VEHICLE LANE,
226,7.536,car,yolo11n,0.654,52.45,0.0,,1.0,True,SAFE,car AT SAFE DISTANCE,
226,7.536,car,yolo11n,0.5551,56.72,2.892,19.615,0.909,True,SAFE,car AT SAFE DISTANCE,
226,7.536,car,yolo11n,0.5343,91.9,0.0,,0.0,False,SAFE,car OUTSIDE VEHICLE LANE,
226,7.536,car,yolo11n,0.5281,54.34,0.0,,1.0,True,SAFE,car AT SAFE DISTANCE,
226,7.536,car,yolo11n,0.4449,18.81,0.0,,0.0,False,SAFE,car OUTSIDE VEHICLE LANE,
228,7.603,car,yolo11n,0.878,9.64,0.0,,0.0,False,SAFE,car OUTSIDE VEHICLE LANE,
228,7.603,car,yolo11n,0.7756,21.68,0.535,40.486,0.002,False,SAFE,car OUTSIDE VEHICLE LANE,
228,7.603,car,yolo11n,0.7545,20.48,0.0,,0.0,False,SAFE,car OUTSIDE VEHICLE LANE,
228,7.603,car,yolo11n,0.6693,53.26,0.0,,1.0,True,SAFE,car AT SAFE DISTANCE,
228,7.603,car,yolo11n,0.6352,27.34,3.406,8.028,0.0,False,SAFE,car OUTSIDE VEHICLE LANE,
228,7.603,car,yolo11n,0.551,56.91,0.0,,0.909,True,SAFE,car AT SAFE DISTANCE,
228,7.603,car,yolo11n,0.4986,54.49,0.0,,1.0,True,SAFE,car AT SAFE DISTANCE,
228,7.603,car,yolo11n,0.4032,96.48,0.0,,0.0,False,SAFE,car OUTSIDE VEHICLE LANE,
228,7.603,car,yolo11n,0.3519,18.81,0.0,,0.0,False,SAFE,car OUTSIDE VEHICLE LANE,
228,7.603,alligator,best.pt,0.3117,4.67,0.292,16.018,0.585,True,WARNING,SLOW DOWN - alligator AHEAD,
230,7.67,car,yolo11n,0.8906,10.2,0.0,,0.0,False,SAFE,car OUTSIDE VEHICLE LANE,
230,7.67,car,yolo11n,0.7854,20.42,0.0,,0.0,False,SAFE,car OUTSIDE VEHICLE LANE,
230,7.67,car,yolo11n,0.7674,21.7,0.0,,0.029,False,SAFE,car OUTSIDE VEHICLE LANE,
230,7.67,car,yolo11n,0.6498,54.67,0.0,,1.0,True,SAFE,car AT SAFE DISTANCE,
230,7.67,car,yolo11n,0.6135,27.57,2.206,12.497,0.0,False,SAFE,car OUTSIDE VEHICLE LANE,
230,7.67,car,yolo11n,0.4813,57.04,0.0,,0.913,True,SAFE,car AT SAFE DISTANCE,
230,7.67,car,yolo11n,0.4776,18.81,0.0,,0.0,False,SAFE,car OUTSIDE VEHICLE LANE,
230,7.67,car,yolo11n,0.4432,54.59,0.0,,1.0,True,SAFE,car AT SAFE DISTANCE,
230,7.67,alligator,best.pt,0.3391,4.56,0.6,7.603,0.579,True,WARNING,SLOW DOWN - alligator AHEAD,
232,7.737,car,yolo11n,0.862,10.79,0.0,,0.0,False,SAFE,car OUTSIDE VEHICLE LANE,
232,7.737,car,yolo11n,0.7613,21.58,0.0,,0.062,False,SAFE,car OUTSIDE VEHICLE LANE,
232,7.737,car,yolo11n,0.7477,20.17,0.375,53.809,0.0,False,SAFE,car OUTSIDE VEHICLE LANE,
232,7.737,car,yolo11n,0.6104,56.53,0.0,,1.0,True,SAFE,car AT SAFE DISTANCE,
232,7.737,car,yolo11n,0.4342,57.12,0.0,,0.945,True,SAFE,car AT SAFE DISTANCE,
232,7.737,car,yolo11n,0.4105,54.66,0.0,,1.0,True,SAFE,car AT SAFE DISTANCE,
232,7.737,alligator,best.pt,0.3524,4.43,0.773,5.733,0.568,True,WARNING,SLOW DOWN - alligator AHEAD,
232,7.737,car,yolo11n,0.3315,27.51,1.435,19.169,0.0,False,SAFE,car OUTSIDE VEHICLE LANE,
232,7.737,car,yolo11n,0.3183,19.01,0.0,,0.0,False,SAFE,car OUTSIDE VEHICLE LANE,
234,7.803,car,yolo11n,0.8388,11.34,0.0,,0.0,False,SAFE,car OUTSIDE VEHICLE LANE,
234,7.803,car,yolo11n,0.7942,19.89,0.921,21.595,0.0,False,SAFE,car OUTSIDE VEHICLE LANE,
234,7.803,car,yolo11n,0.7694,21.9,0.0,,0.096,False,SAFE,car OUTSIDE VEHICLE LANE,
234,7.803,car,yolo11n,0.5502,58.8,0.0,,1.0,True,SAFE,car AT SAFE DISTANCE,
234,7.803,car,yolo11n,0.4433,54.7,0.0,,1.0,True,SAFE,car AT SAFE DISTANCE,
234,7.803,car,yolo11n,0.4426,57.17,0.0,,0.945,True,SAFE,car AT SAFE DISTANCE,
234,7.803,car,yolo11n,0.3856,96.64,0.0,,0.0,False,SAFE,car OUTSIDE VEHICLE LANE,
236,7.87,car,yolo11n,0.8503,12.99,2.443,5.317,0.0,False,SAFE,car OUTSIDE VEHICLE LANE,
236,7.87,car,yolo11n,0.7534,22.4,0.0,,0.119,False,SAFE,car OUTSIDE VEHICLE LANE,
236,7.87,car,yolo11n,0.7211,19.82,1.328,14.925,0.0,False,SAFE,car OUTSIDE VEHICLE LANE,
236,7.87,car,yolo11n,0.5083,59.22,0.0,,1.0,True,SAFE,car AT SAFE DISTANCE,
236,7.87,car,yolo11n,0.4701,56.33,0.0,,0.948,True,SAFE,car AT SAFE DISTANCE,
236,7.87,car,yolo11n,0.4415,19.09,0.0,,0.0,False,SAFE,car OUTSIDE VEHICLE LANE,
236,7.87,car,yolo11n,0.4313,56.56,0.0,,1.0,True,SAFE,car AT SAFE DISTANCE,
238,7.937,car,yolo11n,0.8625,13.34,2.223,6.0,0.0,False,SAFE,car OUTSIDE VEHICLE LANE,
238,7.937,car,yolo11n,0.7749,22.73,0.0,,0.174,False,SAFE,car OUTSIDE VEHICLE LANE,
238,7.937,car,yolo11n,0.6875,20.0,1.114,17.956,0.0,False,SAFE,car OUTSIDE VEHICLE LANE,
238,7.937,car,yolo11n,0.5399,18.89,0.0,,0.0,False,SAFE,car OUTSIDE VEHICLE LANE,
238,7.937,car,yolo11n,0.4827,58.54,0.0,,1.0,True,SAFE,car AT SAFE DISTANCE,
238,7.937,car,yolo11n,0.4176,57.76,0.0,,1.0,True,SAFE,car AT SAFE DISTANCE,
238,7.937,car,yolo11n,0.4155,54.99,3.063,17.953,0.948,True,SAFE,car AT SAFE DISTANCE,
240,8.003,car,yolo11n,0.8764,13.92,1.92,7.25,0.0,False,SAFE,car OUTSIDE VEHICLE LANE,
240,8.003,car,yolo11n,0.8085,20.11,0.985,20.41,0.0,False,SAFE,car OUTSIDE VEHICLE LANE,
240,8.003,car,yolo11n,0.7646,22.94,0.0,,0.228,True,SAFE,car AT SAFE DISTANCE,
240,8.003,car,yolo11n,0.5433,18.67,3.149,5.929,0.0,False,SAFE,car OUTSIDE VEHICLE LANE,
240,8.003,car,yolo11n,0.4181,51.5,11.181,4.606,0.936,True,CAUTION,CAUTION - car IN VEHICLE LANE,
240,8.003,car,yolo11n,0.4098,58.54,0.0,,1.0,True,SAFE,car AT SAFE DISTANCE,
240,8.003,car,yolo11n,0.3772,58.09,0.0,,1.0,True,SAFE,car AT SAFE DISTANCE,
242,8.07,car,yolo11n,0.851,14.78,1.52,9.726,0.0,False,SAFE,car OUTSIDE VEHICLE LANE,
242,8.07,car,yolo11n,0.685,20.07,0.878,22.853,0.0,False,SAFE,car OUTSIDE VEHICLE LANE,
242,8.07,car,yolo11n,0.6689,22.93,0.0,,0.283,True,SAFE,car AT SAFE DISTANCE,
242,8.07,car,yolo11n,0.5452,18.35,3.698,4.962,0.0,False,SAFE,car OUTSIDE VEHICLE LANE,
242,8.07,car,yolo11n,0.3963,57.8,0.0,,1.0,True,SAFE,car AT SAFE DISTANCE,
242,8.07,car,yolo11n,0.3934,59.05,0.0,,1.0,True,SAFE,car AT SAFE DISTANCE,
244,8.137,car,yolo11n,0.8249,15.9,1.038,15.322,0.0,False,SAFE,car OUTSIDE VEHICLE LANE,
244,8.137,car,yolo11n,0.7294,19.94,1.028,19.394,0.0,False,SAFE,car OUTSIDE VEHICLE LANE,
244,8.137,car,yolo11n,0.6017,22.92,0.0,,0.344,True,SAFE,car AT SAFE DISTANCE,
244,8.137,car,yolo11n,0.536,26.53,1.712,15.498,0.0,False,SAFE,car OUTSIDE VEHICLE LANE,
244,8.137,car,yolo11n,0.3992,57.62,0.0,,1.0,True,SAFE,car AT SAFE DISTANCE,
244,8.137,car,yolo11n,0.3908,59.39,0.0,,1.0,True,SAFE,car AT SAFE DISTANCE,
244,8.137,car,yolo11n,0.308,18.05,3.898,4.63,0.0,False,SAFE,car OUTSIDE VEHICLE LANE,
246,8.203,car,yolo11n,0.9029,17.23,0.272,63.286,0.0,False,SAFE,car OUTSIDE VEHICLE LANE,
246,8.203,car,yolo11n,0.7381,19.74,0.921,21.432,0.0,False,SAFE,car OUTSIDE VEHICLE LANE,
246,8.203,car,yolo11n,0.572,25.41,2.636,9.638,0.0,False,SAFE,car OUTSIDE VEHICLE LANE,
246,8.203,car,yolo11n,0.5256,23.06,0.0,,0.381,True,SAFE,car AT SAFE DISTANCE,
246,8.203,car,yolo11n,0.4214,57.5,0.0,,1.0,True,SAFE,car AT SAFE DISTANCE,
246,8.203,car,yolo11n,0.3926,59.6,0.0,,1.0,True,SAFE,car AT SAFE DISTANCE,
248,8.27,car,yolo11n,0.8718,18.8,0.0,,0.0,False,SAFE,car OUTSIDE VEHICLE LANE,
248,8.27,car,yolo11n,0.7377,19.62,0.578,33.925,0.0,False,SAFE,car OUTSIDE VEHICLE LANE,
248,8.27,car,yolo11n,0.6726,24.68,3.236,7.626,0.0,False,SAFE,car OUTSIDE VEHICLE LANE,
248,8.27,car,yolo11n,0.5059,23.01,0.0,,0.446,True,SAFE,car AT SAFE DISTANCE,
248,8.27,car,yolo11n,0.3779,59.74,0.0,,1.0,True,SAFE,car AT SAFE DISTANCE,
248,8.27,car,yolo11n,0.3359,55.75,6.533,8.534,1.0,True,SAFE,car AT SAFE DISTANCE,
250,8.337,car,yolo11n,0.8189,20.54,0.0,,0.0,False,SAFE,car OUTSIDE VEHICLE LANE,
250,8.337,car,yolo11n,0.8163,24.21,3.873,6.25,0.0,False,SAFE,car OUTSIDE VEHICLE LANE,
250,8.337,car,yolo11n,0.7155,19.64,0.386,50.94,0.0,False,SAFE,car OUTSIDE VEHICLE LANE,
250,8.337,car,yolo11n,0.5905,23.12,0.0,,0.533,True,SAFE,car AT SAFE DISTANCE,
250,8.337,car,yolo11n,0.5596,18.42,1.435,12.835,0.0,False,SAFE,car OUTSIDE VEHICLE LANE,
250,8.337,car,yolo11n,0.3878,59.83,0.0,,1.0,True,SAFE,car AT SAFE DISTANCE,
250,8.337,car,yolo11n,0.3077,54.61,9.874,5.53,1.0,True,SAFE,car AT SAFE DISTANCE,
252,8.404,car,yolo11n,0.8429,22.73,0.0,,0.0,False,SAFE,car OUTSIDE VEHICLE LANE,
252,8.404,car,yolo11n,0.8351,23.9,4.298,5.56,0.0,False,SAFE,car OUTSIDE VEHICLE LANE,
252,8.404,car,yolo11n,0.7459,19.77,0.493,40.13,0.0,False,SAFE,car OUTSIDE VEHICLE LANE,
252,8.404,car,yolo11n,0.5862,18.97,0.225,84.346,0.0,False,SAFE,car OUTSIDE VEHICLE LANE,
252,8.404,car,yolo11n,0.5619,23.2,0.0,,0.607,True,SAFE,car AT SAFE DISTANCE,
252,8.404,car,yolo11n,0.4284,59.89,0.0,,1.0,True,SAFE,car AT SAFE DISTANCE,
252,8.404,car,yolo11n,0.382,19.69,0.0,,0.0,False,SAFE,car OUTSIDE VEHICLE LANE,
254,8.47,car,yolo11n,0.8561,17.87,0.0,,0.0,False,SAFE,car OUTSIDE VEHICLE LANE,
254,8.47,car,yolo11n,0.7929,23.7,4.835,4.901,0.0,False,SAFE,car OUTSIDE VEHICLE LANE,
254,8.47,car,yolo11n,0.71,19.53,1.242,15.72,0.0,False,SAFE,car OUTSIDE VEHICLE LANE,
254,8.47,car,yolo11n,0.6102,23.56,0.0,,0.675,True,SAFE,car AT SAFE DISTANCE,
254,8.47,car,yolo11n,0.4923,19.33,0.0,,0.0,False,SAFE,car OUTSIDE VEHICLE LANE,
254,8.47,car,yolo11n,0.4144,59.93,0.0,,1.0,True,SAFE,car AT SAFE DISTANCE,
256,8.537,car,yolo11n,0.8276,23.53,0.0,,0.0,False,SAFE,car OUTSIDE VEHICLE LANE,
256,8.537,car,yolo11n,0.7928,23.73,4.723,5.024,0.0,False,SAFE,car OUTSIDE VEHICLE LANE,
256,8.537,car,yolo11n,0.7546,19.38,1.478,13.113,0.002,False,SAFE,car OUTSIDE VEHICLE LANE,
256,8.537,car,yolo11n,0.6626,23.48,0.0,,0.774,True,SAFE,car AT SAFE DISTANCE,
256,8.537,car,yolo11n,0.5277,19.46,0.0,,0.0,False,SAFE,car OUTSIDE VEHICLE LANE,
256,8.537,car,yolo11n,0.4027,59.95,0.0,,1.0,True,SAFE,car AT SAFE DISTANCE,
258,8.604,car,yolo11n,0.8144,23.59,6.297,3.746,0.0,False,SAFE,car OUTSIDE VEHICLE LANE,
258,8.604,car,yolo11n,0.7894,74.12,0.0,,0.0,False,SAFE,car OUTSIDE VEHICLE LANE,
258,8.604,car,yolo11n,0.7775,19.38,1.199,16.157,0.029,False,SAFE,car OUTSIDE VEHICLE LANE,
258,8.604,car,yolo11n,0.6926,23.43,0.0,,0.848,True,SAFE,car AT SAFE DISTANCE,
258,8.604,car,yolo11n,0.6359,19.65,0.0,,0.0,False,SAFE,car OUTSIDE VEHICLE LANE,
258,8.604,car,yolo11n,0.4624,61.02,0.0,,1.0,True,SAFE,car AT SAFE DISTANCE,
260,8.67,car,yolo11n,0.851,23.35,4.412,5.292,0.0,False,SAFE,car OUTSIDE VEHICLE LANE,
260,8.67,car,yolo11n,0.7448,84.0,0.0,,0.0,False,SAFE,car OUTSIDE VEHICLE LANE,
260,8.67,car,yolo11n,0.7426,114.55,0.0,,0.0,False,SAFE,car OUTSIDE VEHICLE LANE,
260,8.67,car,yolo11n,0.7338,19.49,0.535,36.397,0.111,False,SAFE,car OUTSIDE VEHICLE LANE,
260,8.67,car,yolo11n,0.6686,19.66,0.0,,0.0,False,SAFE,car OUTSIDE VEHICLE LANE,
260,8.67,car,yolo11n,0.6255,23.55,0.0,,0.922,True,SAFE,car AT SAFE DISTANCE,
260,8.67,car,yolo11n,0.5105,61.71,0.0,,1.0,True,SAFE,car AT SAFE DISTANCE,
260,8.67,car,yolo11n,0.3856,51.25,9.937,5.158,1.0,True,SAFE,car AT SAFE DISTANCE,
260,8.67,alligator,best.pt,0.3092,4.6,0.277,16.618,0.574,True,WARNING,SLOW DOWN - alligator AHEAD,
262,8.737,car,yolo11n,0.8454,23.05,3.491,6.602,0.0,False,SAFE,car OUTSIDE VEHICLE LANE,
262,8.737,car,yolo11n,0.776,111.21,0.0,,0.0,False,SAFE,car OUTSIDE VEHICLE LANE,
262,8.737,car,yolo11n,0.6699,19.67,0.0,,0.159,False,SAFE,car OUTSIDE VEHICLE LANE,
262,8.737,car,yolo11n,0.6473,23.62,0.0,,0.964,True,SAFE,car AT SAFE DISTANCE,
262,8.737,car,yolo11n,0.6294,19.67,0.0,,0.0,False,SAFE,car OUTSIDE VEHICLE LANE,
262,8.737,car,yolo11n,0.5682,91.35,0.0,,0.0,False,SAFE,car OUTSIDE VEHICLE LANE,
262,8.737,car,yolo11n,0.4639,58.49,2.677,21.845,1.0,True,SAFE,car AT SAFE DISTANCE,
262,8.737,alligator,best.pt,0.336,4.76,0.189,25.178,0.587,True,WARNING,SLOW DOWN - alligator AHEAD,
264,8.804,car,yolo11n,0.8484,22.59,3.47,6.51,0.0,False,SAFE,car OUTSIDE VEHICLE LANE,
264,8.804,car,yolo11n,0.793,106.21,0.0,,0.0,False,SAFE,car OUTSIDE VEHICLE LANE,
264,8.804,car,yolo11n,0.6803,23.52,0.0,,0.99,True,SAFE,car AT SAFE DISTANCE,
264,8.804,car,yolo11n,0.6776,19.78,0.0,,0.257,True,SAFE,car AT SAFE DISTANCE,
264,8.804,car,yolo11n,0.6659,19.68,0.0,,0.0,False,SAFE,car OUTSIDE VEHICLE LANE,
264,8.804,car,yolo11n,0.4578,56.39,7.368,7.653,1.0,True,SAFE,car AT SAFE DISTANCE,
264,8.804,alligator,best.pt,0.3014,4.84,0.0,,0.589,True,WARNING,SLOW DOWN - alligator AHEAD,
266,8.87,car,yolo11n,0.833,22.42,3.17,7.072,0.0,False,SAFE,car OUTSIDE VEHICLE LANE,
266,8.87,car,yolo11n,0.6814,19.86,0.0,,0.286,True,SAFE,car AT SAFE DISTANCE,
266,8.87,car,yolo11n,0.6728,23.45,0.0,,0.994,True,SAFE,car AT SAFE DISTANCE,
266,8.87,car,yolo11n,0.6492,19.57,0.0,,0.0,False,SAFE,car OUTSIDE VEHICLE LANE,
266,8.87,car,yolo11n,0.4246,55.03,10.41,5.286,1.0,True,SAFE,car AT SAFE DISTANCE,
268,8.937,car,yolo11n,0.8386,22.05,3.534,6.239,0.0,False,SAFE,car OUTSIDE VEHICLE LANE,
268,8.937,car,yolo11n,0.6787,23.26,0.643,36.197,1.0,True,SAFE,car AT SAFE DISTANCE,
268,8.937,car,yolo11n,0.6693,21.36,0.0,,0.0,False,SAFE,car OUTSIDE VEHICLE LANE,
268,8.937,car,yolo11n,0.6383,19.31,0.0,,0.0,False,SAFE,car OUTSIDE VEHICLE LANE,
268,8.937,car,yolo11n,0.5303,20.26,0.0,,0.339,True,SAFE,car AT SAFE DISTANCE,
268,8.937,car,yolo11n,0.5014,54.14,12.402,4.365,1.0,True,CAUTION,CAUTION - car IN VEHICLE LANE,
268,8.937,alligator,best.pt,0.3671,4.92,0.0,,0.59,True,WARNING,SLOW DOWN - alligator AHEAD,/Users/witchjenjen/Documents/GitHub/AIproject/output/incidents/road_video_2.mp4_f268_WARNING_alligator.jpg
270,9.004,car,yolo11n,0.871,18.26,0.0,,0.0,False,SAFE,car OUTSIDE VEHICLE LANE,
270,9.004,car,yolo11n,0.8499,21.81,4.113,5.303,0.0,False,SAFE,car OUTSIDE VEHICLE LANE,
270,9.004,car,yolo11n,0.6759,19.03,0.921,20.661,0.0,False,SAFE,car OUTSIDE VEHICLE LANE,
270,9.004,car,yolo11n,0.6183,23.14,0.728,31.774,1.0,True,SAFE,car AT SAFE DISTANCE,
270,9.004,car,yolo11n,0.5406,53.57,13.666,3.92,1.0,True,CAUTION,CAUTION - car IN VEHICLE LANE,
270,9.004,car,yolo11n,0.4143,20.28,0.0,,0.471,True,SAFE,car AT SAFE DISTANCE,
270,9.004,alligator,best.pt,0.3747,4.94,0.0,,0.599,True,WARNING,SLOW DOWN - alligator AHEAD,
272,9.07,car,yolo11n,0.8781,17.83,0.0,,0.0,False,SAFE,car OUTSIDE VEHICLE LANE,
272,9.07,car,yolo11n,0.8542,21.65,4.155,5.21,0.0,False,SAFE,car OUTSIDE VEHICLE LANE,
272,9.07,car,yolo11n,0.6567,18.86,1.692,11.146,0.0,False,SAFE,car OUTSIDE VEHICLE LANE,
272,9.07,car,yolo11n,0.6362,19.67,0.0,,0.634,True,SAFE,car AT SAFE DISTANCE,
272,9.07,car,yolo11n,0.5567,52.46,18.335,2.861,1.0,True,WARNING,SLOW DOWN AND INCREASE FOLLOWING DISTANCE,/Users/witchjenjen/Documents/GitHub/AIproject/output/incidents/road_video_2.mp4_f272_WARNING_car.jpg
272,9.07,alligator,best.pt,0.4007,5.0,0.0,,0.601,True,WARNING,SLOW DOWN - alligator AHEAD,
272,9.07,car,yolo11n,0.4002,23.21,0.471,49.254,1.0,True,SAFE,car AT SAFE DISTANCE,
272,9.07,car,yolo11n,0.3937,21.0,0.0,,0.0,False,SAFE,car OUTSIDE VEHICLE LANE,
274,9.137,car,yolo11n,0.8852,17.17,8.172,2.101,0.0,False,SAFE,car OUTSIDE VEHICLE LANE,
274,9.137,car,yolo11n,0.8589,21.55,3.856,5.589,0.0,False,SAFE,car OUTSIDE VEHICLE LANE,
274,9.137,car,yolo11n,0.7463,18.65,2.163,8.621,0.0,False,SAFE,car OUTSIDE VEHICLE LANE,
274,9.137,car,yolo11n,0.592,19.17,0.685,27.968,0.725,True,SAFE,car AT SAFE DISTANCE,
274,9.137,car,yolo11n,0.5695,51.74,21.355,2.423,1.0,True,WARNING,SLOW DOWN AND INCREASE FOLLOWING DISTANCE,
274,9.137,car,yolo11n,0.509,21.0,0.0,,0.0,False,SAFE,car OUTSIDE VEHICLE LANE,
274,9.137,alligator,best.pt,0.402,4.98,0.0,,0.587,True,WARNING,SLOW DOWN - alligator AHEAD,
274,9.137,car,yolo11n,0.3135,23.56,0.0,,1.0,True,SAFE,car AT SAFE DISTANCE,
276,9.204,car,yolo11n,0.88,16.41,9.246,1.775,0.0,False,SAFE,car OUTSIDE VEHICLE LANE,
276,9.204,car,yolo11n,0.8599,21.48,3.363,6.387,0.0,False,SAFE,car OUTSIDE VEHICLE LANE,
276,9.204,car,yolo11n,0.7698,18.51,2.485,7.45,0.0,False,SAFE,car OUTSIDE VEHICLE LANE,
276,9.204,car,yolo11n,0.714,18.85,1.756,10.732,0.879,True,SAFE,car AT SAFE DISTANCE,
276,9.204,car,yolo11n,0.6315,51.27,15.465,3.315,1.0,True,CAUTION,CAUTION - car IN VEHICLE LANE,
276,9.204,car,yolo11n,0.474,20.88,0.9,23.21,0.0,False,SAFE,car OUTSIDE VEHICLE LANE,
276,9.204,alligator,best.pt,0.3726,5.01,0.0,,0.592,True,WARNING,SLOW DOWN - alligator AHEAD,
278,9.271,car,yolo11n,0.8852,15.62,9.896,1.578,0.0,False,SAFE,car OUTSIDE VEHICLE LANE,
278,9.271,car,yolo11n,0.8626,21.31,2.742,7.773,0.0,False,SAFE,car OUTSIDE VEHICLE LANE,
278,9.271,car,yolo11n,0.7018,18.84,2.013,9.357,0.968,True,SAFE,car AT SAFE DISTANCE,
278,9.271,car,yolo11n,0.6872,18.62,2.27,8.201,0.0,False,SAFE,car OUTSIDE VEHICLE LANE,
278,9.271,car,yolo11n,0.611,50.97,11.609,4.39,1.0,True,CAUTION,CAUTION - car IN VEHICLE LANE,
278,9.271,car,yolo11n,0.5671,20.92,0.4,52.322,0.0,False,SAFE,car OUTSIDE VEHICLE LANE,
278,9.271,car,yolo11n,0.3195,24.7,0.0,,1.0,True,SAFE,car AT SAFE DISTANCE,
280,9.337,car,yolo11n,0.887,14.75,10.526,1.401,0.0,False,SAFE,car OUTSIDE VEHICLE LANE,
280,9.337,car,yolo11n,0.8662,21.2,2.613,8.113,0.0,False,SAFE,car OUTSIDE VEHICLE LANE,
280,9.337,car,yolo11n,0.7572,18.93,1.992,9.503,1.0,True,SAFE,car AT SAFE DISTANCE,
280,9.337,car,yolo11n,0.7375,18.59,2.099,8.856,0.0,False,SAFE,car OUTSIDE VEHICLE LANE,
280,9.337,car,yolo11n,0.615,51.5,7.561,6.811,1.0,True,SAFE,car AT SAFE DISTANCE,
280,9.337,car,yolo11n,0.3901,21.08,0.0,,0.0,False,SAFE,car OUTSIDE VEHICLE LANE,
282,9.404,car,yolo11n,0.8902,13.83,11.07,1.249,0.0,False,SAFE,car OUTSIDE VEHICLE LANE,
282,9.404,car,yolo11n,0.8503,21.01,2.228,9.432,0.0,False,SAFE,car OUTSIDE VEHICLE LANE,
282,9.404,car,yolo11n,0.7333,18.79,3.149,5.968,1.0,True,SAFE,car AT SAFE DISTANCE,
282,9.404,car,yolo11n,0.5789,18.57,1.585,11.716,0.0,False,SAFE,car OUTSIDE VEHICLE LANE,
282,9.404,car,yolo11n,0.5575,53.52,1.328,40.301,1.0,True,SAFE,car AT SAFE DISTANCE,
282,9.404,car,yolo11n,0.4047,25.44,0.0,,1.0,True,SAFE,car AT SAFE DISTANCE,
282,9.404,car,yolo11n,0.403,21.18,0.0,,0.0,False,SAFE,car OUTSIDE VEHICLE LANE,
282,9.404,alligator,best.pt,0.3373,4.97,0.0,,0.576,True,WARNING,SLOW DOWN - alligator AHEAD,
284,9.471,car,yolo11n,0.8874,12.89,11.502,1.121,0.0,False,SAFE,car OUTSIDE VEHICLE LANE,
284,9.471,car,yolo11n,0.8168,20.89,1.971,10.601,0.0,False,SAFE,car OUTSIDE VEHICLE LANE,
284,9.471,car,yolo11n,0.6837,18.7,3.384,5.526,1.0,True,SAFE,car AT SAFE DISTANCE,
284,9.471,car,yolo11n,0.6562,18.46,1.221,15.12,0.0,False,SAFE,car OUTSIDE VEHICLE LANE,
284,9.471,car,yolo11n,0.5494,53.16,0.878,60.533,1.0,True,SAFE,car AT SAFE DISTANCE,
284,9.471,car,yolo11n,0.4856,21.24,0.0,,0.0,False,SAFE,car OUTSIDE VEHICLE LANE,
284,9.471,car,yolo11n,0.4366,26.12,0.0,,1.0,True,SAFE,car AT SAFE DISTANCE,
284,9.471,car,yolo11n,0.3484,49.06,6.154,7.972,1.0,True,SAFE,car AT SAFE DISTANCE,
286,9.537,car,yolo11n,0.8925,17.53,0.0,,0.0,False,SAFE,car OUTSIDE VEHICLE LANE,
286,9.537,car,yolo11n,0.8259,20.58,2.292,8.979,0.0,False,SAFE,car OUTSIDE VEHICLE LANE,
286,9.537,car,yolo11n,0.6768,18.3,1.199,15.256,0.0,False,SAFE,car OUTSIDE VEHICLE LANE,
286,9.537,car,yolo11n,0.6755,18.54,2.42,7.66,1.0,True,SAFE,car AT SAFE DISTANCE,
286,9.537,car,yolo11n,0.634,21.04,0.0,,0.0,False,SAFE,car OUTSIDE VEHICLE LANE,
286,9.537,car,yolo11n,0.6119,52.93,0.0,,1.0,True,SAFE,car AT SAFE DISTANCE,
286,9.537,car,yolo11n,0.3741,27.0,0.0,,1.0,True,SAFE,car AT SAFE DISTANCE,
288,9.604,car,yolo11n,0.8995,14.74,9.926,1.485,0.0,False,SAFE,car OUTSIDE VEHICLE LANE,
288,9.604,car,yolo11n,0.7955,20.38,2.506,8.132,0.0,False,SAFE,car OUTSIDE VEHICLE LANE,
288,9.604,car,yolo11n,0.7535,18.19,0.985,18.461,0.0,False,SAFE,car OUTSIDE VEHICLE LANE,
288,9.604,car,yolo11n,0.6808,20.67,0.707,29.243,0.0,False,SAFE,car OUTSIDE VEHICLE LANE,
288,9.604,car,yolo11n,0.6392,18.44,1.564,11.793,1.0,True,SAFE,car AT SAFE DISTANCE,
288,9.604,car,yolo11n,0.5527,52.78,0.0,,1.0,True,SAFE,car AT SAFE DISTANCE,
290,9.671,car,yolo11n,0.9005,12.71,11.791,1.078,0.0,False,SAFE,car OUTSIDE VEHICLE LANE,
290,9.671,car,yolo11n,0.8029,20.36,2.399,8.487,0.0,False,SAFE,car OUTSIDE VEHICLE LANE,
290,9.671,car,yolo11n,0.7384,20.55,0.707,29.073,0.0,False,SAFE,car OUTSIDE VEHICLE LANE,
290,9.671,car,yolo11n,0.6676,18.22,0.621,29.332,0.0,False,SAFE,car OUTSIDE VEHICLE LANE,
290,9.671,car,yolo11n,0.5444,52.68,0.0,,1.0,True,SAFE,car AT SAFE DISTANCE,
290,9.671,car,yolo11n,0.5146,18.38,1.007,18.257,1.0,True,SAFE,car AT SAFE DISTANCE,
292,9.737,car,yolo11n,0.8842,11.2,12.695,0.882,0.064,False,SAFE,car OUTSIDE VEHICLE LANE,
292,9.737,car,yolo11n,0.8378,20.46,1.821,11.238,0.0,False,SAFE,car OUTSIDE VEHICLE LANE,
292,9.737,car,yolo11n,0.7164,18.23,0.835,21.823,0.0,False,SAFE,car OUTSIDE VEHICLE LANE,
292,9.737,car,yolo11n,0.5835,20.59,0.707,29.129,0.0,False,SAFE,car OUTSIDE VEHICLE LANE,
292,9.737,car,yolo11n,0.5648,18.43,0.878,20.986,1.0,True,SAFE,car AT SAFE DISTANCE,
292,9.737,car,yolo11n,0.4802,51.2,0.0,,1.0,True,SAFE,car AT SAFE DISTANCE,
294,9.804,car,yolo11n,0.9084,10.09,12.998,0.776,0.254,True,CRITICAL,BRAKE NOW - car TOO CLOSE,/Users/witchjenjen/Documents/GitHub/AIproject/output/incidents/road_video_2.mp4_f294_CRITICAL_car.jpg
294,9.804,car,yolo11n,0.7726,20.9,0.643,32.525,0.0,False,SAFE,car OUTSIDE VEHICLE LANE,
294,9.804,car,yolo11n,0.7144,18.15,0.942,19.258,0.001,False,SAFE,car OUTSIDE VEHICLE LANE,
294,9.804,car,yolo11n,0.5837,18.76,0.364,51.52,1.0,True,SAFE,car AT SAFE DISTANCE,
294,9.804,car,yolo11n,0.509,20.49,1.264,16.214,0.0,False,SAFE,car OUTSIDE VEHICLE LANE,
294,9.804,car,yolo11n,0.4244,52.5,0.0,,0.715,True,SAFE,car AT SAFE DISTANCE,
296,9.871,car,yolo11n,0.8811,9.28,12.937,0.717,0.431,True,CRITICAL,BRAKE NOW - car TOO CLOSE,
296,9.871,car,yolo11n,0.7063,21.61,0.0,,0.0,False,SAFE,car OUTSIDE VEHICLE LANE,
296,9.871,car,yolo11n,0.658,18.19,0.814,22.348,0.017,False,SAFE,car OUTSIDE VEHICLE LANE,
296,9.871,car,yolo11n,0.6269,19.2,0.0,,1.0,True,SAFE,car AT SAFE DISTANCE,
296,9.871,car,yolo11n,0.5793,20.21,2.078,9.727,0.0,False,SAFE,car OUTSIDE VEHICLE LANE,
296,9.871,car,yolo11n,0.3555,57.27,0.0,,0.0,False,SAFE,car OUTSIDE VEHICLE LANE,
298,9.938,car,yolo11n,0.9055,8.64,12.715,0.68,0.607,True,CRITICAL,BRAKE NOW - car TOO CLOSE,
298,9.938,car,yolo11n,0.7839,22.21,0.0,,0.0,False,SAFE,car OUTSIDE VEHICLE LANE,
298,9.938,car,yolo11n,0.6974,18.41,0.0,,0.054,False,SAFE,car OUTSIDE VEHICLE LANE,
298,9.938,car,yolo11n,0.6609,19.59,0.0,,1.0,True,SAFE,car AT SAFE DISTANCE,
298,9.938,car,yolo11n,0.481,20.03,2.592,7.728,0.0,False,SAFE,car OUTSIDE VEHICLE LANE,
298,9.938,car,yolo11n,0.3237,57.27,0.0,,0.0,False,SAFE,car OUTSIDE VEHICLE LANE,
300,10.004,car,yolo11n,0.9075,8.14,20.113,0.405,0.772,True,CRITICAL,BRAKE NOW - car TOO CLOSE,
300,10.004,car,yolo11n,0.7979,22.76,0.0,,0.0,False,SAFE,car OUTSIDE VEHICLE LANE,
300,10.004,car,yolo11n,0.6667,19.96,0.0,,1.0,True,SAFE,car AT SAFE DISTANCE,
300,10.004,car,yolo11n,0.6538,19.91,2.42,8.226,0.0,False,SAFE,car OUTSIDE VEHICLE LANE,
300,10.004,car,yolo11n,0.57,18.75,0.0,,0.093,False,SAFE,car OUTSIDE VEHICLE LANE,
300,10.004,car,yolo11n,0.3503,54.78,0.0,,1.0,True,SAFE,car AT SAFE DISTANCE,
302,10.071,car,yolo11n,0.9073,7.74,14.994,0.516,0.914,True,CRITICAL,BRAKE NOW - car TOO CLOSE,
302,10.071,car,yolo11n,0.6633,20.21,0.0,,1.0,True,SAFE,car AT SAFE DISTANCE,
302,10.071,car,yolo11n,0.6565,22.96,0.0,,0.0,False,SAFE,car OUTSIDE VEHICLE LANE,
302,10.071,car,yolo11n,0.5015,19.73,2.013,9.799,0.0,False,SAFE,car OUTSIDE VEHICLE LANE,
302,10.071,car,yolo11n,0.4865,18.87,0.0,,0.155,False,SAFE,car OUTSIDE VEHICLE LANE,
302,10.071,car,yolo11n,0.3635,53.98,0.0,,1.0,True,SAFE,car AT SAFE DISTANCE,
304,10.138,car,yolo11n,0.8984,7.43,11.31,0.657,0.994,True,CRITICAL,BRAKE NOW - car TOO CLOSE,
304,10.138,car,yolo11n,0.6221,23.09,0.0,,0.0,False,SAFE,car OUTSIDE VEHICLE LANE,
304,10.138,car,yolo11n,0.5956,20.61,0.0,,1.0,True,SAFE,car AT SAFE DISTANCE,
304,10.138,car,yolo11n,0.5853,18.95,0.0,,0.248,True,SAFE,car AT SAFE DISTANCE,
304,10.138,car,yolo11n,0.5019,19.71,1.799,10.955,0.0,False,SAFE,car OUTSIDE VEHICLE LANE,
304,10.138,car,yolo11n,0.4653,54.26,3.898,13.919,1.0,True,SAFE,car AT SAFE DISTANCE,
306,10.204,car,yolo11n,0.9134,7.21,8.546,0.844,1.0,True,CRITICAL,BRAKE NOW - car TOO CLOSE,
306,10.204,car,yolo11n,0.6811,23.03,0.0,,0.0,False,SAFE,car OUTSIDE VEHICLE LANE,
306,10.204,car,yolo11n,0.6468,19.49,2.356,8.272,0.0,False,SAFE,car OUTSIDE VEHICLE LANE,
306,10.204,car,yolo11n,0.5627,20.87,0.0,,1.0,True,SAFE,car AT SAFE DISTANCE,
306,10.204,car,yolo11n,0.4858,54.44,1.699,32.037,1.0,True,SAFE,car AT SAFE DISTANCE,
306,10.204,car,yolo11n,0.3922,46.59,5.252,8.87,0.995,True,SAFE,car AT SAFE DISTANCE,
306,10.204,car,yolo11n,0.3058,19.21,0.0,,0.28,True,SAFE,car AT SAFE DISTANCE,
306,10.204,car,yolo11n,0.3052,60.44,0.0,,0.0,False,SAFE,car OUTSIDE VEHICLE LANE,
308,10.271,car,yolo11n,0.8887,7.02,6.576,1.068,1.0,True,CRITICAL,BRAKE NOW - car TOO CLOSE,
308,10.271,car,yolo11n,0.6201,46.03,5.431,8.476,0.944,True,SAFE,car AT SAFE DISTANCE,
308,10.271,car,yolo11n,0.6112,22.32,0.0,,0.0,False,SAFE,car OUTSIDE VEHICLE LANE,
308,10.271,car,yolo11n,0.5482,19.35,2.442,7.924,0.0,False,SAFE,car OUTSIDE VEHICLE LANE,
308,10.271,car,yolo11n,0.3009,53.76,3.823,14.061,1.0,True,SAFE,car AT SAFE DISTANCE,
310,10.338,car,yolo11n,0.8968,6.86,5.184,1.323,1.0,True,CRITICAL,BRAKE NOW - car TOO CLOSE,
310,10.338,car,yolo11n,0.6602,19.26,2.035,9.465,0.048,False,SAFE,car OUTSIDE VEHICLE LANE,
310,10.338,car,yolo11n,0.615,20.66,0.0,,0.0,False,SAFE,car OUTSIDE VEHICLE LANE,
312,10.404,car,yolo11n,0.9059,6.8,3.941,1.725,1.0,True,WARNING,SLOW DOWN AND INCREASE FOLLOWING DISTANCE,/Users/witchjenjen/Documents/GitHub/AIproject/output/incidents/road_video_2.mp4_f312_WARNING_car.jpg
312,10.404,car,yolo11n,0.4477,20.43,0.0,,0.0,False,SAFE,car OUTSIDE VEHICLE LANE,
312,10.404,car,yolo11n,0.4393,19.41,1.328,14.616,0.145,False,SAFE,car OUTSIDE VEHICLE LANE,
314,10.471,car,yolo11n,0.9114,6.76,2.956,2.287,1.0,True,WARNING,SLOW DOWN AND INCREASE FOLLOWING DISTANCE,
314,10.471,car,yolo11n,0.426,20.17,3.673,5.491,0.0,False,SAFE,car OUTSIDE VEHICLE LANE,
314,10.471,car,yolo11n,0.396,19.62,0.621,31.586,0.226,True,SAFE,car AT SAFE DISTANCE,
316,10.538,car,yolo11n,0.8332,6.76,2.099,3.22,1.0,True,WARNING,SLOW DOWN AND INCREASE FOLLOWING DISTANCE,
318,10.604,car,yolo11n,0.8635,6.82,1.307,5.22,0.984,True,WARNING,SLOW DOWN AND INCREASE FOLLOWING DISTANCE,
318,10.604,car,yolo11n,0.4994,21.44,0.0,,1.0,True,SAFE,car AT SAFE DISTANCE,
318,10.604,car,yolo11n,0.3281,20.0,2.474,8.084,0.0,False,SAFE,car OUTSIDE VEHICLE LANE,
320,10.671,car,yolo11n,0.8079,6.92,0.621,11.14,0.9,True,WARNING,SLOW DOWN AND INCREASE FOLLOWING DISTANCE,
320,10.671,car,yolo11n,0.6197,21.81,0.0,,1.0,True,SAFE,car AT SAFE DISTANCE,
320,10.671,car,yolo11n,0.4718,20.0,1.979,10.105,0.0,False,SAFE,car OUTSIDE VEHICLE LANE,
320,10.671,car,yolo11n,0.3704,63.0,0.0,,0.0,False,SAFE,car OUTSIDE VEHICLE LANE,
322,10.738,car,yolo11n,0.8376,7.05,0.0,,0.778,True,CAUTION,CAUTION - car IN VEHICLE LANE,
322,10.738,car,yolo11n,0.5094,20.11,1.374,14.632,0.0,False,SAFE,car OUTSIDE VEHICLE LANE,
322,10.738,car,yolo11n,0.4631,22.83,0.0,,1.0,True,SAFE,car AT SAFE DISTANCE,
322,10.738,car,yolo11n,0.3545,60.0,0.0,,0.0,False,SAFE,car OUTSIDE VEHICLE LANE,
322,10.738,car,yolo11n,0.3479,60.99,0.0,,0.0,False,SAFE,car OUTSIDE VEHICLE LANE,
324,10.805,car,yolo11n,0.8237,7.22,0.0,,0.656,True,CAUTION,CAUTION - car IN VEHICLE LANE,
324,10.805,car,yolo11n,0.4893,45.0,0.0,,1.0,True,SAFE,car AT SAFE DISTANCE,
324,10.805,car,yolo11n,0.4177,20.42,0.514,39.722,0.0,False,SAFE,car OUTSIDE VEHICLE LANE,
324,10.805,car,yolo11n,0.3282,61.7,9.746,6.331,0.0,False,SAFE,car OUTSIDE VEHICLE LANE,
324,10.805,car,yolo11n,0.3086,59.04,0.0,,0.0,False,SAFE,car OUTSIDE VEHICLE LANE,
326,10.871,car,yolo11n,0.822,7.43,0.0,,0.535,True,CAUTION,CAUTION - car IN VEHICLE LANE,
326,10.871,car,yolo11n,0.6054,19.71,0.0,,0.708,True,SAFE,car AT SAFE DISTANCE,
326,10.871,car,yolo11n,0.4779,47.62,0.0,,1.0,True,SAFE,car AT SAFE DISTANCE,
326,10.871,car,yolo11n,0.356,59.38,4.648,12.775,0.0,False,SAFE,car OUTSIDE VEHICLE LANE,
326,10.871,car,yolo11n,0.3518,24.86,0.0,,1.0,True,SAFE,car AT SAFE DISTANCE,
326,10.871,car,yolo11n,0.3385,63.31,0.0,,0.0,False,SAFE,car OUTSIDE VEHICLE LANE,
328,10.938,car,yolo11n,0.767,7.64,0.0,,0.415,True,CAUTION,CAUTION - car IN VEHICLE LANE,
328,10.938,car,yolo11n,0.7262,19.81,0.0,,0.934,True,SAFE,car AT SAFE DISTANCE,
328,10.938,car,yolo11n,0.3974,65.65,0.0,,0.0,False,SAFE,car OUTSIDE VEHICLE LANE,
328,10.938,car,yolo11n,0.3635,51.0,0.0,,1.0,True,SAFE,car AT SAFE DISTANCE,
328,10.938,car,yolo11n,0.343,26.92,0.0,,1.0,True,SAFE,car AT SAFE DISTANCE,
328,10.938,car,yolo11n,0.3392,59.6,1.999,29.813,0.0,False,SAFE,car OUTSIDE VEHICLE LANE,
330,11.005,car,yolo11n,0.8423,7.87,0.0,,0.283,True,CAUTION,CAUTION - car IN VEHICLE LANE,
330,11.005,car,yolo11n,0.807,19.99,0.0,,0.995,True,SAFE,car AT SAFE DISTANCE,
330,11.005,car,yolo11n,0.4512,65.89,0.0,,0.0,False,SAFE,car OUTSIDE VEHICLE LANE,
330,11.005,car,yolo11n,0.381,54.15,0.0,,1.0,True,SAFE,car AT SAFE DISTANCE,
330,11.005,car,yolo11n,0.3765,28.25,0.0,,1.0,True,SAFE,car AT SAFE DISTANCE,
330,11.005,car,yolo11n,0.3593,59.74,0.975,61.298,0.0,False,SAFE,car OUTSIDE VEHICLE LANE,
332,11.071,car,yolo11n,0.8728,8.09,0.0,,0.158,False,SAFE,car OUTSIDE VEHICLE LANE,
332,11.071,car,yolo11n,0.5306,20.11,0.0,,1.0,True,SAFE,car AT SAFE DISTANCE,
332,11.071,car,yolo11n,0.4508,29.67,0.0,,1.0,True,SAFE,car AT SAFE DISTANCE,
332,11.071,car,yolo11n,0.419,56.2,0.0,,1.0,True,SAFE,car AT SAFE DISTANCE,
332,11.071,car,yolo11n,0.3733,67.33,0.0,,0.0,False,SAFE,car OUTSIDE VEHICLE LANE,
332,11.071,car,yolo11n,0.3408,58.87,3.389,17.373,0.0,False,SAFE,car OUTSIDE VEHICLE LANE,
334,11.138,car,yolo11n,0.851,8.34,0.0,,0.048,False,SAFE,car OUTSIDE VEHICLE LANE,
334,11.138,car,yolo11n,0.47,30.59,0.0,,1.0,True,SAFE,car AT SAFE DISTANCE,
334,11.138,car,yolo11n,0.4684,68.26,0.0,,0.0,False,SAFE,car OUTSIDE VEHICLE LANE,
334,11.138,car,yolo11n,0.4253,57.53,0.0,,1.0,True,SAFE,car AT SAFE DISTANCE,
334,11.138,car,yolo11n,0.4228,56.64,8.396,6.746,0.0,False,SAFE,car OUTSIDE VEHICLE LANE,
334,11.138,car,yolo11n,0.3789,20.3,0.0,,1.0,True,SAFE,car AT SAFE DISTANCE,
336,11.205,car,yolo11n,0.828,8.59,0.0,,0.0,False,SAFE,car OUTSIDE VEHICLE LANE,
336,11.205,car,yolo11n,0.455,68.87,0.0,,0.0,False,SAFE,car OUTSIDE VEHICLE LANE,
336,11.205,car,yolo11n,0.3625,58.39,0.0,,1.0,True,SAFE,car AT SAFE DISTANCE,
336,11.205,car,yolo11n,0.3447,32.49,0.0,,1.0,True,SAFE,car AT SAFE DISTANCE,
336,11.205,car,yolo11n,0.3332,55.19,10.303,5.357,0.0,False,SAFE,car OUTSIDE VEHICLE LANE,
338,11.271,car,yolo11n,0.7715,8.88,0.0,,0.0,False,SAFE,car OUTSIDE VEHICLE LANE,
338,11.271,car,yolo11n,0.5457,57.27,0.0,,0.0,False,SAFE,car OUTSIDE VEHICLE LANE,
338,11.271,car,yolo11n,0.3891,54.25,10.26,5.288,0.0,False,SAFE,car OUTSIDE VEHICLE LANE,
338,11.271,car,yolo11n,0.3798,58.0,0.0,,1.0,True,SAFE,car AT SAFE DISTANCE,
338,11.271,car,yolo11n,0.372,70.71,0.0,,0.0,False,SAFE,car OUTSIDE VEHICLE LANE,
340,11.338,car,yolo11n,0.729,9.19,0.0,,0.0,False,SAFE,car OUTSIDE VEHICLE LANE,
340,11.338,car,yolo11n,0.5106,56.4,0.0,,0.0,False,SAFE,car OUTSIDE VEHICLE LANE,
340,11.338,car,yolo11n,0.4364,75.36,0.0,,0.0,False,SAFE,car OUTSIDE VEHICLE LANE,
340,11.338,car,yolo11n,0.4162,57.74,0.0,,1.0,True,SAFE,car AT SAFE DISTANCE,
340,11.338,car,yolo11n,0.3557,53.64,12.295,4.363,0.0,False,SAFE,car OUTSIDE VEHICLE LANE,
340,11.338,car,yolo11n,0.3124,20.8,0.0,,1.0,True,SAFE,car AT SAFE DISTANCE,
342,11.405,car,yolo11n,0.8058,9.53,0.0,,0.0,False,SAFE,car OUTSIDE VEHICLE LANE,
342,11.405,car,yolo11n,0.5919,20.49,0.0,,0.994,True,SAFE,car AT SAFE DISTANCE,
342,11.405,car,yolo11n,0.553,52.41,36.435,1.438,0.0,False,SAFE,car OUTSIDE VEHICLE LANE,
342,11.405,car,yolo11n,0.495,51.83,16.643,3.114,0.0,False,SAFE,car OUTSIDE VEHICLE LANE,
342,11.405,car,yolo11n,0.4515,56.71,0.0,,1.0,True,SAFE,car AT SAFE DISTANCE,
342,11.405,car,yolo11n,0.4066,20.75,0.0,,0.0,False,SAFE,car OUTSIDE VEHICLE LANE,
342,11.405,car,yolo11n,0.3606,78.38,0.0,,0.0,False,SAFE,car OUTSIDE VEHICLE LANE,
344,11.471,car,yolo11n,0.8419,9.9,0.0,,0.0,False,SAFE,car OUTSIDE VEHICLE LANE,
344,11.471,car,yolo11n,0.6587,20.72,0.0,,0.0,False,SAFE,car OUTSIDE VEHICLE LANE,
344,11.471,car,yolo11n,0.6118,48.77,42.482,1.148,0.0,False,SAFE,car OUTSIDE VEHICLE LANE,
344,11.471,car,yolo11n,0.5821,48.89,23.24,2.104,0.0,False,SAFE,car OUTSIDE VEHICLE LANE,
344,11.471,car,yolo11n,0.4737,20.92,0.0,,1.0,True,SAFE,car AT SAFE DISTANCE,
344,11.471,car,yolo11n,0.3936,56.03,0.0,,1.0,True,SAFE,car AT SAFE DISTANCE,
346,11.538,car,yolo11n,0.8274,66.32,0.0,,0.0,False,SAFE,car OUTSIDE VEHICLE LANE,
346,11.538,car,yolo11n,0.7613,20.7,0.0,,0.0,False,SAFE,car OUTSIDE VEHICLE LANE,
346,11.538,car,yolo11n,0.7487,10.24,0.0,,0.0,False,SAFE,car OUTSIDE VEHICLE LANE,
346,11.538,car,yolo11n,0.6628,46.4,40.745,1.139,0.0,False,SAFE,car OUTSIDE VEHICLE LANE,
346,11.538,car,yolo11n,0.6326,46.48,26.539,1.751,0.0,False,SAFE,car OUTSIDE VEHICLE LANE,
346,11.538,car,yolo11n,0.4349,21.34,0.0,,1.0,True,SAFE,car AT SAFE DISTANCE,
346,11.538,car,yolo11n,0.3285,55.59,1.307,42.546,1.0,True,SAFE,car AT SAFE DISTANCE,
348,11.605,car,yolo11n,0.8466,20.45,0.0,,0.0,False,SAFE,car OUTSIDE VEHICLE LANE,
348,11.605,car,yolo11n,0.8219,64.11,0.0,,0.0,False,SAFE,car OUTSIDE VEHICLE LANE,
348,11.605,car,yolo11n,0.7863,10.59,0.0,,0.0,False,SAFE,car OUTSIDE VEHICLE LANE,
348,11.605,car,yolo11n,0.6592,43.94,39.973,1.099,0.0,False,SAFE,car OUTSIDE VEHICLE LANE,
348,11.605,car,yolo11n,0.6003,22.03,0.0,,1.0,True,SAFE,car AT SAFE DISTANCE,
348,11.605,car,yolo11n,0.5534,43.58,27.974,1.558,0.0,False,SAFE,car OUTSIDE VEHICLE LANE,
350,11.672,car,yolo11n,0.8272,20.41,0.0,,0.0,False,SAFE,car OUTSIDE VEHICLE LANE,
350,11.672,car,yolo11n,0.7673,11.01,0.0,,0.0,False,SAFE,car OUTSIDE VEHICLE LANE,
350,11.672,car,yolo11n,0.5996,41.93,38.334,1.094,0.0,False,SAFE,car OUTSIDE VEHICLE LANE,
350,11.672,car,yolo11n,0.5992,30.73,0.0,,1.0,True,SAFE,car AT SAFE DISTANCE,
350,11.672,car,yolo11n,0.5482,22.64,0.0,,1.0,True,SAFE,car AT SAFE DISTANCE,
350,11.672,car,yolo11n,0.3761,56.18,2.53,22.204,1.0,True,SAFE,car AT SAFE DISTANCE,
350,11.672,car,yolo11n,0.3166,42.11,28.017,1.503,0.0,False,SAFE,car OUTSIDE VEHICLE LANE,
352,11.738,car,yolo11n,0.8785,18.53,0.0,,0.0,False,SAFE,car OUTSIDE VEHICLE LANE,
352,11.738,car,yolo11n,0.8615,11.4,0.0,,0.0,False,SAFE,car OUTSIDE VEHICLE LANE,
352,11.738,car,yolo11n,0.8195,20.26,0.0,,0.0,False,SAFE,car OUTSIDE VEHICLE LANE,
352,11.738,car,yolo11n,0.6517,30.73,0.0,,1.0,True,SAFE,car AT SAFE DISTANCE,
352,11.738,car,yolo11n,0.5655,40.22,36.52,1.101,0.0,False,SAFE,car OUTSIDE VEHICLE LANE,
352,11.738,car,yolo11n,0.4696,23.37,0.0,,1.0,True,SAFE,car AT SAFE DISTANCE,
352,11.738,car,yolo11n,0.313,55.69,5.06,11.005,1.0,True,SAFE,car AT SAFE DISTANCE,
354,11.805,car,yolo11n,0.9142,18.26,0.0,,0.0,False,SAFE,car OUTSIDE VEHICLE LANE,
354,11.805,car,yolo11n,0.8452,20.17,0.25,80.714,0.0,False,SAFE,car OUTSIDE VEHICLE LANE,
354,11.805,car,yolo11n,0.8251,11.82,0.0,,0.0,False,SAFE,car OUTSIDE VEHICLE LANE,
354,11.805,car,yolo11n,0.71,30.73,0.0,,1.0,True,SAFE,car AT SAFE DISTANCE,
354,11.805,car,yolo11n,0.6784,38.06,39.284,0.969,0.0,False,SAFE,car OUTSIDE VEHICLE LANE,
354,11.805,car,yolo11n,0.3109,24.19,0.0,,1.0,True,SAFE,car AT SAFE DISTANCE,
356,11.872,car,yolo11n,0.9002,17.67,6.447,2.741,0.0,False,SAFE,car OUTSIDE VEHICLE LANE,
356,11.872,car,yolo11n,0.8571,20.34,0.878,23.161,0.0,False,SAFE,car OUTSIDE VEHICLE LANE,
356,11.872,car,yolo11n,0.8473,12.18,0.0,,0.0,False,SAFE,car OUTSIDE VEHICLE LANE,
356,11.872,car,yolo11n,0.557,37.34,32.279,1.157,0.0,False,SAFE,car OUTSIDE VEHICLE LANE,
356,11.872,car,yolo11n,0.5417,30.73,0.0,,1.0,True,SAFE,car AT SAFE DISTANCE,
356,11.872,car,yolo11n,0.3854,56.24,2.932,19.181,1.0,True,SAFE,car AT SAFE DISTANCE,
358,11.938,car,yolo11n,0.9194,16.87,8.297,2.033,0.0,False,SAFE,car OUTSIDE VEHICLE LANE,
358,11.938,car,yolo11n,0.8447,12.99,1.688,7.697,0.0,False,SAFE,car OUTSIDE VEHICLE LANE,
358,11.938,car,yolo11n,0.7776,20.11,1.307,15.391,0.0,False,SAFE,car OUTSIDE VEHICLE LANE,
358,11.938,car,yolo11n,0.6339,36.87,25.489,1.446,0.0,False,SAFE,car OUTSIDE VEHICLE LANE,
358,11.938,car,yolo11n,0.4711,30.73,0.0,,1.0,True,SAFE,car AT SAFE DISTANCE,
358,11.938,car,yolo11n,0.367,25.75,0.0,,1.0,True,SAFE,car AT SAFE DISTANCE,
360,12.005,car,yolo11n,0.9176,15.97,9.596,1.664,0.0,False,SAFE,car OUTSIDE VEHICLE LANE,
360,12.005,car,yolo11n,0.7757,12.61,0.0,,0.0,False,SAFE,car OUTSIDE VEHICLE LANE,
360,12.005,car,yolo11n,0.762,19.97,1.564,12.772,0.0,False,SAFE,car OUTSIDE VEHICLE LANE,
360,12.005,car,yolo11n,0.7128,36.94,20.263,1.823,0.0,False,SAFE,car OUTSIDE VEHICLE LANE,
360,12.005,car,yolo11n,0.4729,31.28,0.0,,1.0,True,SAFE,car AT SAFE DISTANCE,
360,12.005,car,yolo11n,0.3399,27.76,0.0,,1.0,True,SAFE,car AT SAFE DISTANCE,
362,12.072,car,yolo11n,0.9192,15.02,10.526,1.427,0.0,False,SAFE,car OUTSIDE VEHICLE LANE,
362,12.072,car,yolo11n,0.7509,13.34,1.305,10.221,0.0,False,SAFE,car OUTSIDE VEHICLE LANE,
362,12.072,car,yolo11n,0.7305,19.87,1.242,15.994,0.0,False,SAFE,car OUTSIDE VEHICLE LANE,
362,12.072,car,yolo11n,0.5836,32.25,0.0,,1.0,True,SAFE,car AT SAFE DISTANCE,
362,12.072,car,yolo11n,0.3805,37.37,14.073,2.656,0.0,False,SAFE,car OUTSIDE VEHICLE LANE,
362,12.072,car,yolo11n,0.3318,58.61,0.0,,1.0,True,SAFE,car AT SAFE DISTANCE,
362,12.072,car,yolo11n,0.3264,29.65,0.0,,1.0,True,SAFE,car AT SAFE DISTANCE,
364,12.138,car,yolo11n,0.919,14.09,11.095,1.27,0.0,False,SAFE,car OUTSIDE VEHICLE LANE,
364,12.138,car,yolo11n,0.7392,13.99,0.825,16.965,0.0,False,SAFE,car OUTSIDE VEHICLE LANE,
364,12.138,car,yolo11n,0.7125,19.7,1.521,12.954,0.0,False,SAFE,car OUTSIDE VEHICLE LANE,
364,12.138,car,yolo11n,0.5369,33.56,0.0,,1.0,True,SAFE,car AT SAFE DISTANCE,
364,12.138,car,yolo11n,0.4498,58.14,0.0,,1.0,True,SAFE,car AT SAFE DISTANCE,
364,12.138,car,yolo11n,0.4193,42.0,0.0,,0.0,False,SAFE,car OUTSIDE VEHICLE LANE,
366,12.205,car,yolo11n,0.9165,13.28,11.245,1.181,0.0,False,SAFE,car OUTSIDE VEHICLE LANE,
366,12.205,car,yolo11n,0.7563,14.74,0.3,49.154,0.0,False,SAFE,car OUTSIDE VEHICLE LANE,
366,12.205,car,yolo11n,0.7361,19.7,1.199,16.424,0.0,False,SAFE,car OUTSIDE VEHICLE LANE,
366,12.205,car,yolo11n,0.5473,34.79,0.0,,1.0,True,SAFE,car AT SAFE DISTANCE,
366,12.205,car,yolo11n,0.4584,57.84,0.0,,1.0,True,SAFE,car AT SAFE DISTANCE,
366,12.205,car,yolo11n,0.3144,41.53,0.0,,0.0,False,SAFE,car OUTSIDE VEHICLE LANE,
368,12.272,car,yolo11n,0.9188,12.5,12.338,1.013,0.0,False,SAFE,car OUTSIDE VEHICLE LANE,
368,12.272,car,yolo11n,0.8239,19.8,0.793,24.983,0.0,False,SAFE,car OUTSIDE VEHICLE LANE,
368,12.272,car,yolo11n,0.7382,15.62,0.0,,0.0,False,SAFE,car OUTSIDE VEHICLE LANE,
368,12.272,car,yolo11n,0.4563,36.39,0.0,,1.0,True,SAFE,car AT SAFE DISTANCE,
368,12.272,car,yolo11n,0.4009,30.3,0.0,,1.0,True,SAFE,car AT SAFE DISTANCE,
368,12.272,car,yolo11n,0.3408,55.23,0.491,112.553,1.0,True,SAFE,car AT SAFE DISTANCE,
370,12.339,car,yolo11n,0.9244,11.8,12.573,0.938,0.015,False,SAFE,car OUTSIDE VEHICLE LANE,
370,12.339,car,yolo11n,0.6665,19.55,1.692,11.553,0.02,False,SAFE,car OUTSIDE VEHICLE LANE,
370,12.339,car,yolo11n,0.6336,16.94,0.0,,0.0,False,SAFE,car OUTSIDE VEHICLE LANE,
370,12.339,car,yolo11n,0.4686,54.28,2.849,19.054,1.0,True,SAFE,car AT SAFE DISTANCE,
370,12.339,car,yolo11n,0.4474,38.6,16.993,2.272,0.0,False,SAFE,car OUTSIDE VEHICLE LANE,
370,12.339,car,yolo11n,0.3903,37.88,0.0,,1.0,True,SAFE,car AT SAFE DISTANCE,
372,12.405,car,yolo11n,0.9162,11.14,12.273,0.908,0.173,False,SAFE,car OUTSIDE VEHICLE LANE,
372,12.405,car,yolo11n,0.7634,19.6,1.092,17.942,0.088,False,SAFE,car OUTSIDE VEHICLE LANE,
372,12.405,car,yolo11n,0.7303,18.61,0.0,,0.0,False,SAFE,car OUTSIDE VEHICLE LANE,
372,12.405,car,yolo11n,0.5521,36.4,20.991,1.734,0.0,False,SAFE,car OUTSIDE VEHICLE LANE,
372,12.405,car,yolo11n,0.4622,36.0,0.0,,0.0,False,SAFE,car OUTSIDE VEHICLE LANE,
372,12.405,car,yolo11n,0.3743,53.65,3.059,17.54,1.0,True,SAFE,car AT SAFE DISTANCE,
374,12.472,car,yolo11n,0.8753,10.58,11.545,0.916,0.394,True,CRITICAL,BRAKE NOW - car TOO CLOSE,/Users/witchjenjen/Documents/GitHub/AIproject/output/incidents/road_video_2.mp4_f374_CRITICAL_car.jpg
374,12.472,car,yolo11n,0.7047,19.52,0.964,20.251,0.167,False,SAFE,car OUTSIDE VEHICLE LANE,
374,12.472,car,yolo11n,0.6625,20.58,0.0,,0.0,False,SAFE,car OUTSIDE VEHICLE LANE,
374,12.472,car,yolo11n,0.6377,35.65,0.0,,0.0,False,SAFE,car OUTSIDE VEHICLE LANE,
374,12.472,car,yolo11n,0.5424,42.07,10.146,4.147,0.0,False,SAFE,car OUTSIDE VEHICLE LANE,
374,12.472,car,yolo11n,0.5399,35.26,20.212,1.745,0.0,False,SAFE,car OUTSIDE VEHICLE LANE,
374,12.472,car,yolo11n,0.3794,54.92,2.199,24.974,1.0,True,SAFE,car AT SAFE DISTANCE,
374,12.472,car,yolo11n,0.3283,39.32,0.0,,1.0,True,SAFE,car AT SAFE DISTANCE,
376,12.539,car,yolo11n,0.8989,10.1,10.538,0.958,0.591,True,CRITICAL,BRAKE NOW - car TOO CLOSE,
376,12.539,car,yolo11n,0.7886,19.27,1.285,14.994,0.268,True,SAFE,car AT SAFE DISTANCE,
376,12.539,car,yolo11n,0.7736,17.78,0.0,,0.0,False,SAFE,car OUTSIDE VEHICLE LANE,
376,12.539,car,yolo11n,0.7138,35.42,4.348,8.146,0.0,False,SAFE,car OUTSIDE VEHICLE LANE,
376,12.539,car,yolo11n,0.5469,34.23,19.417,1.763,0.0,False,SAFE,car OUTSIDE VEHICLE LANE,
376,12.539,car,yolo11n,0.4861,41.57,10.054,4.135,0.0,False,SAFE,car OUTSIDE VEHICLE LANE,
376,12.539,car,yolo11n,0.3641,55.74,6.147,9.067,1.0,True,SAFE,car AT SAFE DISTANCE,
376,12.539,car,yolo11n,0.3573,40.26,0.0,,1.0,True,SAFE,car AT SAFE DISTANCE,
378,12.605,car,yolo11n,0.9071,9.74,9.318,1.045,0.76,True,CRITICAL,BRAKE NOW - car TOO CLOSE,
378,12.605,car,yolo11n,0.8205,22.58,0.0,,0.0,False,SAFE,car OUTSIDE VEHICLE LANE,
378,12.605,car,yolo11n,0.8067,19.21,1.05,18.303,0.362,True,SAFE,car AT SAFE DISTANCE,
378,12.605,car,yolo11n,0.764,34.63,6.847,5.058,0.0,False,SAFE,car OUTSIDE VEHICLE LANE,
378,12.605,car,yolo11n,0.6285,33.56,18.078,1.856,0.0,False,SAFE,car OUTSIDE VEHICLE LANE,
378,12.605,car,yolo11n,0.497,43.36,7.055,6.146,0.0,False,SAFE,car OUTSIDE VEHICLE LANE,
378,12.605,car,yolo11n,0.4562,56.28,3.984,14.126,1.0,True,SAFE,car AT SAFE DISTANCE,
378,12.605,car,yolo11n,0.4388,41.38,0.0,,1.0,True,SAFE,car AT SAFE DISTANCE,
380,12.672,car,yolo11n,0.9205,9.43,8.247,1.144,0.924,True,CRITICAL,BRAKE NOW - car TOO CLOSE,
380,12.672,car,yolo11n,0.7653,28.04,0.0,,0.0,False,SAFE,car OUTSIDE VEHICLE LANE,
380,12.672,car,yolo11n,0.7626,33.16,0.0,,0.0,False,SAFE,car OUTSIDE VEHICLE LANE,
380,12.672,car,yolo11n,0.6809,32.84,17.168,1.913,0.0,False,SAFE,car OUTSIDE VEHICLE LANE,
380,12.672,car,yolo11n,0.6809,19.17,1.135,16.886,0.453,True,SAFE,car AT SAFE DISTANCE,
380,12.672,car,yolo11n,0.5052,55.75,4.477,12.453,1.0,True,SAFE,car AT SAFE DISTANCE,
380,12.672,car,yolo11n,0.3401,42.65,0.0,,1.0,True,SAFE,car AT SAFE DISTANCE,
382,12.739,car,yolo11n,0.9129,9.15,7.176,1.275,0.998,True,CRITICAL,BRAKE NOW - car TOO CLOSE,
382,12.739,car,yolo11n,0.8143,32.31,0.0,,0.0,False,SAFE,car OUTSIDE VEHICLE LANE,
382,12.739,car,yolo11n,0.7111,31.84,18.161,1.753,0.0,False,SAFE,car OUTSIDE VEHICLE LANE,
382,12.739,car,yolo11n,0.4429,19.14,1.414,13.539,0.554,True,SAFE,car AT SAFE DISTANCE,
382,12.739,car,yolo11n,0.3766,56.28,0.0,,1.0,True,SAFE,car AT SAFE DISTANCE,
384,12.805,car,yolo11n,0.9036,8.93,6.147,1.453,1.0,True,CRITICAL,BRAKE NOW - car TOO CLOSE,
384,12.805,car,yolo11n,0.8435,31.76,10.496,3.026,0.0,False,SAFE,car OUTSIDE VEHICLE LANE,
384,12.805,car,yolo11n,0.6876,30.95,16.386,1.889,0.0,False,SAFE,car OUTSIDE VEHICLE LANE,
384,12.805,car,yolo11n,0.4798,19.55,0.0,,0.644,True,SAFE,car AT SAFE DISTANCE,
384,12.805,car,yolo11n,0.3003,54.96,0.0,,1.0,True,SAFE,car AT SAFE DISTANCE,
386,12.872,car,yolo11n,0.8998,8.72,5.184,1.682,1.0,True,WARNING,SLOW DOWN AND INCREASE FOLLOWING DISTANCE,/Users/witchjenjen/Documents/GitHub/AIproject/output/incidents/road_video_2.mp4_f386_WARNING_car.jpg
386,12.872,car,yolo11n,0.8554,31.14,10.096,3.084,0.0,False,SAFE,car OUTSIDE VEHICLE LANE,
386,12.872,car,yolo11n,0.6493,30.88,11.824,2.612,0.0,False,SAFE,car OUTSIDE VEHICLE LANE,
386,12.872,car,yolo11n,0.4446,19.94,0.0,,0.748,True,SAFE,car AT SAFE DISTANCE,
386,12.872,car,yolo11n,0.4192,34.05,0.0,,1.0,True,SAFE,car AT SAFE DISTANCE,
388,12.939,car,yolo11n,0.9057,8.61,4.22,2.04,1.0,True,WARNING,SLOW DOWN AND INCREASE FOLLOWING DISTANCE,
388,12.939,car,yolo11n,0.8403,30.74,9.071,3.389,0.0,False,SAFE,car OUTSIDE VEHICLE LANE,
388,12.939,car,yolo11n,0.7234,31.38,8.311,3.776,0.0,False,SAFE,car OUTSIDE VEHICLE LANE,
388,12.939,car,yolo11n,0.5192,20.07,0.0,,0.829,True,SAFE,car AT SAFE DISTANCE,
388,12.939,car,yolo11n,0.4261,34.73,0.0,,1.0,True,SAFE,car AT SAFE DISTANCE,
390,13.005,car,yolo11n,0.8803,8.54,3.341,2.556,1.0,True,WARNING,SLOW DOWN AND INCREASE FOLLOWING DISTANCE,
390,13.005,car,yolo11n,0.778,30.01,9.446,3.177,0.0,False,SAFE,car OUTSIDE VEHICLE LANE,
390,13.005,car,yolo11n,0.7193,32.31,4.113,7.856,0.0,False,SAFE,car OUTSIDE VEHICLE LANE,
390,13.005,car,yolo11n,0.5519,20.4,0.0,,0.962,True,SAFE,car AT SAFE DISTANCE,
392,13.072,car,yolo11n,0.8971,8.51,2.635,3.23,1.0,True,CAUTION,CAUTION - car IN VEHICLE LANE,
392,13.072,car,yolo11n,0.7527,29.3,9.646,3.038,0.0,False,SAFE,car OUTSIDE VEHICLE LANE,
392,13.072,car,yolo11n,0.7144,33.97,0.0,,0.0,False,SAFE,car OUTSIDE VEHICLE LANE,
392,13.072,car,yolo11n,0.4778,20.73,0.0,,0.998,True,SAFE,car AT SAFE DISTANCE,
394,13.139,car,yolo11n,0.9229,8.59,1.799,4.774,1.0,True,CAUTION,CAUTION - car IN VEHICLE LANE,
394,13.139,car,yolo11n,0.7057,28.63,9.703,2.951,0.0,False,SAFE,car OUTSIDE VEHICLE LANE,
394,13.139,car,yolo11n,0.5745,35.45,0.0,,0.0,False,SAFE,car OUTSIDE VEHICLE LANE,
394,13.139,car,yolo11n,0.4547,20.71,0.0,,1.0,True,SAFE,car AT SAFE DISTANCE,
396,13.206,car,yolo11n,0.9066,8.69,0.985,8.82,1.0,True,CAUTION,CAUTION - car IN VEHICLE LANE,
396,13.206,car,yolo11n,0.6305,28.0,9.232,3.033,0.0,False,SAFE,car OUTSIDE VEHICLE LANE,
396,13.206,car,yolo11n,0.5335,20.94,0.0,,1.0,True,SAFE,car AT SAFE DISTANCE,
396,13.206,car,yolo11n,0.5138,38.79,0.0,,0.0,False,SAFE,car OUTSIDE VEHICLE LANE,
398,13.272,car,yolo11n,0.9163,8.82,0.236,37.434,1.0,True,CAUTION,CAUTION - car IN VEHICLE LANE,
398,13.272,car,yolo11n,0.5872,27.38,9.382,2.918,0.0,False,SAFE,car OUTSIDE VEHICLE LANE,
398,13.272,car,yolo11n,0.4019,21.77,0.0,,1.0,True,SAFE,car AT SAFE DISTANCE,
400,13.339,car,yolo11n,0.878,9.02,0.0,,1.0,True,CAUTION,CAUTION - car IN VEHICLE LANE,
400,13.339,car,yolo11n,0.6067,26.99,8.889,3.036,0.0,False,SAFE,car OUTSIDE VEHICLE LANE,
402,13.406,car,yolo11n,0.846,9.18,0.0,,1.0,True,CAUTION,CAUTION - car IN VEHICLE LANE,
402,13.406,car,yolo11n,0.6179,26.36,9.382,2.81,0.0,False,SAFE,car OUTSIDE VEHICLE LANE,
402,13.406,car,yolo11n,0.437,53.36,0.29,184.077,1.0,True,SAFE,car AT SAFE DISTANCE,
404,13.472,car,yolo11n,0.8487,9.36,0.0,,1.0,True,CAUTION,CAUTION - car IN VEHICLE LANE,
404,13.472,car,yolo11n,0.4982,51.02,3.898,13.088,1.0,True,SAFE,car AT SAFE DISTANCE,
404,13.472,car,yolo11n,0.4842,25.96,8.675,2.993,0.0,False,SAFE,car OUTSIDE VEHICLE LANE,
406,13.539,car,yolo11n,0.8805,9.58,0.0,,1.0,True,CAUTION,CAUTION - car IN VEHICLE LANE,
406,13.539,car,yolo11n,0.5814,24.89,9.446,2.635,0.0,False,SAFE,car OUTSIDE VEHICLE LANE,
406,13.539,car,yolo11n,0.4307,50.8,4.938,10.288,1.0,True,SAFE,car AT SAFE DISTANCE,
408,13.606,car,yolo11n,0.8242,9.97,0.0,,1.0,True,CAUTION,CAUTION - car IN VEHICLE LANE,
408,13.606,car,yolo11n,0.5926,49.36,6.917,7.136,1.0,True,SAFE,car AT SAFE DISTANCE,
408,13.606,car,yolo11n,0.4501,24.2,9.489,2.55,0.0,False,SAFE,car OUTSIDE VEHICLE LANE,
410,13.672,car,yolo11n,0.7961,10.45,0.0,,1.0,True,CAUTION,CAUTION - car IN VEHICLE LANE,
410,13.672,car,yolo11n,0.5015,47.83,7.917,6.042,1.0,True,SAFE,car AT SAFE DISTANCE,
412,13.739,car,yolo11n,0.8226,10.92,0.0,,1.0,True,CAUTION,CAUTION - car IN VEHICLE LANE,
412,13.739,car,yolo11n,0.6197,46.84,9.436,4.964,1.0,True,CAUTION,CAUTION - car IN VEHICLE LANE,
414,13.806,car,yolo11n,0.7927,11.42,0.0,,1.0,True,CAUTION,CAUTION - car IN VEHICLE LANE,
414,13.806,car,yolo11n,0.6234,46.2,8.756,5.276,1.0,True,SAFE,car AT SAFE DISTANCE,
414,13.806,car,yolo11n,0.4652,36.0,0.0,,1.0,True,SAFE,car AT SAFE DISTANCE,
414,13.806,car,yolo11n,0.4053,25.2,0.0,,1.0,True,SAFE,car AT SAFE DISTANCE,
416,13.872,car,yolo11n,0.6722,11.97,0.0,,1.0,True,CAUTION,CAUTION - car IN VEHICLE LANE,
416,13.872,car,yolo11n,0.5171,44.73,18.485,2.42,1.0,True,WARNING,SLOW DOWN AND INCREASE FOLLOWING DISTANCE,/Users/witchjenjen/Documents/GitHub/AIproject/output/incidents/road_video_2.mp4_f416_WARNING_car.jpg
416,13.872,car,yolo11n,0.4367,25.03,0.0,,1.0,True,SAFE,car AT SAFE DISTANCE,
416,13.872,car,yolo11n,0.3939,37.63,0.0,,1.0,True,SAFE,car AT SAFE DISTANCE,
418,13.939,car,yolo11n,0.6867,12.52,0.0,,1.0,True,CAUTION,CAUTION - car IN VEHICLE LANE,
418,13.939,car,yolo11n,0.6343,24.29,6.822,3.56,1.0,True,CAUTION,CAUTION - car IN VEHICLE LANE,
418,13.939,car,yolo11n,0.6243,44.28,14.437,3.067,1.0,True,CAUTION,CAUTION - car IN VEHICLE LANE,
418,13.939,car,yolo11n,0.4629,38.24,0.0,,1.0,True,SAFE,car AT SAFE DISTANCE,
418,13.939,car,yolo11n,0.3384,23.08,6.706,3.442,0.0,False,SAFE,car OUTSIDE VEHICLE LANE,
420,14.006,car,yolo11n,0.7368,13.1,0.0,,1.0,True,CAUTION,CAUTION - car IN VEHICLE LANE,
420,14.006,car,yolo11n,0.5054,44.53,13.43,3.316,1.0,True,CAUTION,CAUTION - car IN VEHICLE LANE,
420,14.006,car,yolo11n,0.4878,39.08,0.0,,1.0,True,SAFE,car AT SAFE DISTANCE,
420,14.006,fire hydrant,yolo11n,0.4679,43.08,0.0,,0.0,False,SAFE,fire hydrant OUTSIDE VEHICLE LANE,
420,14.006,truck,yolo11n,0.4034,31.82,0.0,,1.0,True,SAFE,truck AT SAFE DISTANCE,
422,14.073,car,yolo11n,0.7985,13.76,0.0,,1.0,True,CAUTION,CAUTION - car IN VEHICLE LANE,
422,14.073,fire hydrant,yolo11n,0.6651,43.08,0.0,,0.0,False,SAFE,fire hydrant OUTSIDE VEHICLE LANE,
422,14.073,car,yolo11n,0.5651,23.95,4.686,5.111,1.0,True,SAFE,car AT SAFE DISTANCE,
422,14.073,car,yolo11n,0.5066,38.77,0.0,,1.0,True,SAFE,car AT SAFE DISTANCE,
422,14.073,car,yolo11n,0.4987,45.28,8.739,5.181,1.0,True,SAFE,car AT SAFE DISTANCE,
424,14.139,car,yolo11n,0.8127,14.6,0.0,,1.0,True,SAFE,car AT SAFE DISTANCE,
424,14.139,car,yolo11n,0.6192,37.45,0.0,,1.0,True,SAFE,car AT SAFE DISTANCE,
424,14.139,fire hydrant,yolo11n,0.5957,43.08,0.0,,0.0,False,SAFE,fire hydrant OUTSIDE VEHICLE LANE,
424,14.139,car,yolo11n,0.4479,43.22,9.874,4.377,1.0,True,CAUTION,CAUTION - car IN VEHICLE LANE,
424,14.139,car,yolo11n,0.4132,24.22,2.939,8.242,1.0,True,SAFE,car AT SAFE DISTANCE,
426,14.206,car,yolo11n,0.8323,15.37,0.0,,1.0,True,SAFE,car AT SAFE DISTANCE,
426,14.206,car,yolo11n,0.5803,36.59,0.0,,1.0,True,SAFE,car AT SAFE DISTANCE,
426,14.206,fire hydrant,yolo11n,0.4701,42.0,5.398,7.781,0.0,False,SAFE,fire hydrant OUTSIDE VEHICLE LANE,
426,14.206,car,yolo11n,0.4665,42.32,9.682,4.371,1.0,True,CAUTION,CAUTION - car IN VEHICLE LANE,
426,14.206,car,yolo11n,0.4398,24.39,2.024,12.049,1.0,True,SAFE,car AT SAFE DISTANCE,
426,14.206,car,yolo11n,0.4024,22.0,5.762,3.818,0.0,False,SAFE,car OUTSIDE VEHICLE LANE,
428,14.273,car,yolo11n,0.8163,16.11,0.0,,1.0,True,SAFE,car AT SAFE DISTANCE,
428,14.273,car,yolo11n,0.613,20.88,6.544,3.191,0.0,False,SAFE,car OUTSIDE VEHICLE LANE,
428,14.273,car,yolo11n,0.5236,36.03,0.0,,1.0,True,SAFE,car AT SAFE DISTANCE,
428,14.273,car,yolo11n,0.4503,54.78,0.0,,1.0,True,SAFE,car AT SAFE DISTANCE,
428,14.273,car,yolo11n,0.4425,41.73,9.575,4.358,1.0,True,CAUTION,CAUTION - car IN VEHICLE LANE,
428,14.273,car,yolo11n,0.3523,24.33,1.864,13.056,1.0,True,SAFE,car AT SAFE DISTANCE,
428,14.273,fire hydrant,yolo11n,0.3214,42.38,2.624,16.152,0.0,False,SAFE,fire hydrant OUTSIDE VEHICLE LANE,
430,14.339,car,yolo11n,0.822,16.87,0.0,,1.0,True,SAFE,car AT SAFE DISTANCE,
430,14.339,car,yolo11n,0.6256,36.02,3.449,10.445,1.0,True,SAFE,car AT SAFE DISTANCE,
430,14.339,car,yolo11n,0.5484,20.16,6.64,3.036,0.0,False,SAFE,car OUTSIDE VEHICLE LANE,
430,14.339,car,yolo11n,0.3845,53.98,0.0,,1.0,True,SAFE,car AT SAFE DISTANCE,
430,14.339,car,yolo11n,0.3719,41.83,6.212,6.734,1.0,True,SAFE,car AT SAFE DISTANCE,
430,14.339,truck,yolo11n,0.3466,32.93,0.0,,1.0,True,SAFE,truck AT SAFE DISTANCE,
432,14.406,car,yolo11n,0.7996,17.64,0.0,,1.0,True,SAFE,car AT SAFE DISTANCE,
432,14.406,car,yolo11n,0.64,19.32,7.111,2.717,0.0,False,SAFE,car OUTSIDE VEHICLE LANE,
432,14.406,car,yolo11n,0.619,35.02,6.897,5.077,1.0,True,SAFE,car AT SAFE DISTANCE,
432,14.406,car,yolo11n,0.5233,51.42,25.189,2.041,1.0,True,WARNING,SLOW DOWN AND INCREASE FOLLOWING DISTANCE,/Users/witchjenjen/Documents/GitHub/AIproject/output/incidents/road_video_2.mp4_f432_WARNING_car.jpg
432,14.406,truck,yolo11n,0.4365,31.79,0.0,,1.0,True,SAFE,truck AT SAFE DISTANCE,
434,14.473,car,yolo11n,0.7413,18.47,0.0,,1.0,True,SAFE,car AT SAFE DISTANCE,
434,14.473,car,yolo11n,0.6488,18.77,6.554,2.864,0.0,False,SAFE,car OUTSIDE VEHICLE LANE,
434,14.473,car,yolo11n,0.5933,34.07,10.731,3.175,1.0,True,CAUTION,CAUTION - car IN VEHICLE LANE,
436,14.539,car,yolo11n,0.7994,19.35,0.0,,1.0,True,SAFE,car AT SAFE DISTANCE,
436,14.539,car,yolo11n,0.7366,18.32,6.297,2.909,0.0,False,SAFE,car OUTSIDE VEHICLE LANE,
436,14.539,car,yolo11n,0.4223,33.17,11.995,2.765,1.0,True,WARNING,SLOW DOWN AND INCREASE FOLLOWING DISTANCE,/Users/witchjenjen/Documents/GitHub/AIproject/output/incidents/road_video_2.mp4_f436_WARNING_car.jpg
438,14.606,car,yolo11n,0.7538,17.95,7.692,2.334,0.0,False,SAFE,car OUTSIDE VEHICLE LANE,
438,14.606,car,yolo11n,0.7005,20.06,0.0,,1.0,True,SAFE,car AT SAFE DISTANCE,
438,14.606,car,yolo11n,0.3544,33.48,8.504,3.937,1.0,True,CAUTION,CAUTION - car IN VEHICLE LANE,
440,14.673,car,yolo11n,0.7596,17.63,9.36,1.883,0.0,False,SAFE,car OUTSIDE VEHICLE LANE,
440,14.673,car,yolo11n,0.6691,20.39,0.0,,1.0,True,SAFE,car AT SAFE DISTANCE,
442,14.74,car,yolo11n,0.7582,20.85,0.0,,1.0,True,SAFE,car AT SAFE DISTANCE,
442,14.74,car,yolo11n,0.6868,17.34,7.583,2.287,0.0,False,SAFE,car OUTSIDE VEHICLE LANE,
442,14.74,car,yolo11n,0.4071,32.26,8.115,3.975,1.0,True,CAUTION,CAUTION - car IN VEHICLE LANE,
444,14.806,car,yolo11n,0.7451,17.07,6.619,2.579,0.0,False,SAFE,car OUTSIDE VEHICLE LANE,
444,14.806,car,yolo11n,0.5504,21.57,0.0,,1.0,True,SAFE,car AT SAFE DISTANCE,
444,14.806,car,yolo11n,0.4317,30.99,9.446,3.281,1.0,True,CAUTION,CAUTION - car IN VEHICLE LANE,
446,14.873,car,yolo11n,0.702,16.9,5.184,3.26,0.0,False,SAFE,car OUTSIDE VEHICLE LANE,
446,14.873,car,yolo11n,0.5601,22.19,0.0,,1.0,True,SAFE,car AT SAFE DISTANCE,
446,14.873,car,yolo11n,0.5263,28.97,13.213,2.193,1.0,True,WARNING,SLOW DOWN AND INCREASE FOLLOWING DISTANCE,
448,14.94,car,yolo11n,0.663,16.57,4.712,3.516,0.0,False,SAFE,car OUTSIDE VEHICLE LANE,
448,14.94,car,yolo11n,0.6443,22.9,0.0,,1.0,True,SAFE,car AT SAFE DISTANCE,
448,14.94,car,yolo11n,0.4535,54.78,0.0,,1.0,True,SAFE,car AT SAFE DISTANCE,
450,15.006,car,yolo11n,0.7147,23.54,0.0,,1.0,True,SAFE,car AT SAFE DISTANCE,
450,15.006,car,yolo11n,0.6258,16.15,4.648,3.475,0.0,False,SAFE,car OUTSIDE VEHICLE LANE,
452,15.073,car,yolo11n,0.7282,23.95,0.0,,1.0,True,SAFE,car AT SAFE DISTANCE,
452,15.073,car,yolo11n,0.6867,15.81,4.584,3.449,0.0,False,SAFE,car OUTSIDE VEHICLE LANE,
452,15.073,car,yolo11n,0.529,31.5,0.0,,1.0,True,SAFE,car AT SAFE DISTANCE,
454,15.14,car,yolo11n,0.7543,24.21,0.0,,1.0,True,SAFE,car AT SAFE DISTANCE,
454,15.14,car,yolo11n,0.6495,15.46,4.648,3.326,0.0,False,SAFE,car OUTSIDE VEHICLE LANE,
454,15.14,car,yolo11n,0.4969,31.78,0.0,,1.0,True,SAFE,car AT SAFE DISTANCE,
456,15.206,car,yolo11n,0.7297,24.39,0.0,,1.0,True,SAFE,car AT SAFE DISTANCE,
456,15.206,car,yolo11n,0.6352,15.18,4.627,3.281,0.0,False,SAFE,car OUTSIDE VEHICLE LANE,
458,15.273,car,yolo11n,0.6648,24.67,0.0,,1.0,True,SAFE,car AT SAFE DISTANCE,
458,15.273,car,yolo11n,0.5196,14.93,4.584,3.257,0.0,False,SAFE,car OUTSIDE VEHICLE LANE,
460,15.34,car,yolo11n,0.6585,25.22,0.0,,1.0,True,SAFE,car AT SAFE DISTANCE,
460,15.34,car,yolo11n,0.5053,14.66,4.798,3.055,0.0,False,SAFE,car OUTSIDE VEHICLE LANE,
462,15.406,car,yolo11n,0.6042,14.49,4.455,3.252,0.0,False,SAFE,car OUTSIDE VEHICLE LANE,
462,15.406,car,yolo11n,0.5355,25.78,0.0,,1.0,True,SAFE,car AT SAFE DISTANCE,
462,15.406,car,yolo11n,0.5043,46.67,0.0,,1.0,True,SAFE,car AT SAFE DISTANCE,
464,15.473,car,yolo11n,0.6915,14.26,4.048,3.522,0.0,False,SAFE,car OUTSIDE VEHICLE LANE,
464,15.473,car,yolo11n,0.5355,26.14,0.0,,1.0,True,SAFE,car AT SAFE DISTANCE,
464,15.473,car,yolo11n,0.5234,45.54,0.0,,1.0,True,SAFE,car AT SAFE DISTANCE,
466,15.54,car,yolo11n,0.6765,43.39,24.59,1.765,1.0,True,WARNING,SLOW DOWN AND INCREASE FOLLOWING DISTANCE,/Users/witchjenjen/Documents/GitHub/AIproject/output/incidents/road_video_2.mp4_f466_WARNING_car.jpg
466,15.54,car,yolo11n,0.6694,14.01,3.856,3.634,0.0,False,SAFE,car OUTSIDE VEHICLE LANE,
466,15.54,car,yolo11n,0.544,26.37,0.0,,1.0,True,SAFE,car AT SAFE DISTANCE,
468,15.607,car,yolo11n,0.7272,13.7,3.77,3.634,0.0,False,SAFE,car OUTSIDE VEHICLE LANE,
468,15.607,car,yolo11n,0.637,26.53,0.0,,1.0,True,SAFE,car AT SAFE DISTANCE,
468,15.607,car,yolo11n,0.5378,42.43,21.191,2.002,1.0,True,WARNING,SLOW DOWN AND INCREASE FOLLOWING DISTANCE,
470,15.673,car,yolo11n,0.7586,13.41,3.791,3.537,0.0,False,SAFE,car OUTSIDE VEHICLE LANE,
470,15.673,car,yolo11n,0.666,26.63,0.0,,1.0,True,SAFE,car AT SAFE DISTANCE,
470,15.673,car,yolo11n,0.5808,41.81,18.217,2.295,1.0,True,WARNING,SLOW DOWN AND INCREASE FOLLOWING DISTANCE,
472,15.74,car,yolo11n,0.8061,13.12,3.877,3.384,0.0,False,SAFE,car OUTSIDE VEHICLE LANE,
472,15.74,car,yolo11n,0.7031,26.89,0.0,,1.0,True,SAFE,car AT SAFE DISTANCE,
472,15.74,car,yolo11n,0.4418,40.96,17.123,2.392,1.0,True,WARNING,SLOW DOWN AND INCREASE FOLLOWING DISTANCE,
474,15.807,car,yolo11n,0.7183,12.9,3.77,3.422,0.0,False,SAFE,car OUTSIDE VEHICLE LANE,
474,15.807,car,yolo11n,0.6495,26.86,0.0,,1.0,True,SAFE,car AT SAFE DISTANCE,
474,15.807,car,yolo11n,0.5502,39.98,16.718,2.391,1.0,True,WARNING,SLOW DOWN AND INCREASE FOLLOWING DISTANCE,
476,15.873,car,yolo11n,0.7438,12.63,3.984,3.17,0.0,False,SAFE,car OUTSIDE VEHICLE LANE,
476,15.873,car,yolo11n,0.6662,27.26,0.0,,1.0,True,SAFE,car AT SAFE DISTANCE,
476,15.873,car,yolo11n,0.4777,38.96,16.514,2.359,0.778,True,WARNING,SLOW DOWN AND INCREASE FOLLOWING DISTANCE,
478,15.94,car,yolo11n,0.7176,27.52,0.0,,1.0,True,SAFE,car AT SAFE DISTANCE,
478,15.94,car,yolo11n,0.7084,12.41,3.963,3.132,0.0,False,SAFE,car OUTSIDE VEHICLE LANE,
478,15.94,car,yolo11n,0.4063,38.3,15.508,2.47,0.5,True,WARNING,SLOW DOWN AND INCREASE FOLLOWING DISTANCE,
480,16.007,car,yolo11n,0.7614,28.14,0.0,,1.0,True,SAFE,car AT SAFE DISTANCE,
480,16.007,car,yolo11n,0.7367,12.19,3.898,3.127,0.0,False,SAFE,car OUTSIDE VEHICLE LANE,
480,16.007,car,yolo11n,0.5588,37.14,13.387,2.774,0.0,False,SAFE,car OUTSIDE VEHICLE LANE,
482,16.073,car,yolo11n,0.6704,11.93,3.791,3.147,0.0,False,SAFE,car OUTSIDE VEHICLE LANE,
482,16.073,car,yolo11n,0.6595,29.05,0.0,,1.0,True,SAFE,car AT SAFE DISTANCE,
482,16.073,car,yolo11n,0.5897,35.75,14.308,2.499,0.0,False,SAFE,car OUTSIDE VEHICLE LANE,
484,16.14,car,yolo11n,0.6789,11.66,3.748,3.111,0.0,False,SAFE,car OUTSIDE VEHICLE LANE,
484,16.14,car,yolo11n,0.6455,34.55,15.551,2.222,0.0,False,SAFE,car OUTSIDE VEHICLE LANE,
484,16.14,car,yolo11n,0.634,29.38,0.0,,1.0,True,SAFE,car AT SAFE DISTANCE,
484,16.14,car,yolo11n,0.5784,31.5,0.0,,0.0,False,SAFE,car OUTSIDE VEHICLE LANE,
486,16.207,car,yolo11n,0.7699,11.38,3.727,3.053,0.0,False,SAFE,car OUTSIDE VEHICLE LANE,
486,16.207,car,yolo11n,0.6728,29.85,0.0,,1.0,True,SAFE,car AT SAFE DISTANCE,
486,16.207,car,yolo11n,0.612,33.48,16.022,2.09,0.038,False,SAFE,car OUTSIDE VEHICLE LANE,
486,16.207,car,yolo11n,0.5941,31.23,0.0,,0.0,False,SAFE,car OUTSIDE VEHICLE LANE,
488,16.273,car,yolo11n,0.7962,11.1,3.856,2.879,0.0,False,SAFE,car OUTSIDE VEHICLE LANE,
488,16.273,car,yolo11n,0.6893,30.16,0.0,,1.0,True,SAFE,car AT SAFE DISTANCE,
488,16.273,car,yolo11n,0.5883,32.26,16.536,1.951,0.167,False,SAFE,car OUTSIDE VEHICLE LANE,
488,16.273,car,yolo11n,0.566,30.55,0.0,,0.0,False,SAFE,car OUTSIDE VEHICLE LANE,
488,16.273,potted plant,yolo11n,0.4801,13.66,0.0,,0.0,False,SAFE,potted plant OUTSIDE VEHICLE LANE,
490,16.34,car,yolo11n,0.8062,10.86,3.791,2.864,0.0,False,SAFE,car OUTSIDE VEHICLE LANE,
490,16.34,car,yolo11n,0.6647,30.63,0.0,,1.0,True,SAFE,car AT SAFE DISTANCE,
490,16.34,car,yolo11n,0.6298,31.22,16.579,1.883,0.252,True,WARNING,SLOW DOWN AND INCREASE FOLLOWING DISTANCE,
490,16.34,potted plant,yolo11n,0.6159,13.44,0.0,,0.0,False,SAFE,potted plant OUTSIDE VEHICLE LANE,
490,16.34,car,yolo11n,0.597,30.12,0.0,,0.0,False,SAFE,car OUTSIDE VEHICLE LANE,
492,16.407,car,yolo11n,0.7457,10.67,3.727,2.863,0.0,False,SAFE,car OUTSIDE VEHICLE LANE,
492,16.407,car,yolo11n,0.7182,30.1,17.564,1.714,0.308,True,WARNING,SLOW DOWN AND INCREASE FOLLOWING DISTANCE,
492,16.407,car,yolo11n,0.6748,30.93,0.0,,1.0,True,SAFE,car AT SAFE DISTANCE,
492,16.407,car,yolo11n,0.645,29.83,0.0,,0.0,False,SAFE,car OUTSIDE VEHICLE LANE,
492,16.407,potted plant,yolo11n,0.3569,13.4,1.949,6.875,0.0,False,SAFE,potted plant OUTSIDE VEHICLE LANE,
494,16.474,car,yolo11n,0.8084,10.44,3.748,2.785,0.0,False,SAFE,car OUTSIDE VEHICLE LANE,
494,16.474,car,yolo11n,0.7438,28.75,17.971,1.6,0.339,True,WARNING,SLOW DOWN AND INCREASE FOLLOWING DISTANCE,
494,16.474,car,yolo11n,0.6296,31.42,0.0,,1.0,True,SAFE,car AT SAFE DISTANCE,
494,16.474,car,yolo11n,0.6185,29.41,0.0,,0.0,False,SAFE,car OUTSIDE VEHICLE LANE,
494,16.474,potted plant,yolo11n,0.4238,13.37,1.449,9.225,0.0,False,SAFE,potted plant OUTSIDE VEHICLE LANE,
496,16.54,car,yolo11n,0.7613,9.69,6.363,1.523,0.0,False,SAFE,car OUTSIDE VEHICLE LANE,
496,16.54,car,yolo11n,0.7589,26.85,19.063,1.408,0.353,True,CRITICAL,BRAKE NOW - car TOO CLOSE,/Users/witchjenjen/Documents/GitHub/AIproject/output/incidents/road_video_2.mp4_f496_CRITICAL_car.jpg
496,16.54,car,yolo11n,0.6702,32.03,0.0,,1.0,True,SAFE,car AT SAFE DISTANCE,
496,16.54,potted plant,yolo11n,0.6353,13.47,0.712,18.913,0.0,False,SAFE,potted plant OUTSIDE VEHICLE LANE,
496,16.54,bench,yolo11n,0.5725,5.33,0.0,,0.0,False,SAFE,bench OUTSIDE VEHICLE LANE,
496,16.54,car,yolo11n,0.4862,29.62,0.0,,0.0,False,SAFE,car OUTSIDE VEHICLE LANE,
498,16.607,car,yolo11n,0.7899,9.64,6.274,1.537,0.0,False,SAFE,car OUTSIDE VEHICLE LANE,
498,16.607,car,yolo11n,0.7478,25.77,18.806,1.37,0.327,True,CRITICAL,BRAKE NOW - car TOO CLOSE,
498,16.607,car,yolo11n,0.6273,32.13,0.0,,1.0,True,SAFE,car AT SAFE DISTANCE,
498,16.607,potted plant,yolo11n,0.5794,13.42,0.72,18.647,0.0,False,SAFE,potted plant OUTSIDE VEHICLE LANE,
498,16.607,car,yolo11n,0.4733,42.0,0.0,,1.0,True,SAFE,car AT SAFE DISTANCE,
498,16.607,car,yolo11n,0.3913,29.28,4.755,6.158,0.0,False,SAFE,car OUTSIDE VEHICLE LANE,
500,16.674,car,yolo11n,0.8389,9.53,6.201,1.537,0.0,False,SAFE,car OUTSIDE VEHICLE LANE,
500,16.674,car,yolo11n,0.7602,25.23,17.671,1.428,0.264,True,CRITICAL,BRAKE NOW - car TOO CLOSE,
500,16.674,car,yolo11n,0.6825,28.62,5.591,5.119,0.0,False,SAFE,car OUTSIDE VEHICLE LANE,
500,16.674,potted plant,yolo11n,0.6067,13.28,0.95,13.985,0.0,False,SAFE,potted plant OUTSIDE VEHICLE LANE,
500,16.674,car,yolo11n,0.5828,32.49,0.0,,1.0,True,SAFE,car AT SAFE DISTANCE,
500,16.674,car,yolo11n,0.4297,42.0,0.0,,1.0,True,SAFE,car AT SAFE DISTANCE,
500,16.674,car,yolo11n,0.3722,22.11,0.0,,1.0,True,SAFE,car AT SAFE DISTANCE,
502,16.74,car,yolo11n,0.8665,9.39,6.138,1.53,0.0,False,SAFE,car OUTSIDE VEHICLE LANE,
502,16.74,car,yolo11n,0.6928,25.22,15.079,1.672,0.255,True,WARNING,SLOW DOWN AND INCREASE FOLLOWING DISTANCE,
502,16.74,car,yolo11n,0.6346,28.19,5.055,5.577,0.0,False,SAFE,car OUTSIDE VEHICLE LANE,
502,16.74,car,yolo11n,0.4879,33.03,0.0,,1.0,True,SAFE,car AT SAFE DISTANCE,
502,16.74,potted plant,yolo11n,0.435,13.3,0.771,17.248,0.0,False,SAFE,potted plant OUTSIDE VEHICLE LANE,
502,16.74,car,yolo11n,0.3603,42.0,0.0,,1.0,True,SAFE,car AT SAFE DISTANCE,
502,16.74,car,yolo11n,0.3161,21.97,0.0,,1.0,True,SAFE,car AT SAFE DISTANCE,
504,16.807,car,yolo11n,0.8558,9.21,6.099,1.51,0.0,False,SAFE,car OUTSIDE VEHICLE LANE,
504,16.807,car,yolo11n,0.6703,25.04,13.237,1.892,0.172,False,SAFE,car OUTSIDE VEHICLE LANE,
504,16.807,car,yolo11n,0.5218,27.51,5.591,4.921,0.0,False,SAFE,car OUTSIDE VEHICLE LANE,
504,16.807,car,yolo11n,0.5044,33.39,0.0,,1.0,True,SAFE,car AT SAFE DISTANCE,
504,16.807,potted plant,yolo11n,0.482,13.1,0.728,17.988,0.0,False,SAFE,potted plant OUTSIDE VEHICLE LANE,
504,16.807,car,yolo11n,0.4225,21.76,2.624,8.293,1.0,True,SAFE,car AT SAFE DISTANCE,
504,16.807,car,yolo11n,0.4024,42.0,0.0,,1.0,True,SAFE,car AT SAFE DISTANCE,
506,16.874,car,yolo11n,0.8304,9.03,6.087,1.483,0.0,False,SAFE,car OUTSIDE VEHICLE LANE,
506,16.874,car,yolo11n,0.6957,33.62,0.0,,1.0,True,SAFE,car AT SAFE DISTANCE,
506,16.874,car,yolo11n,0.6593,24.3,12.423,1.956,0.127,False,SAFE,car OUTSIDE VEHICLE LANE,
506,16.874,car,yolo11n,0.6367,42.51,0.0,,1.0,True,SAFE,car AT SAFE DISTANCE,
506,16.874,potted plant,yolo11n,0.5534,12.97,0.921,14.082,0.0,False,SAFE,potted plant OUTSIDE VEHICLE LANE,
506,16.874,car,yolo11n,0.5432,25.71,0.0,,0.0,False,SAFE,car OUTSIDE VEHICLE LANE,
506,16.874,car,yolo11n,0.5338,21.37,3.698,5.778,1.0,True,SAFE,car AT SAFE DISTANCE,
508,16.94,car,yolo11n,0.802,8.85,5.947,1.488,0.0,False,SAFE,car OUTSIDE VEHICLE LANE,
508,16.94,car,yolo11n,0.6904,33.77,0.0,,1.0,True,SAFE,car AT SAFE DISTANCE,
508,16.94,potted plant,yolo11n,0.6864,12.69,1.457,8.712,0.0,False,SAFE,potted plant OUTSIDE VEHICLE LANE,
508,16.94,car,yolo11n,0.6227,42.84,0.0,,1.0,True,SAFE,car AT SAFE DISTANCE,
508,16.94,car,yolo11n,0.6113,24.11,9.939,2.426,0.073,False,SAFE,car OUTSIDE VEHICLE LANE,
508,16.94,car,yolo11n,0.4984,21.01,4.123,5.095,1.0,True,SAFE,car AT SAFE DISTANCE,
508,16.94,car,yolo11n,0.4855,54.78,0.0,,0.0,False,SAFE,car OUTSIDE VEHICLE LANE,
508,16.94,car,yolo11n,0.3469,26.09,0.0,,0.0,False,SAFE,car OUTSIDE VEHICLE LANE,
510,17.007,car,yolo11n,0.8479,8.63,2.27,3.801,0.0,False,SAFE,car OUTSIDE VEHICLE LANE,
510,17.007,car,yolo11n,0.7226,24.67,4.669,5.283,0.003,False,SAFE,car OUTSIDE VEHICLE LANE,
510,17.007,car,yolo11n,0.6924,33.56,0.0,,1.0,True,SAFE,car AT SAFE DISTANCE,
510,17.007,car,yolo11n,0.5505,42.54,0.0,,1.0,True,SAFE,car AT SAFE DISTANCE,
510,17.007,car,yolo11n,0.5045,20.65,4.378,4.717,1.0,True,CAUTION,CAUTION - car IN VEHICLE LANE,
510,17.007,car,yolo11n,0.3599,26.76,0.0,,0.0,False,SAFE,car OUTSIDE VEHICLE LANE,
510,17.007,potted plant,yolo11n,0.3064,12.51,2.056,6.084,0.0,False,SAFE,potted plant OUTSIDE VEHICLE LANE,
512,17.074,car,yolo11n,0.8102,8.38,2.699,3.105,0.0,False,SAFE,car OUTSIDE VEHICLE LANE,
512,17.074,car,yolo11n,0.7805,25.03,1.585,15.791,0.0,False,SAFE,car OUTSIDE VEHICLE LANE,
512,17.074,car,yolo11n,0.7041,33.73,0.0,,1.0,True,SAFE,car AT SAFE DISTANCE,
512,17.074,potted plant,yolo11n,0.5923,12.3,2.399,5.127,0.0,False,SAFE,potted plant OUTSIDE VEHICLE LANE,
512,17.074,car,yolo11n,0.5341,20.21,4.748,4.257,1.0,True,CAUTION,CAUTION - car IN VEHICLE LANE,
512,17.074,car,yolo11n,0.4182,41.44,1.199,34.548,1.0,True,SAFE,car AT SAFE DISTANCE,
514,17.141,car,yolo11n,0.8786,8.17,2.913,2.805,0.0,False,SAFE,car OUTSIDE VEHICLE LANE,
514,17.141,car,yolo11n,0.7077,25.09,0.3,83.668,0.0,False,SAFE,car OUTSIDE VEHICLE LANE,
514,17.141,car,yolo11n,0.707,33.53,0.0,,1.0,True,SAFE,car AT SAFE DISTANCE,
514,17.141,car,yolo11n,0.4762,40.72,2.742,14.852,1.0,True,SAFE,car AT SAFE DISTANCE,
514,17.141,car,yolo11n,0.4709,19.92,4.691,4.247,1.0,True,CAUTION,CAUTION - car IN VEHICLE LANE,
514,17.141,potted plant,yolo11n,0.3794,12.25,2.206,5.552,0.0,False,SAFE,potted plant OUTSIDE VEHICLE LANE,
516,17.207,car,yolo11n,0.8804,7.97,3.042,2.62,0.0,False,SAFE,car OUTSIDE VEHICLE LANE,
516,17.207,car,yolo11n,0.8091,33.4,0.0,,1.0,True,SAFE,car AT SAFE DISTANCE,
516,17.207,car,yolo11n,0.7016,24.79,0.921,26.915,0.0,False,SAFE,car OUTSIDE VEHICLE LANE,
516,17.207,car,yolo11n,0.5856,40.25,3.748,10.738,1.0,True,SAFE,car AT SAFE DISTANCE,
516,17.207,car,yolo11n,0.5077,42.0,0.0,,0.0,False,SAFE,car OUTSIDE VEHICLE LANE,
516,17.207,car,yolo11n,0.4544,19.53,5.226,3.737,1.0,True,CAUTION,CAUTION - car IN VEHICLE LANE,
518,17.274,car,yolo11n,0.8734,7.76,3.106,2.499,0.0,False,SAFE,car OUTSIDE VEHICLE LANE,
518,17.274,car,yolo11n,0.7809,33.32,0.0,,1.0,True,SAFE,car AT SAFE DISTANCE,
518,17.274,car,yolo11n,0.6442,24.59,0.964,25.511,0.0,False,SAFE,car OUTSIDE VEHICLE LANE,
518,17.274,car,yolo11n,0.5335,42.0,0.0,,0.0,False,SAFE,car OUTSIDE VEHICLE LANE,
518,17.274,car,yolo11n,0.5288,39.94,4.412,9.052,1.0,True,SAFE,car AT SAFE DISTANCE,
518,17.274,car,yolo11n,0.4917,19.18,5.526,3.471,1.0,True,CAUTION,CAUTION - car IN VEHICLE LANE,
518,17.274,potted plant,yolo11n,0.4784,12.13,2.193,5.532,0.0,False,SAFE,potted plant OUTSIDE VEHICLE LANE,
520,17.341,car,yolo11n,0.8288,7.56,3.149,2.401,0.0,False,SAFE,car OUTSIDE VEHICLE LANE,
520,17.341,car,yolo11n,0.8083,33.26,0.771,43.133,1.0,True,SAFE,car AT SAFE DISTANCE,
520,17.341,car,yolo11n,0.6388,18.86,5.376,3.508,1.0,True,CAUTION,CAUTION - car IN VEHICLE LANE,
520,17.341,car,yolo11n,0.5837,24.63,0.0,,0.0,False,SAFE,car OUTSIDE VEHICLE LANE,
520,17.341,car,yolo11n,0.5542,39.75,5.912,6.724,1.0,True,SAFE,car AT SAFE DISTANCE,
520,17.341,car,yolo11n,0.5388,41.53,3.524,11.787,0.0,False,SAFE,car OUTSIDE VEHICLE LANE,
520,17.341,car,yolo11n,0.4605,57.27,0.0,,0.0,False,SAFE,car OUTSIDE VEHICLE LANE,
520,17.341,potted plant,yolo11n,0.3495,12.06,1.949,6.187,0.0,False,SAFE,potted plant OUTSIDE VEHICLE LANE,
522,17.407,car,yolo11n,0.8375,7.38,3.149,2.344,0.0,False,SAFE,car OUTSIDE VEHICLE LANE,
522,17.407,car,yolo11n,0.8246,33.23,1.157,28.729,1.0,True,SAFE,car AT SAFE DISTANCE,
522,17.407,car,yolo11n,0.576,18.65,5.055,3.689,1.0,True,CAUTION,CAUTION - car IN VEHICLE LANE,
522,17.407,car,yolo11n,0.5478,24.18,0.0,,0.0,False,SAFE,car OUTSIDE VEHICLE LANE,
522,17.407,car,yolo11n,0.4674,41.22,3.898,10.574,0.0,False,SAFE,car OUTSIDE VEHICLE LANE,
522,17.407,car,yolo11n,0.4399,54.19,0.0,,0.0,False,SAFE,car OUTSIDE VEHICLE LANE,
524,17.474,car,yolo11n,0.8248,7.17,3.127,2.293,0.0,False,SAFE,car OUTSIDE VEHICLE LANE,
524,17.474,car,yolo11n,0.7429,32.91,1.392,23.638,1.0,True,SAFE,car AT SAFE DISTANCE,
524,17.474,car,yolo11n,0.6811,23.45,2.613,8.974,0.0,False,SAFE,car OUTSIDE VEHICLE LANE,
524,17.474,car,yolo11n,0.5279,18.51,4.584,4.038,1.0,True,CAUTION,CAUTION - car IN VEHICLE LANE,
524,17.474,car,yolo11n,0.4688,41.02,3.673,11.167,0.0,False,SAFE,car OUTSIDE VEHICLE LANE,
524,17.474,car,yolo11n,0.3873,15.75,0.0,,0.0,False,SAFE,car OUTSIDE VEHICLE LANE,
524,17.474,car,yolo11n,0.3853,39.62,6.035,6.565,1.0,True,SAFE,car AT SAFE DISTANCE,
526,17.541,car,yolo11n,0.8014,6.94,3.084,2.25,0.0,False,SAFE,car OUTSIDE VEHICLE LANE,
526,17.541,car,yolo11n,0.7812,32.41,2.827,11.463,1.0,True,SAFE,car AT SAFE DISTANCE,
526,17.541,car,yolo11n,0.656,22.6,5.205,4.342,0.0,False,SAFE,car OUTSIDE VEHICLE LANE,
526,17.541,car,yolo11n,0.5782,18.33,4.027,4.552,1.0,True,CAUTION,CAUTION - car IN VEHICLE LANE,
526,17.541,car,yolo11n,0.5027,16.2,0.0,,0.0,False,SAFE,car OUTSIDE VEHICLE LANE,
526,17.541,car,yolo11n,0.4946,40.03,5.908,6.776,0.0,False,SAFE,car OUTSIDE VEHICLE LANE,
526,17.541,car,yolo11n,0.3543,39.54,5.623,7.032,1.0,True,SAFE,car AT SAFE DISTANCE,
528,17.607,car,yolo11n,0.8524,6.78,2.977,2.277,0.0,False,SAFE,car OUTSIDE VEHICLE LANE,
528,17.607,car,yolo11n,0.8171,22.43,5.698,3.937,0.0,False,SAFE,car OUTSIDE VEHICLE LANE,
528,17.607,car,yolo11n,0.7769,32.09,3.084,10.404,1.0,True,SAFE,car AT SAFE DISTANCE,
528,17.607,car,yolo11n,0.5227,38.99,7.522,5.184,0.0,False,SAFE,car OUTSIDE VEHICLE LANE,
528,17.607,car,yolo11n,0.4913,16.18,0.0,,0.0,False,SAFE,car OUTSIDE VEHICLE LANE,
528,17.607,car,yolo11n,0.4725,18.22,3.641,5.004,1.0,True,SAFE,car AT SAFE DISTANCE,
528,17.607,car,yolo11n,0.4572,58.82,0.0,,0.0,False,SAFE,car OUTSIDE VEHICLE LANE,
528,17.607,car,yolo11n,0.3612,39.48,3.673,10.747,1.0,True,SAFE,car AT SAFE DISTANCE,
530,17.674,car,yolo11n,0.8529,6.74,2.635,2.558,0.0,False,SAFE,car OUTSIDE VEHICLE LANE,
530,17.674,car,yolo11n,0.7705,22.32,5.291,4.219,0.0,False,SAFE,car OUTSIDE VEHICLE LANE,
530,17.674,car,yolo11n,0.7584,31.89,3.234,9.86,1.0,True,SAFE,car AT SAFE DISTANCE,
530,17.674,car,yolo11n,0.5562,17.88,3.534,5.059,1.0,True,SAFE,car AT SAFE DISTANCE,
530,17.674,car,yolo11n,0.4947,38.31,7.904,4.847,0.0,False,SAFE,car OUTSIDE VEHICLE LANE,
530,17.674,car,yolo11n,0.4598,16.03,0.0,,0.0,False,SAFE,car OUTSIDE VEHICLE LANE,
530,17.674,car,yolo11n,0.3903,39.45,2.38,16.574,1.0,True,SAFE,car AT SAFE DISTANCE,
530,17.674,car,yolo11n,0.3403,64.17,0.0,,0.0,False,SAFE,car OUTSIDE VEHICLE LANE,
532,17.741,car,yolo11n,0.8631,6.77,2.121,3.193,0.0,False,SAFE,car OUTSIDE VEHICLE LANE,
532,17.741,car,yolo11n,0.7807,31.75,3.363,9.441,1.0,True,SAFE,car AT SAFE DISTANCE,
532,17.741,car,yolo11n,0.7348,22.67,4.113,5.512,0.0,False,SAFE,car OUTSIDE VEHICLE LANE,
532,17.741,car,yolo11n,0.5625,17.5,3.598,4.863,1.0,True,CAUTION,CAUTION - car IN VEHICLE LANE,
532,17.741,car,yolo11n,0.509,37.15,10.388,3.576,0.038,False,SAFE,car OUTSIDE VEHICLE LANE,
532,17.741,car,yolo11n,0.5049,39.42,1.556,25.341,1.0,True,SAFE,car AT SAFE DISTANCE,
532,17.741,car,yolo11n,0.3687,16.15,0.0,,0.0,False,SAFE,car OUTSIDE VEHICLE LANE,
534,17.807,car,yolo11n,0.8689,6.86,1.499,4.575,0.0,False,SAFE,car OUTSIDE VEHICLE LANE,
534,17.807,car,yolo11n,0.8009,31.39,4.005,7.837,1.0,True,SAFE,car AT SAFE DISTANCE,
534,17.807,car,yolo11n,0.7249,22.75,4.027,5.65,0.0,False,SAFE,car OUTSIDE VEHICLE LANE,
534,17.807,car,yolo11n,0.5113,39.41,0.993,39.675,1.0,True,SAFE,car AT SAFE DISTANCE,
534,17.807,car,yolo11n,0.4795,36.4,10.988,3.313,0.106,False,SAFE,car OUTSIDE VEHICLE LANE,
534,17.807,car,yolo11n,0.4404,17.18,3.598,4.774,1.0,True,CAUTION,CAUTION - car IN VEHICLE LANE,
534,17.807,car,yolo11n,0.4381,16.08,0.0,,0.0,False,SAFE,car OUTSIDE VEHICLE LANE,
536,17.874,car,yolo11n,0.8511,7.03,0.75,9.377,0.0,False,SAFE,car OUTSIDE VEHICLE LANE,
536,17.874,car,yolo11n,0.7731,31.43,3.856,8.152,1.0,True,SAFE,car AT SAFE DISTANCE,
536,17.874,car,yolo11n,0.6792,22.96,2.613,8.786,0.0,False,SAFE,car OUTSIDE VEHICLE LANE,
536,17.874,car,yolo11n,0.6456,35.27,12.745,2.767,0.216,True,WARNING,SLOW DOWN AND INCREASE FOLLOWING DISTANCE,/Users/witchjenjen/Documents/GitHub/AIproject/output/incidents/road_video_2.mp4_f536_WARNING_car.jpg
536,17.874,truck,yolo11n,0.4056,22.15,0.0,,1.0,True,SAFE,truck AT SAFE DISTANCE,
536,17.874,car,yolo11n,0.4043,38.59,2.174,17.75,1.0,True,SAFE,car AT SAFE DISTANCE,
538,17.941,car,yolo11n,0.8114,7.27,0.0,,0.0,False,SAFE,car OUTSIDE VEHICLE LANE,
538,17.941,car,yolo11n,0.738,31.46,3.106,10.129,1.0,True,SAFE,car AT SAFE DISTANCE,
538,17.941,car,yolo11n,0.7262,23.09,0.771,29.944,0.0,False,SAFE,car OUTSIDE VEHICLE LANE,
538,17.941,car,yolo11n,0.4945,34.23,14.544,2.354,0.289,True,WARNING,SLOW DOWN AND INCREASE FOLLOWING DISTANCE,
538,17.941,truck,yolo11n,0.3456,22.15,0.0,,1.0,True,SAFE,truck AT SAFE DISTANCE,
540,18.008,car,yolo11n,0.7452,7.57,0.0,,0.0,False,SAFE,car OUTSIDE VEHICLE LANE,
540,18.008,car,yolo11n,0.6962,30.95,3.127,9.897,1.0,True,SAFE,car AT SAFE DISTANCE,
540,18.008,car,yolo11n,0.6819,22.88,0.0,,0.0,False,SAFE,car OUTSIDE VEHICLE LANE,
540,18.008,car,yolo11n,0.56,33.28,14.458,2.302,0.344,True,WARNING,SLOW DOWN AND INCREASE FOLLOWING DISTANCE,
542,18.074,car,yolo11n,0.7777,8.03,0.0,,0.0,False,SAFE,car OUTSIDE VEHICLE LANE,
542,18.074,car,yolo11n,0.7125,22.35,0.171,130.43,0.0,False,SAFE,car OUTSIDE VEHICLE LANE,
542,18.074,car,yolo11n,0.6366,32.38,14.158,2.287,0.425,True,WARNING,SLOW DOWN AND INCREASE FOLLOWING DISTANCE,
542,18.074,car,yolo11n,0.6251,30.87,2.613,11.813,1.0,True,SAFE,car AT SAFE DISTANCE,
544,18.141,car,yolo11n,0.6601,21.53,1.692,12.723,0.0,False,SAFE,car OUTSIDE VEHICLE LANE,
544,18.141,car,yolo11n,0.6311,30.09,3.856,7.804,1.0,True,SAFE,car AT SAFE DISTANCE,
544,18.141,car,yolo11n,0.5584,31.55,14.48,2.179,0.512,True,WARNING,SLOW DOWN AND INCREASE FOLLOWING DISTANCE,
544,18.141,truck,yolo11n,0.3077,21.87,1.05,20.837,1.0,True,SAFE,truck AT SAFE DISTANCE,
546,18.208,car,yolo11n,0.7354,20.0,0.0,,0.0,False,SAFE,car OUTSIDE VEHICLE LANE,
546,18.208,car,yolo11n,0.7283,20.99,3.598,5.833,0.0,False,SAFE,car OUTSIDE VEHICLE LANE,
546,18.208,car,yolo11n,0.6107,29.58,4.648,6.364,1.0,True,SAFE,car AT SAFE DISTANCE,
546,18.208,car,yolo11n,0.599,30.76,13.687,2.247,0.619,True,WARNING,SLOW DOWN AND INCREASE FOLLOWING DISTANCE,
546,18.208,truck,yolo11n,0.4615,21.42,2.189,9.785,1.0,True,SAFE,truck AT SAFE DISTANCE,
548,18.274,car,yolo11n,0.7382,20.43,4.969,4.111,0.0,False,SAFE,car OUTSIDE VEHICLE LANE,
548,18.274,car,yolo11n,0.6854,29.25,4.584,6.381,0.894,True,SAFE,car AT SAFE DISTANCE,
548,18.274,truck,yolo11n,0.6837,20.73,3.549,5.842,1.0,True,SAFE,truck AT SAFE DISTANCE,
548,18.274,car,yolo11n,0.6575,21.48,0.0,,0.0,False,SAFE,car OUTSIDE VEHICLE LANE,
548,18.274,car,yolo11n,0.5588,29.8,14.137,2.108,0.661,True,WARNING,SLOW DOWN AND INCREASE FOLLOWING DISTANCE,
550,18.341,car,yolo11n,0.8085,19.96,6.426,3.106,0.0,False,SAFE,car OUTSIDE VEHICLE LANE,
550,18.341,car,yolo11n,0.6471,29.51,4.113,7.176,0.645,True,SAFE,car AT SAFE DISTANCE,
550,18.341,car,yolo11n,0.6215,28.95,13.537,2.139,0.813,True,WARNING,SLOW DOWN AND INCREASE FOLLOWING DISTANCE,
550,18.341,truck,yolo11n,0.4265,20.13,4.327,4.652,1.0,True,CAUTION,CAUTION - truck IN VEHICLE LANE,
550,18.341,car,yolo11n,0.3969,36.69,3.379,10.857,0.794,True,SAFE,car AT SAFE DISTANCE,
550,18.341,car,yolo11n,0.3753,35.0,0.0,,0.0,False,SAFE,car OUTSIDE VEHICLE LANE,
552,18.408,car,yolo11n,0.7973,19.66,7.347,2.676,0.0,False,SAFE,car OUTSIDE VEHICLE LANE,
552,18.408,car,yolo11n,0.6753,29.21,4.819,6.061,0.336,True,SAFE,car AT SAFE DISTANCE,
552,18.408,truck,yolo11n,0.6154,19.6,4.779,4.101,1.0,True,CAUTION,CAUTION - truck IN VEHICLE LANE,
552,18.408,car,yolo11n,0.5757,28.2,12.916,2.183,0.925,True,WARNING,SLOW DOWN AND INCREASE FOLLOWING DISTANCE,
552,18.408,car,yolo11n,0.4387,34.35,5.986,5.738,0.585,True,SAFE,car AT SAFE DISTANCE,
554,18.474,car,yolo11n,0.8216,19.36,7.54,2.568,0.0,False,SAFE,car OUTSIDE VEHICLE LANE,
554,18.474,car,yolo11n,0.7746,29.01,4.155,6.981,0.087,False,SAFE,car OUTSIDE VEHICLE LANE,
554,18.474,truck,yolo11n,0.6528,19.12,5.048,3.788,1.0,True,CAUTION,CAUTION - truck IN VEHICLE LANE,
554,18.474,car,yolo11n,0.6143,27.92,11.481,2.432,1.0,True,WARNING,SLOW DOWN AND INCREASE FOLLOWING DISTANCE,
554,18.474,car,yolo11n,0.5249,35.35,0.0,,0.0,False,SAFE,car OUTSIDE VEHICLE LANE,
554,18.474,car,yolo11n,0.369,32.13,8.477,3.79,0.4,True,CAUTION,CAUTION - car IN VEHICLE LANE,
556,18.541,car,yolo11n,0.7563,19.27,6.597,2.921,0.0,False,SAFE,car OUTSIDE VEHICLE LANE,
556,18.541,car,yolo11n,0.7384,29.11,3.77,7.722,0.0,False,SAFE,car OUTSIDE VEHICLE LANE,
556,18.541,truck,yolo11n,0.5997,18.95,5.331,3.555,1.0,True,CAUTION,CAUTION - truck IN VEHICLE LANE,
556,18.541,car,yolo11n,0.5841,27.73,9.96,2.784,1.0,True,WARNING,SLOW DOWN AND INCREASE FOLLOWING DISTANCE,
556,18.541,car,yolo11n,0.5701,30.26,10.599,2.855,0.248,True,WARNING,SLOW DOWN AND INCREASE FOLLOWING DISTANCE,/Users/witchjenjen/Documents/GitHub/AIproject/output/incidents/road_video_2.mp4_f556_WARNING_car.jpg
558,18.608,car,yolo11n,0.6838,19.11,5.184,3.687,0.0,False,SAFE,car OUTSIDE VEHICLE LANE,
558,18.608,car,yolo11n,0.6702,27.21,9.296,2.927,1.0,True,WARNING,SLOW DOWN AND INCREASE FOLLOWING DISTANCE,
558,18.608,car,yolo11n,0.6648,28.72,2.934,9.787,0.0,False,SAFE,car OUTSIDE VEHICLE LANE,
558,18.608,truck,yolo11n,0.6157,18.32,7.604,2.409,1.0,True,WARNING,SLOW DOWN AND INCREASE FOLLOWING DISTANCE,/Users/witchjenjen/Documents/GitHub/AIproject/output/incidents/road_video_2.mp4_f558_WARNING_truck.jpg
558,18.608,car,yolo11n,0.5737,24.71,0.0,,0.018,False,SAFE,car OUTSIDE VEHICLE LANE,
560,18.675,car,yolo11n,0.7201,28.05,3.277,8.559,0.0,False,SAFE,car OUTSIDE VEHICLE LANE,
560,18.675,car,yolo11n,0.7073,24.23,0.0,,0.002,False,SAFE,car OUTSIDE VEHICLE LANE,
560,18.675,car,yolo11n,0.6605,26.88,8.311,3.234,1.0,True,CAUTION,CAUTION - car IN VEHICLE LANE,
560,18.675,truck,yolo11n,0.6382,17.97,7.39,2.432,1.0,True,WARNING,SLOW DOWN AND INCREASE FOLLOWING DISTANCE,
560,18.675,car,yolo11n,0.6153,19.1,4.048,4.718,0.0,False,SAFE,car OUTSIDE VEHICLE LANE,
560,18.675,car,yolo11n,0.5211,28.64,0.0,,0.636,True,SAFE,car AT SAFE DISTANCE,
560,18.675,car,yolo11n,0.4167,36.34,0.0,,0.0,False,SAFE,car OUTSIDE VEHICLE LANE,
562,18.741,truck,yolo11n,0.7031,17.46,7.004,2.493,1.0,True,WARNING,SLOW DOWN AND INCREASE FOLLOWING DISTANCE,
562,18.741,car,yolo11n,0.7018,19.1,2.849,6.705,0.0,False,SAFE,car OUTSIDE VEHICLE LANE,
562,18.741,car,yolo11n,0.6844,27.62,3.491,7.911,0.0,False,SAFE,car OUTSIDE VEHICLE LANE,
562,18.741,car,yolo11n,0.676,23.77,7.047,3.373,0.0,False,SAFE,car OUTSIDE VEHICLE LANE,
562,18.741,car,yolo11n,0.6072,26.85,6.319,4.249,1.0,True,CAUTION,CAUTION - car IN VEHICLE LANE,
562,18.741,car,yolo11n,0.4524,28.87,0.0,,0.682,True,SAFE,car AT SAFE DISTANCE,
564,18.808,truck,yolo11n,0.7556,17.02,6.661,2.555,1.0,True,WARNING,SLOW DOWN AND INCREASE FOLLOWING DISTANCE,
564,18.808,car,yolo11n,0.6943,18.9,2.27,8.324,0.0,False,SAFE,car OUTSIDE VEHICLE LANE,
564,18.808,car,yolo11n,0.6667,26.45,5.355,4.939,1.0,True,CAUTION,CAUTION - car IN VEHICLE LANE,
564,18.808,car,yolo11n,0.6051,23.19,7.597,3.053,0.0,False,SAFE,car OUTSIDE VEHICLE LANE,
564,18.808,car,yolo11n,0.5399,27.54,4.22,6.527,0.0,False,SAFE,car OUTSIDE VEHICLE LANE,
564,18.808,car,yolo11n,0.4862,28.35,2.174,13.04,0.831,True,SAFE,car AT SAFE DISTANCE,
564,18.808,car,yolo11n,0.4657,37.85,0.0,,0.0,False,SAFE,car OUTSIDE VEHICLE LANE,
564,18.808,car,yolo11n,0.4305,21.0,0.0,,0.0,False,SAFE,car OUTSIDE VEHICLE LANE,
566,18.875,car,yolo11n,0.7769,19.07,1.264,15.09,0.0,False,SAFE,car OUTSIDE VEHICLE LANE,
566,18.875,truck,yolo11n,0.7188,16.68,6.255,2.667,1.0,True,WARNING,SLOW DOWN AND INCREASE FOLLOWING DISTANCE,
566,18.875,car,yolo11n,0.7013,22.67,7.647,2.965,0.0,False,SAFE,car OUTSIDE VEHICLE LANE,
566,18.875,car,yolo11n,0.6958,27.28,4.134,6.599,0.0,False,SAFE,car OUTSIDE VEHICLE LANE,
566,18.875,car,yolo11n,0.6217,26.19,4.305,6.083,1.0,True,SAFE,car AT SAFE DISTANCE,
566,18.875,car,yolo11n,0.5868,28.02,3.099,9.043,0.96,True,SAFE,car AT SAFE DISTANCE,
566,18.875,car,yolo11n,0.4223,20.88,0.0,,0.0,False,SAFE,car OUTSIDE VEHICLE LANE,
566,18.875,car,yolo11n,0.3938,38.38,0.0,,0.0,False,SAFE,car OUTSIDE VEHICLE LANE,
568,18.941,car,yolo11n,0.7764,19.08,0.6,31.813,0.0,False,SAFE,car OUTSIDE VEHICLE LANE,
568,18.941,car,yolo11n,0.7199,27.32,3.62,7.547,0.0,False,SAFE,car OUTSIDE VEHICLE LANE,
568,18.941,truck,yolo11n,0.6741,16.36,5.912,2.767,1.0,True,WARNING,SLOW DOWN AND INCREASE FOLLOWING DISTANCE,
568,18.941,car,yolo11n,0.6524,25.85,4.434,5.83,1.0,True,SAFE,car AT SAFE DISTANCE,
568,18.941,car,yolo11n,0.6503,22.09,7.857,2.812,0.0,False,SAFE,car OUTSIDE VEHICLE LANE,
568,18.941,car,yolo11n,0.5318,38.73,0.0,,0.0,False,SAFE,car OUTSIDE VEHICLE LANE,
568,18.941,car,yolo11n,0.5288,60.0,0.0,,0.0,False,SAFE,car OUTSIDE VEHICLE LANE,
568,18.941,car,yolo11n,0.4981,27.8,3.149,8.829,1.0,True,SAFE,car AT SAFE DISTANCE,
568,18.941,car,yolo11n,0.368,21.05,0.0,,0.0,False,SAFE,car OUTSIDE VEHICLE LANE,
570,19.008,car,yolo11n,0.763,21.59,7.797,2.769,0.0,False,SAFE,car OUTSIDE VEHICLE LANE,
570,19.008,car,yolo11n,0.7503,27.56,3.32,8.301,0.0,False,SAFE,car OUTSIDE VEHICLE LANE,
570,19.008,truck,yolo11n,0.7418,16.06,6.19,2.594,0.991,True,WARNING,SLOW DOWN AND INCREASE FOLLOWING DISTANCE,
570,19.008,car,yolo11n,0.7327,19.4,0.0,,0.0,False,SAFE,car OUTSIDE VEHICLE LANE,
570,19.008,car,yolo11n,0.645,25.45,4.884,5.211,1.0,True,SAFE,car AT SAFE DISTANCE,
570,19.008,car,yolo11n,0.6008,39.4,0.0,,0.0,False,SAFE,car OUTSIDE VEHICLE LANE,
570,19.008,car,yolo11n,0.5352,27.45,3.569,7.692,1.0,True,SAFE,car AT SAFE DISTANCE,
570,19.008,car,yolo11n,0.4895,57.38,0.0,,0.0,False,SAFE,car OUTSIDE VEHICLE LANE,
570,19.008,car,yolo11n,0.4493,20.79,1.05,19.808,0.0,False,SAFE,car OUTSIDE VEHICLE LANE,
572,19.075,car,yolo11n,0.786,27.5,2.613,10.524,0.0,False,SAFE,car OUTSIDE VEHICLE LANE,
572,19.075,truck,yolo11n,0.7282,15.86,5.269,3.01,0.957,True,CAUTION,CAUTION - truck IN VEHICLE LANE,
572,19.075,car,yolo11n,0.6988,20.92,8.118,2.577,0.0,False,SAFE,car OUTSIDE VEHICLE LANE,
572,19.075,car,yolo11n,0.6921,19.61,0.0,,0.0,False,SAFE,car OUTSIDE VEHICLE LANE,
572,19.075,car,yolo11n,0.6608,25.36,3.963,6.4,1.0,True,SAFE,car AT SAFE DISTANCE,
572,19.075,car,yolo11n,0.5283,26.84,4.498,5.967,1.0,True,SAFE,car AT SAFE DISTANCE,
572,19.075,car,yolo11n,0.5093,54.93,38.009,1.445,0.0,False,SAFE,car OUTSIDE VEHICLE LANE,
572,19.075,car,yolo11n,0.4757,39.84,0.0,,0.0,False,SAFE,car OUTSIDE VEHICLE LANE,
572,19.075,car,yolo11n,0.4318,20.75,0.937,22.143,0.0,False,SAFE,car OUTSIDE VEHICLE LANE,
574,19.141,car,yolo11n,0.8503,27.67,0.814,33.995,0.0,False,SAFE,car OUTSIDE VEHICLE LANE,
574,19.141,car,yolo11n,0.7358,19.75,0.0,,0.0,False,SAFE,car OUTSIDE VEHICLE LANE,
574,19.141,car,yolo11n,0.7286,20.38,8.247,2.471,0.0,False,SAFE,car OUTSIDE VEHICLE LANE,
574,19.141,car,yolo11n,0.7042,25.13,3.748,6.704,1.0,True,SAFE,car AT SAFE DISTANCE,
574,19.141,truck,yolo11n,0.6733,15.78,4.691,3.364,0.907,True,CAUTION,CAUTION - truck IN VEHICLE LANE,
574,19.141,car,yolo11n,0.5462,52.04,39.783,1.308,0.0,False,SAFE,car OUTSIDE VEHICLE LANE,
574,19.141,car,yolo11n,0.4746,27.25,2.977,9.153,1.0,True,SAFE,car AT SAFE DISTANCE,
576,19.208,car,yolo11n,0.716,28.64,0.0,,0.0,False,SAFE,car OUTSIDE VEHICLE LANE,
576,19.208,car,yolo11n,0.6997,19.64,8.846,2.22,0.0,False,SAFE,car OUTSIDE VEHICLE LANE,
576,19.208,car,yolo11n,0.6973,19.42,0.0,,0.0,False,SAFE,car OUTSIDE VEHICLE LANE,
576,19.208,truck,yolo11n,0.6883,15.58,4.027,3.869,0.847,True,CAUTION,CAUTION - truck IN VEHICLE LANE,
576,19.208,car,yolo11n,0.6614,25.34,3.234,7.835,1.0,True,SAFE,car AT SAFE DISTANCE,
576,19.208,car,yolo11n,0.5947,50.16,36.885,1.36,0.0,False,SAFE,car OUTSIDE VEHICLE LANE,
576,19.208,car,yolo11n,0.5878,18.0,0.0,,0.0,False,SAFE,car OUTSIDE VEHICLE LANE,
576,19.208,car,yolo11n,0.5071,27.51,2.913,9.444,1.0,True,SAFE,car AT SAFE DISTANCE,
576,19.208,car,yolo11n,0.3835,40.12,0.0,,0.0,False,SAFE,car OUTSIDE VEHICLE LANE,
576,19.208,car,yolo11n,0.3803,54.78,0.0,,0.0,False,SAFE,car OUTSIDE VEHICLE LANE,
578,19.275,car,yolo11n,0.7093,18.89,9.21,2.051,0.0,False,SAFE,car OUTSIDE VEHICLE LANE,
578,19.275,car,yolo11n,0.7025,19.3,0.0,,0.0,False,SAFE,car OUTSIDE VEHICLE LANE,
578,19.275,car,yolo11n,0.6923,28.42,0.0,,0.0,False,SAFE,car OUTSIDE VEHICLE LANE,
578,19.275,truck,yolo11n,0.5883,15.41,3.449,4.469,0.777,True,CAUTION,CAUTION - truck IN VEHICLE LANE,
578,19.275,car,yolo11n,0.5779,25.47,2.099,12.134,1.0,True,SAFE,car AT SAFE DISTANCE,
578,19.275,car,yolo11n,0.5701,48.94,33.166,1.476,0.0,False,SAFE,car OUTSIDE VEHICLE LANE,
578,19.275,car,yolo11n,0.5596,27.47,1.885,14.574,1.0,True,SAFE,car AT SAFE DISTANCE,
578,19.275,car,yolo11n,0.556,18.09,0.0,,0.0,False,SAFE,car OUTSIDE VEHICLE LANE,
580,19.341,car,yolo11n,0.7881,18.16,9.66,1.88,0.0,False,SAFE,car OUTSIDE VEHICLE LANE,
580,19.341,car,yolo11n,0.7301,28.73,0.0,,0.0,False,SAFE,car OUTSIDE VEHICLE LANE,
580,19.341,car,yolo11n,0.6193,19.03,0.0,,0.0,False,SAFE,car OUTSIDE VEHICLE LANE,
580,19.341,car,yolo11n,0.6071,25.37,1.756,14.444,1.0,True,SAFE,car AT SAFE DISTANCE,
580,19.341,car,yolo11n,0.5176,48.15,29.613,1.626,0.0,False,SAFE,car OUTSIDE VEHICLE LANE,
580,19.341,car,yolo11n,0.5113,17.97,0.225,79.9,0.0,False,SAFE,car OUTSIDE VEHICLE LANE,
580,19.341,truck,yolo11n,0.381,15.12,3.341,4.525,0.715,True,CAUTION,CAUTION - truck IN VEHICLE LANE,
580,19.341,car,yolo11n,0.3668,40.31,0.0,,0.0,False,SAFE,car OUTSIDE VEHICLE LANE,
582,19.408,car,yolo11n,0.7875,17.46,9.917,1.761,0.0,False,SAFE,car OUTSIDE VEHICLE LANE,
582,19.408,car,yolo11n,0.7187,18.86,0.471,40.023,0.0,False,SAFE,car OUTSIDE VEHICLE LANE,
582,19.408,car,yolo11n,0.6245,28.7,0.0,,0.0,False,SAFE,car OUTSIDE VEHICLE LANE,
582,19.408,car,yolo11n,0.5369,48.26,25.147,1.919,0.0,False,SAFE,car OUTSIDE VEHICLE LANE,
582,19.408,car,yolo11n,0.5365,17.89,0.55,32.541,0.0,False,SAFE,car OUTSIDE VEHICLE LANE,
582,19.408,truck,yolo11n,0.4879,14.47,4.048,3.574,0.658,True,CAUTION,CAUTION - truck IN VEHICLE LANE,
582,19.408,car,yolo11n,0.4808,25.68,0.364,70.524,1.0,True,SAFE,car AT SAFE DISTANCE,
582,19.408,car,yolo11n,0.3484,40.9,0.0,,0.0,False,SAFE,car OUTSIDE VEHICLE LANE,
584,19.475,car,yolo11n,0.8209,28.91,0.0,,0.0,False,SAFE,car OUTSIDE VEHICLE LANE,
584,19.475,car,yolo11n,0.7172,16.73,10.41,1.607,0.0,False,SAFE,car OUTSIDE VEHICLE LANE,
584,19.475,car,yolo11n,0.6681,18.94,0.985,19.223,0.0,False,SAFE,car OUTSIDE VEHICLE LANE,
584,19.475,truck,yolo11n,0.5929,13.81,4.819,2.865,0.596,True,WARNING,SLOW DOWN AND INCREASE FOLLOWING DISTANCE,
584,19.475,car,yolo11n,0.5004,47.12,21.976,2.144,0.0,False,SAFE,car OUTSIDE VEHICLE LANE,
584,19.475,car,yolo11n,0.4466,40.37,0.0,,0.0,False,SAFE,car OUTSIDE VEHICLE LANE,
584,19.475,car,yolo11n,0.4399,25.88,0.0,,1.0,True,SAFE,car AT SAFE DISTANCE,
586,19.542,car,yolo11n,0.7436,16.25,10.003,1.625,0.0,False,SAFE,car OUTSIDE VEHICLE LANE,
586,19.542,car,yolo11n,0.7109,29.04,0.0,,0.0,False,SAFE,car OUTSIDE VEHICLE LANE,
586,19.542,car,yolo11n,0.6853,18.04,3.363,5.364,0.0,False,SAFE,car OUTSIDE VEHICLE LANE,
586,19.542,car,yolo11n,0.5414,45.83,19.492,2.351,0.0,False,SAFE,car OUTSIDE VEHICLE LANE,
586,19.542,truck,yolo11n,0.5229,13.26,5.569,2.381,0.561,True,WARNING,SLOW DOWN AND INCREASE FOLLOWING DISTANCE,
586,19.542,car,yolo11n,0.4265,40.47,0.0,,0.0,False,SAFE,car OUTSIDE VEHICLE LANE,
586,19.542,car,yolo11n,0.4171,25.82,0.0,,1.0,True,SAFE,car AT SAFE DISTANCE,
588,19.608,car,yolo11n,0.7804,17.1,5.676,3.013,0.0,False,SAFE,car OUTSIDE VEHICLE LANE,
588,19.608,car,yolo11n,0.7232,15.81,9.789,1.615,0.0,False,SAFE,car OUTSIDE VEHICLE LANE,
588,19.608,car,yolo11n,0.6283,29.63,0.0,,0.0,False,SAFE,car OUTSIDE VEHICLE LANE,
588,19.608,car,yolo11n,0.5238,45.0,15.079,2.984,0.0,False,SAFE,car OUTSIDE VEHICLE LANE,
588,19.608,car,yolo11n,0.4906,28.11,0.0,,1.0,True,SAFE,car AT SAFE DISTANCE,
588,19.608,car,yolo11n,0.4806,40.53,0.0,,0.0,False,SAFE,car OUTSIDE VEHICLE LANE,
588,19.608,car,yolo11n,0.3975,33.16,0.0,,0.0,False,SAFE,car OUTSIDE VEHICLE LANE,
588,19.608,truck,yolo11n,0.3936,12.87,6.233,2.065,0.537,True,WARNING,SLOW DOWN AND INCREASE FOLLOWING DISTANCE,
590,19.675,car,yolo11n,0.6996,15.18,0.0,,0.0,False,SAFE,car OUTSIDE VEHICLE LANE,
590,19.675,truck,yolo11n,0.6318,12.53,6.533,1.918,0.513,True,WARNING,SLOW DOWN AND INCREASE FOLLOWING DISTANCE,
590,19.675,car,yolo11n,0.6256,33.96,0.0,,0.0,False,SAFE,car OUTSIDE VEHICLE LANE,
590,19.675,car,yolo11n,0.6131,15.47,8.932,1.732,0.0,False,SAFE,car OUTSIDE VEHICLE LANE,
590,19.675,car,yolo11n,0.5332,28.53,0.0,,1.0,True,SAFE,car AT SAFE DISTANCE,
590,19.675,car,yolo11n,0.4743,43.95,13.302,3.304,0.006,False,SAFE,car OUTSIDE VEHICLE LANE,
590,19.675,car,yolo11n,0.4126,41.55,0.0,,0.0,False,SAFE,car OUTSIDE VEHICLE LANE,
590,19.675,car,yolo11n,0.3376,33.16,0.0,,0.0,False,SAFE,car OUTSIDE VEHICLE LANE,
592,19.742,car,yolo11n,0.7289,16.7,5.098,3.276,0.0,False,SAFE,car OUTSIDE VEHICLE LANE,
592,19.742,truck,yolo11n,0.4829,12.25,6.769,1.81,0.489,True,WARNING,SLOW DOWN AND INCREASE FOLLOWING DISTANCE,
592,19.742,car,yolo11n,0.4644,15.24,7.818,1.949,0.0,False,SAFE,car OUTSIDE VEHICLE LANE,
592,19.742,car,yolo11n,0.4485,43.27,12.145,3.563,0.089,False,SAFE,car OUTSIDE VEHICLE LANE,
592,19.742,car,yolo11n,0.4349,29.04,0.0,,1.0,True,SAFE,car AT SAFE DISTANCE,
592,19.742,car,yolo11n,0.318,42.22,0.0,,0.0,False,SAFE,car OUTSIDE VEHICLE LANE,
592,19.742,car,yolo11n,0.3017,32.86,2.249,14.611,0.0,False,SAFE,car OUTSIDE VEHICLE LANE,
594,19.808,car,yolo11n,0.7195,17.44,3.486,5.003,0.0,False,SAFE,car OUTSIDE VEHICLE LANE,
594,19.808,truck,yolo11n,0.5648,11.97,6.747,1.774,0.478,True,WARNING,SLOW DOWN AND INCREASE FOLLOWING DISTANCE,
594,19.808,car,yolo11n,0.4792,42.82,11.417,3.751,0.328,True,CAUTION,CAUTION - car IN VEHICLE LANE,
594,19.808,car,yolo11n,0.4402,15.03,6.704,2.242,0.0,False,SAFE,car OUTSIDE VEHICLE LANE,
594,19.808,car,yolo11n,0.4224,42.65,0.0,,0.0,False,SAFE,car OUTSIDE VEHICLE LANE,
594,19.808,car,yolo11n,0.3644,17.28,1.199,14.406,0.0,False,SAFE,car OUTSIDE VEHICLE LANE,
594,19.808,car,yolo11n,0.3387,29.38,0.0,,1.0,True,SAFE,car AT SAFE DISTANCE,
596,19.875,car,yolo11n,0.6991,18.45,1.087,16.973,0.0,False,SAFE,car OUTSIDE VEHICLE LANE,
596,19.875,truck,yolo11n,0.6584,11.66,6.019,1.937,0.463,True,WARNING,SLOW DOWN AND INCREASE FOLLOWING DISTANCE,
596,19.875,car,yolo11n,0.5856,17.04,1.439,11.838,0.0,False,SAFE,car OUTSIDE VEHICLE LANE,
596,19.875,car,yolo11n,0.5401,14.78,5.74,2.575,0.0,False,SAFE,car OUTSIDE VEHICLE LANE,
596,19.875,car,yolo11n,0.4883,42.54,12.252,3.472,0.494,True,CAUTION,CAUTION - car IN VEHICLE LANE,
596,19.875,car,yolo11n,0.4358,29.85,0.0,,1.0,True,SAFE,car AT SAFE DISTANCE,
598,19.942,car,yolo11n,0.7715,19.34,0.0,,0.0,False,SAFE,car OUTSIDE VEHICLE LANE,
598,19.942,truck,yolo11n,0.5664,11.31,5.355,2.112,0.446,True,WARNING,SLOW DOWN AND INCREASE FOLLOWING DISTANCE,
598,19.942,car,yolo11n,0.5659,16.95,1.431,11.843,0.0,False,SAFE,car OUTSIDE VEHICLE LANE,
598,19.942,car,yolo11n,0.5566,41.01,13.087,3.134,0.654,True,CAUTION,CAUTION - car IN VEHICLE LANE,
598,19.942,truck,yolo11n,0.385,19.66,0.0,,0.0,False,SAFE,truck OUTSIDE VEHICLE LANE,
600,20.008,car,yolo11n,0.7799,20.05,0.0,,0.0,False,SAFE,car OUTSIDE VEHICLE LANE,
600,20.008,car,yolo11n,0.5635,40.02,12.445,3.216,0.839,True,CAUTION,CAUTION - car IN VEHICLE LANE,
600,20.008,truck,yolo11n,0.5489,11.0,4.841,2.272,0.432,True,WARNING,SLOW DOWN AND INCREASE FOLLOWING DISTANCE,
600,20.008,truck,yolo11n,0.4727,19.66,0.0,,0.0,False,SAFE,truck OUTSIDE VEHICLE LANE,
600,20.008,car,yolo11n,0.4525,16.98,1.274,13.323,0.0,False,SAFE,car OUTSIDE VEHICLE LANE,
600,20.008,car,yolo11n,0.3182,43.47,0.0,,0.0,False,SAFE,car OUTSIDE VEHICLE LANE,
602,20.075,car,yolo11n,0.7209,20.51,0.0,,0.0,False,SAFE,car OUTSIDE VEHICLE LANE,
602,20.075,car,yolo11n,0.6291,17.0,1.362,12.482,0.0,False,SAFE,car OUTSIDE VEHICLE LANE,
602,20.075,car,yolo11n,0.5425,14.4,3.882,3.71,0.0,False,SAFE,car OUTSIDE VEHICLE LANE,
602,20.075,car,yolo11n,0.5416,39.38,12.038,3.271,0.957,True,CAUTION,CAUTION - car IN VEHICLE LANE,
602,20.075,bus,yolo11n,0.5183,10.23,0.0,,0.405,True,CAUTION,CAUTION - bus IN VEHICLE LANE,
602,20.075,truck,yolo11n,0.4709,17.5,0.0,,0.0,False,SAFE,truck OUTSIDE VEHICLE LANE,
602,20.075,car,yolo11n,0.4694,44.59,0.0,,0.0,False,SAFE,car OUTSIDE VEHICLE LANE,
604,20.142,car,yolo11n,0.7757,20.93,0.0,,0.0,False,SAFE,car OUTSIDE VEHICLE LANE,
604,20.142,truck,yolo11n,0.5774,10.63,4.198,2.532,0.41,True,WARNING,SLOW DOWN AND INCREASE FOLLOWING DISTANCE,
604,20.142,car,yolo11n,0.5525,14.37,3.132,4.588,0.0,False,SAFE,car OUTSIDE VEHICLE LANE,
604,20.142,car,yolo11n,0.5442,45.32,0.0,,0.0,False,SAFE,car OUTSIDE VEHICLE LANE,
604,20.142,car,yolo11n,0.4884,38.96,10.688,3.645,1.0,True,CAUTION,CAUTION - car IN VEHICLE LANE,
604,20.142,car,yolo11n,0.4172,17.09,1.1,15.543,0.0,False,SAFE,car OUTSIDE VEHICLE LANE,
604,20.142,truck,yolo11n,0.3767,17.82,0.0,,0.0,False,SAFE,truck OUTSIDE VEHICLE LANE,
606,20.208,car,yolo11n,0.7785,21.48,0.0,,0.0,False,SAFE,car OUTSIDE VEHICLE LANE,
606,20.208,truck,yolo11n,0.6817,10.29,4.198,2.451,0.391,True,WARNING,SLOW DOWN AND INCREASE FOLLOWING DISTANCE,
606,20.208,car,yolo11n,0.5703,17.23,0.825,20.894,0.0,False,SAFE,car OUTSIDE VEHICLE LANE,
606,20.208,car,yolo11n,0.5277,45.21,0.0,,0.0,False,SAFE,car OUTSIDE VEHICLE LANE,
606,20.208,car,yolo11n,0.4464,39.55,7.968,4.964,1.0,True,CAUTION,CAUTION - car IN VEHICLE LANE,
608,20.275,car,yolo11n,0.7307,21.7,0.0,,0.0,False,SAFE,car OUTSIDE VEHICLE LANE,
608,20.275,truck,yolo11n,0.7091,9.95,4.311,2.308,0.381,True,WARNING,SLOW DOWN AND INCREASE FOLLOWING DISTANCE,
608,20.275,car,yolo11n,0.5779,39.49,7.133,5.536,1.0,True,SAFE,car AT SAFE DISTANCE,
608,20.275,car,yolo11n,0.4771,44.08,0.0,,0.0,False,SAFE,car OUTSIDE VEHICLE LANE,
608,20.275,car,yolo11n,0.415,17.41,0.0,,0.0,False,SAFE,car OUTSIDE VEHICLE LANE,
608,20.275,car,yolo11n,0.4147,15.38,0.645,23.855,0.0,False,SAFE,car OUTSIDE VEHICLE LANE,
610,20.342,car,yolo11n,0.7454,21.71,0.0,,0.0,False,SAFE,car OUTSIDE VEHICLE LANE,
610,20.342,car,yolo11n,0.7312,17.0,0.0,,0.0,False,SAFE,car OUTSIDE VEHICLE LANE,
610,20.342,bus,yolo11n,0.5494,9.82,0.0,,0.379,True,CAUTION,CAUTION - bus IN VEHICLE LANE,
610,20.342,car,yolo11n,0.4744,39.45,6.619,5.96,1.0,True,SAFE,car AT SAFE DISTANCE,
610,20.342,car,yolo11n,0.4501,42.88,0.0,,0.0,False,SAFE,car OUTSIDE VEHICLE LANE,
610,20.342,car,yolo11n,0.336,17.44,0.0,,0.0,False,SAFE,car OUTSIDE VEHICLE LANE,
612,20.409,car,yolo11n,0.736,21.98,0.0,,0.0,False,SAFE,car OUTSIDE VEHICLE LANE,
612,20.409,bus,yolo11n,0.5152,9.46,2.309,4.097,0.368,True,CAUTION,CAUTION - bus IN VEHICLE LANE,
612,20.409,car,yolo11n,0.5049,17.55,0.0,,0.0,False,SAFE,car OUTSIDE VEHICLE LANE,
612,20.409,truck,yolo11n,0.4587,8.71,0.0,,0.36,True,CAUTION,CAUTION - truck IN VEHICLE LANE,
612,20.409,car,yolo11n,0.4434,39.43,3.384,11.651,1.0,True,SAFE,car AT SAFE DISTANCE,
614,20.475,car,yolo11n,0.7155,22.31,0.0,,0.0,False,SAFE,car OUTSIDE VEHICLE LANE,
614,20.475,truck,yolo11n,0.687,9.41,3.838,2.452,0.36,True,WARNING,SLOW DOWN AND INCREASE FOLLOWING DISTANCE,
614,20.475,car,yolo11n,0.5898,38.6,3.042,12.691,1.0,True,SAFE,car AT SAFE DISTANCE,
614,20.475,car,yolo11n,0.3687,17.53,0.0,,0.0,False,SAFE,car OUTSIDE VEHICLE LANE,
616,20.542,bus,yolo11n,0.7466,9.0,2.635,3.416,0.348,True,CAUTION,CAUTION - bus IN VEHICLE LANE,
616,20.542,car,yolo11n,0.7411,22.24,0.0,,0.0,False,SAFE,car OUTSIDE VEHICLE LANE,
616,20.542,car,yolo11n,0.5462,17.28,0.0,,0.0,False,SAFE,car OUTSIDE VEHICLE LANE,
616,20.542,car,yolo11n,0.4766,38.06,2.827,13.461,1.0,True,SAFE,car AT SAFE DISTANCE,
616,20.542,car,yolo11n,0.3959,39.48,4.321,9.137,0.0,False,SAFE,car OUTSIDE VEHICLE LANE,
618,20.609,bus,yolo11n,0.7596,8.58,3.092,2.774,0.339,True,WARNING,SLOW DOWN AND INCREASE FOLLOWING DISTANCE,/Users/witchjenjen/Documents/GitHub/AIproject/output/incidents/road_video_2.mp4_f618_WARNING_bus.jpg
618,20.609,car,yolo11n,0.7433,22.06,0.0,,0.0,False,SAFE,car OUTSIDE VEHICLE LANE,
618,20.609,car,yolo11n,0.6733,17.11,0.0,,0.0,False,SAFE,car OUTSIDE VEHICLE LANE,
618,20.609,car,yolo11n,0.4059,38.1,1.842,20.683,1.0,True,SAFE,car AT SAFE DISTANCE,
618,20.609,car,yolo11n,0.354,31.62,1.539,20.541,0.0,False,SAFE,car OUTSIDE VEHICLE LANE,
620,20.675,car,yolo11n,0.816,22.21,0.0,,0.0,False,SAFE,car OUTSIDE VEHICLE LANE,
620,20.675,bus,yolo11n,0.7218,7.54,0.0,,0.322,True,CAUTION,CAUTION - bus IN VEHICLE LANE,
620,20.675,car,yolo11n,0.6781,17.0,0.493,34.507,0.0,False,SAFE,car OUTSIDE VEHICLE LANE,
620,20.675,car,yolo11n,0.5592,37.37,4.669,8.003,1.0,True,SAFE,car AT SAFE DISTANCE,
620,20.675,car,yolo11n,0.4681,30.81,2.202,13.991,0.0,False,SAFE,car OUTSIDE VEHICLE LANE,
620,20.675,car,yolo11n,0.3221,37.58,8.831,4.255,0.0,False,SAFE,car OUTSIDE VEHICLE LANE,
622,20.742,car,yolo11n,0.8363,22.6,0.0,,0.0,False,SAFE,car OUTSIDE VEHICLE LANE,
622,20.742,bus,yolo11n,0.6517,7.48,0.0,,0.318,True,CAUTION,CAUTION - bus IN VEHICLE LANE,
622,20.742,car,yolo11n,0.5483,16.85,1.199,14.048,0.0,False,SAFE,car OUTSIDE VEHICLE LANE,
622,20.742,car,yolo11n,0.4629,36.89,5.569,6.624,1.0,True,SAFE,car AT SAFE DISTANCE,
622,20.742,transverse,best.pt,0.3182,1.83,0.0,,0.995,True,CRITICAL,BRAKE NOW - transverse TOO CLOSE,/Users/witchjenjen/Documents/GitHub/AIproject/output/incidents/road_video_2.mp4_f622_CRITICAL_transverse.jpg
624,20.809,car,yolo11n,0.7945,23.34,0.0,,0.0,False,SAFE,car OUTSIDE VEHICLE LANE,
624,20.809,car,yolo11n,0.6738,14.65,3.174,4.616,0.143,False,SAFE,car OUTSIDE VEHICLE LANE,
624,20.809,bus,yolo11n,0.6421,7.37,1.274,5.783,0.319,True,CAUTION,CAUTION - bus IN VEHICLE LANE,
624,20.809,car,yolo11n,0.606,16.61,1.778,9.343,0.0,False,SAFE,car OUTSIDE VEHICLE LANE,
624,20.809,car,yolo11n,0.4722,35.89,7.625,4.707,1.0,True,CAUTION,CAUTION - car IN VEHICLE LANE,
624,20.809,transverse,best.pt,0.3159,1.77,0.0,,1.0,True,CRITICAL,BRAKE NOW - transverse TOO CLOSE,/Users/witchjenjen/Documents/GitHub/AIproject/output/incidents/road_video_2.mp4_f624_CRITICAL_transverse.jpg
626,20.875,car,yolo11n,0.8233,23.82,0.0,,0.0,False,SAFE,car OUTSIDE VEHICLE LANE,
626,20.875,bus,yolo11n,0.813,7.23,1.549,4.666,0.315,True,CAUTION,CAUTION - bus IN VEHICLE LANE,
626,20.875,car,yolo11n,0.6925,16.45,2.356,6.982,0.0,False,SAFE,car OUTSIDE VEHICLE LANE,
626,20.875,car,yolo11n,0.6006,34.94,9.617,3.633,1.0,True,CAUTION,CAUTION - car IN VEHICLE LANE,
626,20.875,car,yolo11n,0.4325,14.53,3.129,4.643,0.165,False,SAFE,car OUTSIDE VEHICLE LANE,
628,20.942,car,yolo11n,0.7903,24.3,0.0,,0.0,False,SAFE,car OUTSIDE VEHICLE LANE,
628,20.942,bus,yolo11n,0.7329,7.06,1.799,3.924,0.315,True,CAUTION,CAUTION - bus IN VEHICLE LANE,
628,20.942,car,yolo11n,0.6509,16.42,2.378,6.906,0.0,False,SAFE,car OUTSIDE VEHICLE LANE,
628,20.942,car,yolo11n,0.5591,34.02,9.81,3.468,1.0,True,CAUTION,CAUTION - car IN VEHICLE LANE,
628,20.942,transverse,best.pt,0.3736,1.42,0.0,,0.951,True,CRITICAL,BRAKE NOW - transverse TOO CLOSE,/Users/witchjenjen/Documents/GitHub/AIproject/output/incidents/road_video_2.mp4_f628_CRITICAL_transverse.jpg
628,20.942,car,yolo11n,0.3244,29.61,2.661,11.126,0.0,False,SAFE,car OUTSIDE VEHICLE LANE,
630,21.009,car,yolo11n,0.7655,24.45,0.0,,0.0,False,SAFE,car OUTSIDE VEHICLE LANE,
630,21.009,bus,yolo11n,0.7495,6.84,2.099,3.259,0.318,True,WARNING,SLOW DOWN AND INCREASE FOLLOWING DISTANCE,/Users/witchjenjen/Documents/GitHub/AIproject/output/incidents/road_video_2.mp4_f630_WARNING_bus.jpg
630,21.009,car,yolo11n,0.6864,16.4,1.885,8.701,0.0,False,SAFE,car OUTSIDE VEHICLE LANE,
630,21.009,car,yolo11n,0.6703,14.46,2.971,4.866,0.206,True,CAUTION,CAUTION - car IN VEHICLE LANE,
630,21.009,car,yolo11n,0.47,33.42,9.939,3.363,1.0,True,CAUTION,CAUTION - car IN VEHICLE LANE,
630,21.009,car,yolo11n,0.33,28.83,3.092,9.325,0.0,False,SAFE,car OUTSIDE VEHICLE LANE,
632,21.076,bus,yolo11n,0.8956,6.62,2.299,2.879,0.321,True,WARNING,SLOW DOWN AND INCREASE FOLLOWING DISTANCE,
632,21.076,car,yolo11n,0.7747,24.71,0.0,,0.0,False,SAFE,car OUTSIDE VEHICLE LANE,
632,21.076,car,yolo11n,0.6931,14.25,3.012,4.73,0.246,True,CAUTION,CAUTION - car IN VEHICLE LANE,
632,21.076,car,yolo11n,0.6671,16.38,1.564,10.476,0.0,False,SAFE,car OUTSIDE VEHICLE LANE,
632,21.076,car,yolo11n,0.5329,33.33,10.217,3.262,1.0,True,CAUTION,CAUTION - car IN VEHICLE LANE,
632,21.076,car,yolo11n,0.4545,28.12,3.435,8.187,0.0,False,SAFE,car OUTSIDE VEHICLE LANE,
634,21.142,bus,yolo11n,0.9022,6.41,2.42,2.648,0.318,True,WARNING,SLOW DOWN AND INCREASE FOLLOWING DISTANCE,
634,21.142,car,yolo11n,0.7648,25.06,0.0,,0.0,False,SAFE,car OUTSIDE VEHICLE LANE,
634,21.142,car,yolo11n,0.6725,14.0,3.203,4.371,0.287,True,CAUTION,CAUTION - car IN VEHICLE LANE,
634,21.142,car,yolo11n,0.6702,16.38,1.328,12.334,0.0,False,SAFE,car OUTSIDE VEHICLE LANE,
634,21.142,car,yolo11n,0.505,33.27,8.782,3.788,1.0,True,CAUTION,CAUTION - car IN VEHICLE LANE,
634,21.142,car,yolo11n,0.3263,27.28,4.007,6.807,0.0,False,SAFE,car OUTSIDE VEHICLE LANE,
636,21.209,bus,yolo11n,0.8595,6.23,2.677,2.327,0.32,True,WARNING,SLOW DOWN AND INCREASE FOLLOWING DISTANCE,
636,21.209,car,yolo11n,0.7669,25.67,0.0,,0.0,False,SAFE,car OUTSIDE VEHICLE LANE,
636,21.209,car,yolo11n,0.6465,16.37,1.028,15.922,0.0,False,SAFE,car OUTSIDE VEHICLE LANE,
636,21.209,car,yolo11n,0.5838,13.74,3.203,4.289,0.327,True,CAUTION,CAUTION - car IN VEHICLE LANE,
636,21.209,car,yolo11n,0.4724,33.23,7.84,4.239,1.0,True,CAUTION,CAUTION - car IN VEHICLE LANE,
636,21.209,car,yolo11n,0.4426,26.92,4.048,6.65,0.0,False,SAFE,car OUTSIDE VEHICLE LANE,
638,21.276,bus,yolo11n,0.8586,6.03,2.87,2.101,0.316,True,WARNING,SLOW DOWN AND INCREASE FOLLOWING DISTANCE,
638,21.276,car,yolo11n,0.7304,26.49,0.0,,0.0,False,SAFE,car OUTSIDE VEHICLE LANE,
638,21.276,car,yolo11n,0.5832,16.37,0.514,31.844,0.0,False,SAFE,car OUTSIDE VEHICLE LANE,
638,21.276,car,yolo11n,0.5519,26.5,7.677,3.452,0.0,False,SAFE,car OUTSIDE VEHICLE LANE,
638,21.276,car,yolo11n,0.4484,33.21,5.74,5.785,1.0,True,SAFE,car AT SAFE DISTANCE,
640,21.342,bus,yolo11n,0.9012,5.83,2.999,1.944,0.315,True,WARNING,SLOW DOWN AND INCREASE FOLLOWING DISTANCE,
640,21.342,car,yolo11n,0.7506,27.02,0.0,,0.0,False,SAFE,car OUTSIDE VEHICLE LANE,
640,21.342,car,yolo11n,0.6722,29.3,0.0,,0.0,False,SAFE,car OUTSIDE VEHICLE LANE,
640,21.342,car,yolo11n,0.6029,16.15,0.643,25.133,0.0,False,SAFE,car OUTSIDE VEHICLE LANE,
640,21.342,car,yolo11n,0.5069,33.19,3.748,8.854,1.0,True,SAFE,car AT SAFE DISTANCE,
640,21.342,car,yolo11n,0.502,40.65,0.0,,0.0,False,SAFE,car OUTSIDE VEHICLE LANE,
640,21.342,car,yolo11n,0.464,24.71,0.0,,1.0,True,SAFE,car AT SAFE DISTANCE,
640,21.342,car,yolo11n,0.4046,25.87,7.407,3.493,0.0,False,SAFE,car OUTSIDE VEHICLE LANE,
640,21.342,car,yolo11n,0.3711,13.43,3.228,4.16,0.352,True,CAUTION,CAUTION - car IN VEHICLE LANE,
642,21.409,bus,yolo11n,0.9234,5.64,3.042,1.854,0.315,True,WARNING,SLOW DOWN AND INCREASE FOLLOWING DISTANCE,
642,21.409,car,yolo11n,0.7303,27.36,0.0,,0.0,False,SAFE,car OUTSIDE VEHICLE LANE,
642,21.409,car,yolo11n,0.7225,28.63,0.0,,0.0,False,SAFE,car OUTSIDE VEHICLE LANE,
642,21.409,car,yolo11n,0.6109,15.94,1.028,15.504,0.0,False,SAFE,car OUTSIDE VEHICLE LANE,
642,21.409,car,yolo11n,0.5412,32.6,3.042,10.718,1.0,True,SAFE,car AT SAFE DISTANCE,
642,21.409,car,yolo11n,0.5371,40.65,0.0,,0.0,False,SAFE,car OUTSIDE VEHICLE LANE,
642,21.409,car,yolo11n,0.4563,13.05,2.666,4.896,0.384,True,CAUTION,CAUTION - car IN VEHICLE LANE,
642,21.409,car,yolo11n,0.4462,24.54,0.0,,1.0,True,SAFE,car AT SAFE DISTANCE,
642,21.409,car,yolo11n,0.3419,25.14,9.575,2.626,0.0,False,SAFE,car OUTSIDE VEHICLE LANE,
644,21.476,bus,yolo11n,0.9207,5.44,2.999,1.814,0.318,True,WARNING,SLOW DOWN AND INCREASE FOLLOWING DISTANCE,
644,21.476,car,yolo11n,0.7791,12.85,2.799,4.591,0.38,True,CAUTION,CAUTION - car IN VEHICLE LANE,
644,21.476,car,yolo11n,0.7505,27.8,11.245,2.472,0.0,False,SAFE,car OUTSIDE VEHICLE LANE,
644,21.476,car,yolo11n,0.6971,15.74,1.414,11.134,0.0,False,SAFE,car OUTSIDE VEHICLE LANE,
644,21.476,car,yolo11n,0.595,27.81,0.0,,0.0,False,SAFE,car OUTSIDE VEHICLE LANE,
644,21.476,car,yolo11n,0.4632,24.43,2.099,11.638,1.0,True,SAFE,car AT SAFE DISTANCE,
644,21.476,car,yolo11n,0.4372,31.94,3.17,10.075,1.0,True,SAFE,car AT SAFE DISTANCE,
646,21.542,bus,yolo11n,0.9259,5.25,2.934,1.789,0.321,True,WARNING,SLOW DOWN AND INCREASE FOLLOWING DISTANCE,
646,21.542,car,yolo11n,0.7704,12.6,3.486,3.614,0.379,True,CAUTION,CAUTION - car IN VEHICLE LANE,
646,21.542,car,yolo11n,0.7044,15.48,1.928,8.03,0.0,False,SAFE,car OUTSIDE VEHICLE LANE,
646,21.542,car,yolo11n,0.6899,28.1,0.0,,0.0,False,SAFE,car OUTSIDE VEHICLE LANE,
646,21.542,car,yolo11n,0.679,26.55,13.744,1.932,0.0,False,SAFE,car OUTSIDE VEHICLE LANE,
646,21.542,car,yolo11n,0.5229,24.7,0.0,,1.0,True,SAFE,car AT SAFE DISTANCE,
646,21.542,car,yolo11n,0.3243,30.79,5.441,5.659,1.0,True,SAFE,car AT SAFE DISTANCE,
648,21.609,bus,yolo11n,0.914,4.74,0.0,,0.332,True,WARNING,SLOW DOWN AND INCREASE FOLLOWING DISTANCE,/Users/witchjenjen/Documents/GitHub/AIproject/output/incidents/road_video_2.mp4_f648_WARNING_bus.jpg
648,21.609,car,yolo11n,0.7165,15.44,2.013,7.668,0.0,False,SAFE,car OUTSIDE VEHICLE LANE,
648,21.609,car,yolo11n,0.6945,12.31,3.636,3.386,0.368,True,CAUTION,CAUTION - car IN VEHICLE LANE,
648,21.609,car,yolo11n,0.5882,28.52,0.0,,0.0,False,SAFE,car OUTSIDE VEHICLE LANE,
648,21.609,car,yolo11n,0.5748,24.54,0.637,38.51,1.0,True,SAFE,car AT SAFE DISTANCE,
648,21.609,car,yolo11n,0.5369,26.64,9.971,2.672,0.0,False,SAFE,car OUTSIDE VEHICLE LANE,
648,21.609,car,yolo11n,0.5074,38.18,0.0,,1.0,True,SAFE,car AT SAFE DISTANCE,
650,21.676,bus,yolo11n,0.9017,4.68,0.0,,0.337,True,WARNING,SLOW DOWN AND INCREASE FOLLOWING DISTANCE,
650,21.676,car,yolo11n,0.727,24.11,1.799,13.4,1.0,True,SAFE,car AT SAFE DISTANCE,
650,21.676,car,yolo11n,0.6549,15.42,2.035,7.578,0.0,False,SAFE,car OUTSIDE VEHICLE LANE,
650,21.676,car,yolo11n,0.6291,28.07,3.688,7.61,0.0,False,SAFE,car OUTSIDE VEHICLE LANE,
650,21.676,car,yolo11n,0.6058,29.04,0.0,,0.0,False,SAFE,car OUTSIDE VEHICLE LANE,
650,21.676,car,yolo11n,0.6026,36.73,0.0,,1.0,True,SAFE,car AT SAFE DISTANCE,
650,21.676,car,yolo11n,0.3438,11.97,3.805,3.146,0.358,True,CAUTION,CAUTION - car IN VEHICLE LANE,
652,21.742,bus,yolo11n,0.9149,4.6,1.05,4.383,0.345,True,WARNING,SLOW DOWN AND INCREASE FOLLOWING DISTANCE,
652,21.742,car,yolo11n,0.6604,29.27,0.0,,0.0,False,SAFE,car OUTSIDE VEHICLE LANE,
652,21.742,car,yolo11n,0.6501,23.69,2.549,9.294,1.0,True,SAFE,car AT SAFE DISTANCE,
652,21.742,car,yolo11n,0.5911,15.33,2.228,6.882,0.0,False,SAFE,car OUTSIDE VEHICLE LANE,
652,21.742,car,yolo11n,0.5866,29.63,0.0,,0.0,False,SAFE,car OUTSIDE VEHICLE LANE,
652,21.742,car,yolo11n,0.4219,11.69,3.842,3.043,0.359,True,CAUTION,CAUTION - car IN VEHICLE LANE,
652,21.742,truck,yolo11n,0.3971,14.96,0.0,,0.337,True,SAFE,truck AT SAFE DISTANCE,
654,21.809,bus,yolo11n,0.9372,4.53,1.05,4.316,0.356,True,WARNING,SLOW DOWN AND INCREASE FOLLOWING DISTANCE,
654,21.809,car,yolo11n,0.6431,29.76,0.0,,0.0,False,SAFE,car OUTSIDE VEHICLE LANE,
654,21.809,car,yolo11n,0.5979,15.15,2.142,7.073,0.0,False,SAFE,car OUTSIDE VEHICLE LANE,
654,21.809,car,yolo11n,0.5887,23.42,2.763,8.476,1.0,True,SAFE,car AT SAFE DISTANCE,
654,21.809,truck,yolo11n,0.4216,14.87,0.0,,0.326,True,SAFE,truck AT SAFE DISTANCE,
654,21.809,car,yolo11n,0.3995,11.37,4.412,2.577,0.332,True,WARNING,SLOW DOWN AND INCREASE FOLLOWING DISTANCE,/Users/witchjenjen/Documents/GitHub/AIproject/output/incidents/road_video_2.mp4_f654_WARNING_car.jpg
656,21.876,bus,yolo11n,0.9298,4.46,1.05,4.249,0.371,True,WARNING,SLOW DOWN AND INCREASE FOLLOWING DISTANCE,
656,21.876,car,yolo11n,0.6533,23.1,3.084,7.489,1.0,True,SAFE,car AT SAFE DISTANCE,
656,21.876,car,yolo11n,0.5556,29.6,0.0,,0.0,False,SAFE,car OUTSIDE VEHICLE LANE,
656,21.876,car,yolo11n,0.4947,15.04,1.928,7.802,0.0,False,SAFE,car OUTSIDE VEHICLE LANE,
658,21.943,bus,yolo11n,0.9464,4.4,1.02,4.316,0.381,True,WARNING,SLOW DOWN AND INCREASE FOLLOWING DISTANCE,
658,21.943,car,yolo11n,0.614,22.36,4.434,5.043,1.0,True,SAFE,car AT SAFE DISTANCE,
658,21.943,car,yolo11n,0.5902,29.49,0.0,,0.0,False,SAFE,car OUTSIDE VEHICLE LANE,
658,21.943,car,yolo11n,0.4901,14.9,1.799,8.281,0.0,False,SAFE,car OUTSIDE VEHICLE LANE,
660,22.009,bus,yolo11n,0.9386,4.35,0.975,4.463,0.396,True,WARNING,SLOW DOWN AND INCREASE FOLLOWING DISTANCE,
660,22.009,car,yolo11n,0.7583,22.01,5.762,3.82,1.0,True,CAUTION,CAUTION - car IN VEHICLE LANE,
660,22.009,car,yolo11n,0.5174,14.94,1.157,12.917,0.0,False,SAFE,car OUTSIDE VEHICLE LANE,
660,22.009,car,yolo11n,0.4083,29.67,0.0,,0.0,False,SAFE,car OUTSIDE VEHICLE LANE,
660,22.009,truck,yolo11n,0.3151,13.46,0.0,,0.29,True,CAUTION,CAUTION - truck IN VEHICLE LANE,
662,22.076,bus,yolo11n,0.9349,4.14,0.0,,0.43,True,CRITICAL,BRAKE NOW - bus TOO CLOSE,/Users/witchjenjen/Documents/GitHub/AIproject/output/incidents/road_video_2.mp4_f662_CRITICAL_bus.jpg
662,22.076,car,yolo11n,0.7775,21.42,6.683,3.205,1.0,True,CAUTION,CAUTION - car IN VEHICLE LANE,
662,22.076,car,yolo11n,0.6049,30.31,0.0,,0.0,False,SAFE,car OUTSIDE VEHICLE LANE,
662,22.076,car,yolo11n,0.4939,14.96,1.028,14.551,0.0,False,SAFE,car OUTSIDE VEHICLE LANE,
664,22.143,bus,yolo11n,0.9572,4.12,0.0,,0.44,True,CRITICAL,BRAKE NOW - bus TOO CLOSE,
664,22.143,car,yolo11n,0.8352,20.81,7.068,2.944,1.0,True,WARNING,SLOW DOWN AND INCREASE FOLLOWING DISTANCE,/Users/witchjenjen/Documents/GitHub/AIproject/output/incidents/road_video_2.mp4_f664_WARNING_car.jpg
664,22.143,truck,yolo11n,0.3375,13.25,0.0,,0.253,True,CAUTION,CAUTION - truck IN VEHICLE LANE,
664,22.143,car,yolo11n,0.3156,14.91,1.092,13.649,0.0,False,SAFE,car OUTSIDE VEHICLE LANE,
666,22.209,bus,yolo11n,0.9475,4.1,0.3,13.672,0.448,True,CRITICAL,BRAKE NOW - bus TOO CLOSE,
666,22.209,car,yolo11n,0.8651,20.42,7.004,2.915,1.0,True,WARNING,SLOW DOWN AND INCREASE FOLLOWING DISTANCE,
666,22.209,bus,yolo11n,0.5936,12.07,0.0,,0.228,True,CAUTION,CAUTION - bus IN VEHICLE LANE,
666,22.209,car,yolo11n,0.3461,14.94,0.835,17.884,0.0,False,SAFE,car OUTSIDE VEHICLE LANE,
668,22.276,bus,yolo11n,0.9506,4.06,0.4,10.154,0.464,True,CRITICAL,BRAKE NOW - bus TOO CLOSE,
668,22.276,car,yolo11n,0.8292,19.86,7.625,2.604,1.0,True,WARNING,SLOW DOWN AND INCREASE FOLLOWING DISTANCE,
668,22.276,truck,yolo11n,0.4565,12.75,2.661,4.791,0.229,True,CAUTION,CAUTION - truck IN VEHICLE LANE,
670,22.343,bus,yolo11n,0.9428,4.02,0.45,8.937,0.482,True,CRITICAL,BRAKE NOW - bus TOO CLOSE,
670,22.343,car,yolo11n,0.7795,19.21,8.332,2.306,1.0,True,WARNING,SLOW DOWN AND INCREASE FOLLOWING DISTANCE,
670,22.343,car,yolo11n,0.5071,46.67,0.0,,0.0,False,SAFE,car OUTSIDE VEHICLE LANE,
670,22.343,bus,yolo11n,0.3801,11.77,0.0,,0.249,True,CAUTION,CAUTION - bus IN VEHICLE LANE,
672,22.409,bus,yolo11n,0.9376,3.98,0.48,8.295,0.493,True,CRITICAL,BRAKE NOW - bus TOO CLOSE,
672,22.409,car,yolo11n,0.6643,18.78,7.668,2.449,1.0,True,WARNING,SLOW DOWN AND INCREASE FOLLOWING DISTANCE,
672,22.409,stop sign,yolo11n,0.6396,12.8,0.0,,0.0,False,SAFE,stop sign OUTSIDE VEHICLE LANE,
672,22.409,truck,yolo11n,0.4486,12.07,3.474,3.475,0.28,True,CAUTION,CAUTION - truck IN VEHICLE LANE,
674,22.476,bus,yolo11n,0.9346,3.96,0.45,8.804,0.505,True,CRITICAL,BRAKE NOW - bus TOO CLOSE,
674,22.476,car,yolo11n,0.6464,18.7,7.09,2.638,1.0,True,WARNING,SLOW DOWN AND INCREASE FOLLOWING DISTANCE,
674,22.476,truck,yolo11n,0.5717,11.45,4.305,2.659,0.291,True,WARNING,SLOW DOWN AND INCREASE FOLLOWING DISTANCE,/Users/witchjenjen/Documents/GitHub/AIproject/output/incidents/road_video_2.mp4_f674_WARNING_truck.jpg
676,22.543,bus,yolo11n,0.9207,3.87,0.0,,0.53,True,CRITICAL,BRAKE NOW - bus TOO CLOSE,/Users/witchjenjen/Documents/GitHub/AIproject/output/incidents/road_video_2.mp4_f676_CRITICAL_bus.jpg
676,22.543,truck,yolo11n,0.5977,11.02,4.573,2.41,0.294,True,WARNING,SLOW DOWN AND INCREASE FOLLOWING DISTANCE,
676,22.543,car,yolo11n,0.5009,18.94,5.312,3.565,1.0,True,CAUTION,CAUTION - car IN VEHICLE LANE,
678,22.609,bus,yolo11n,0.8701,3.85,0.0,,0.543,True,CRITICAL,BRAKE NOW - bus TOO CLOSE,
678,22.609,truck,yolo11n,0.5348,10.62,4.731,2.245,0.291,True,WARNING,SLOW DOWN AND INCREASE FOLLOWING DISTANCE,
680,22.676,bus,yolo11n,0.9195,3.82,0.375,10.191,0.558,True,CRITICAL,BRAKE NOW - bus TOO CLOSE,
680,22.676,truck,yolo11n,0.5689,10.25,4.813,2.13,0.279,True,WARNING,SLOW DOWN AND INCREASE FOLLOWING DISTANCE,
680,22.676,car,yolo11n,0.4028,14.4,0.865,16.647,0.0,False,SAFE,car OUTSIDE VEHICLE LANE,
682,22.743,bus,yolo11n,0.9365,3.78,0.45,8.404,0.573,True,CRITICAL,BRAKE NOW - bus TOO CLOSE,
682,22.743,truck,yolo11n,0.666,9.96,5.481,1.817,0.26,True,WARNING,SLOW DOWN AND INCREASE FOLLOWING DISTANCE,
684,22.81,bus,yolo11n,0.9384,3.73,0.525,7.108,0.585,True,CRITICAL,BRAKE NOW - bus TOO CLOSE,
684,22.81,truck,yolo11n,0.643,9.75,5.623,1.734,0.229,True,WARNING,SLOW DOWN AND INCREASE FOLLOWING DISTANCE,
686,22.876,bus,yolo11n,0.949,3.63,0.0,,0.587,True,CRITICAL,BRAKE NOW - bus TOO CLOSE,/Users/witchjenjen/Documents/GitHub/AIproject/output/incidents/road_video_2.mp4_f686_CRITICAL_bus.jpg
686,22.876,truck,yolo11n,0.7506,9.54,5.419,1.76,0.205,True,WARNING,SLOW DOWN AND INCREASE FOLLOWING DISTANCE,
688,22.943,bus,yolo11n,0.9401,3.62,0.0,,0.587,True,CRITICAL,BRAKE NOW - bus TOO CLOSE,
688,22.943,truck,yolo11n,0.8099,9.36,4.477,2.091,0.183,True,WARNING,SLOW DOWN AND INCREASE FOLLOWING DISTANCE,
688,22.943,bench,yolo11n,0.5592,5.71,0.0,,0.0,False,SAFE,bench OUTSIDE VEHICLE LANE,
690,23.01,bus,yolo11n,0.9323,3.61,0.0,,0.59,True,CRITICAL,BRAKE NOW - bus TOO CLOSE,
690,23.01,truck,yolo11n,0.734,9.22,3.856,2.391,0.14,False,SAFE,truck OUTSIDE VEHICLE LANE,
692,23.076,bus,yolo11n,0.8965,3.55,0.0,,0.587,True,CRITICAL,BRAKE NOW - bus TOO CLOSE,/Users/witchjenjen/Documents/GitHub/AIproject/output/incidents/road_video_2.mp4_f692_CRITICAL_bus.jpg
692,23.076,truck,yolo11n,0.7757,9.12,3.213,2.839,0.112,False,SAFE,truck OUTSIDE VEHICLE LANE,
694,23.143,bus,yolo11n,0.9081,3.54,0.0,,0.589,True,CRITICAL,BRAKE NOW - bus TOO CLOSE,
694,23.143,truck,yolo11n,0.7057,9.04,2.592,3.488,0.07,False,SAFE,truck OUTSIDE VEHICLE LANE,
694,23.143,person,yolo11n,0.3792,19.44,0.0,,0.0,False,SAFE,person OUTSIDE VEHICLE LANE,
696,23.21,bus,yolo11n,0.9169,3.53,0.0,,0.534,True,CRITICAL,BRAKE NOW - bus TOO CLOSE,
696,23.21,truck,yolo11n,0.7444,8.9,2.27,3.92,0.063,False,SAFE,truck OUTSIDE VEHICLE LANE,
698,23.276,bus,yolo11n,0.9098,3.52,0.0,,0.478,True,CRITICAL,BRAKE NOW - bus TOO CLOSE,
698,23.276,truck,yolo11n,0.8065,8.82,1.992,4.428,0.012,False,SAFE,truck OUTSIDE VEHICLE LANE,
700,23.343,bus,yolo11n,0.8956,3.5,0.187,18.675,0.45,True,CRITICAL,BRAKE NOW - bus TOO CLOSE,
700,23.343,truck,yolo11n,0.7418,8.75,1.692,5.171,0.0,False,SAFE,truck OUTSIDE VEHICLE LANE,
702,23.41,bus,yolo11n,0.8828,3.49,0.18,19.397,0.479,True,CRITICAL,BRAKE NOW - bus TOO CLOSE,
702,23.41,truck,yolo11n,0.7541,8.58,0.0,,0.0,False,SAFE,truck OUTSIDE VEHICLE LANE,
704,23.477,bus,yolo11n,0.9492,3.48,0.175,19.894,0.451,True,CRITICAL,BRAKE NOW - bus TOO CLOSE,
704,23.477,truck,yolo11n,0.7672,8.63,0.0,,0.0,False,SAFE,truck OUTSIDE VEHICLE LANE,
706,23.543,bus,yolo11n,0.9353,3.47,0.171,20.25,0.419,True,CRITICAL,BRAKE NOW - bus TOO CLOSE,
706,23.543,truck,yolo11n,0.8368,8.68,0.0,,0.0,False,SAFE,truck OUTSIDE VEHICLE LANE,
708,23.61,bus,yolo11n,0.9549,3.46,0.171,20.192,0.342,True,CRITICAL,BRAKE NOW - bus TOO CLOSE,
708,23.61,truck,yolo11n,0.8775,8.82,0.0,,0.0,False,SAFE,truck OUTSIDE VEHICLE LANE,
710,23.677,bus,yolo11n,0.9461,3.46,0.0,,0.399,True,CRITICAL,BRAKE NOW - bus TOO CLOSE,
710,23.677,truck,yolo11n,0.7297,8.99,0.0,,0.0,False,SAFE,truck OUTSIDE VEHICLE LANE,
712,23.743,bus,yolo11n,0.9533,3.45,0.0,,0.442,True,CRITICAL,BRAKE NOW - bus TOO CLOSE,
712,23.743,truck,yolo11n,0.6701,9.15,0.0,,0.0,False,SAFE,truck OUTSIDE VEHICLE LANE,
714,23.81,bus,yolo11n,0.9605,3.43,0.0,,0.481,True,CRITICAL,BRAKE NOW - bus TOO CLOSE,
714,23.81,truck,yolo11n,0.6823,9.34,0.0,,0.0,False,SAFE,truck OUTSIDE VEHICLE LANE,
716,23.877,bus,yolo11n,0.9422,3.41,0.171,19.9,0.508,True,CRITICAL,BRAKE NOW - bus TOO CLOSE,
716,23.877,truck,yolo11n,0.7417,9.49,0.0,,0.0,False,SAFE,truck OUTSIDE VEHICLE LANE,
716,23.877,car,yolo11n,0.5242,46.67,0.0,,0.0,False,SAFE,car OUTSIDE VEHICLE LANE,
718,23.943,bus,yolo11n,0.9267,3.4,0.171,19.842,0.535,True,CRITICAL,BRAKE NOW - bus TOO CLOSE,
718,23.943,truck,yolo11n,0.8186,9.65,0.0,,0.0,False,SAFE,truck OUTSIDE VEHICLE LANE,
718,23.943,car,yolo11n,0.5162,47.3,0.0,,0.0,False,SAFE,car OUTSIDE VEHICLE LANE,
720,24.01,bus,yolo11n,0.9269,3.46,0.0,,0.586,True,CRITICAL,BRAKE NOW - bus TOO CLOSE,
720,24.01,truck,yolo11n,0.6993,9.83,0.0,,0.0,False,SAFE,truck OUTSIDE VEHICLE LANE,
720,24.01,car,yolo11n,0.4815,48.38,0.0,,0.0,False,SAFE,car OUTSIDE VEHICLE LANE,
722,24.077,bus,yolo11n,0.8415,3.68,0.0,,0.637,True,CRITICAL,BRAKE NOW - bus TOO CLOSE,
722,24.077,truck,yolo11n,0.7407,10.04,0.0,,0.0,False,SAFE,truck OUTSIDE VEHICLE LANE,
722,24.077,car,yolo11n,0.5385,48.41,0.0,,0.0,False,SAFE,car OUTSIDE VEHICLE LANE,
722,24.077,car,yolo11n,0.4706,36.0,0.0,,0.0,False,SAFE,car OUTSIDE VEHICLE LANE,
722,24.077,car,yolo11n,0.4618,30.73,0.0,,0.0,False,SAFE,car OUTSIDE VEHICLE LANE,
724,24.143,truck,yolo11n,0.9154,4.16,0.0,,0.815,True,CRITICAL,BRAKE NOW - truck TOO CLOSE,/Users/witchjenjen/Documents/GitHub/AIproject/output/incidents/road_video_2.mp4_f724_CRITICAL_truck.jpg
724,24.143,car,yolo11n,0.8655,17.03,0.0,,0.0,False,SAFE,car OUTSIDE VEHICLE LANE,
724,24.143,truck,yolo11n,0.761,10.26,0.0,,0.0,False,SAFE,truck OUTSIDE VEHICLE LANE,
724,24.143,car,yolo11n,0.5643,36.37,0.0,,0.0,False,SAFE,car OUTSIDE VEHICLE LANE,
724,24.143,car,yolo11n,0.4609,48.43,0.0,,0.0,False,SAFE,car OUTSIDE VEHICLE LANE,
724,24.143,car,yolo11n,0.4225,31.5,0.0,,0.0,False,SAFE,car OUTSIDE VEHICLE LANE,
726,24.21,truck,yolo11n,0.9181,4.32,0.0,,0.866,True,CRITICAL,BRAKE NOW - truck TOO CLOSE,
726,24.21,car,yolo11n,0.8509,16.87,0.0,,0.0,False,SAFE,car OUTSIDE VEHICLE LANE,
726,24.21,truck,yolo11n,0.7147,10.57,0.0,,0.0,False,SAFE,truck OUTSIDE VEHICLE LANE,
726,24.21,car,yolo11n,0.5836,48.44,0.0,,0.0,False,SAFE,car OUTSIDE VEHICLE LANE,
726,24.21,car,yolo11n,0.5471,37.42,0.0,,0.0,False,SAFE,car OUTSIDE VEHICLE LANE,
726,24.21,car,yolo11n,0.4551,31.23,0.0,,0.0,False,SAFE,car OUTSIDE VEHICLE LANE,
728,24.277,truck,yolo11n,0.9036,5.15,0.0,,0.957,True,CRITICAL,BRAKE NOW - truck TOO CLOSE,/Users/witchjenjen/Documents/GitHub/AIproject/output/incidents/road_video_2.mp4_f728_CRITICAL_truck.jpg
728,24.277,car,yolo11n,0.8225,16.36,0.0,,0.0,False,SAFE,car OUTSIDE VEHICLE LANE,
728,24.277,car,yolo11n,0.8126,50.4,0.0,,0.0,False,SAFE,car OUTSIDE VEHICLE LANE,
728,24.277,truck,yolo11n,0.7382,10.98,0.0,,0.0,False,SAFE,truck OUTSIDE VEHICLE LANE,
728,24.277,car,yolo11n,0.5573,37.3,0.0,,0.0,False,SAFE,car OUTSIDE VEHICLE LANE,
728,24.277,car,yolo11n,0.5173,47.82,0.0,,0.0,False,SAFE,car OUTSIDE VEHICLE LANE,
730,24.344,car,yolo11n,0.8921,49.09,0.0,,0.0,False,SAFE,car OUTSIDE VEHICLE LANE,
730,24.344,truck,yolo11n,0.8624,5.36,0.0,,0.951,True,CRITICAL,BRAKE NOW - truck TOO CLOSE,
730,24.344,car,yolo11n,0.8583,16.22,0.0,,0.0,False,SAFE,car OUTSIDE VEHICLE LANE,
730,24.344,truck,yolo11n,0.643,11.33,0.0,,0.0,False,SAFE,truck OUTSIDE VEHICLE LANE,
730,24.344,car,yolo11n,0.5621,36.84,0.0,,0.0,False,SAFE,car OUTSIDE VEHICLE LANE,
730,24.344,car,yolo11n,0.5204,47.42,0.0,,0.0,False,SAFE,car OUTSIDE VEHICLE LANE,
730,24.344,car,yolo11n,0.4533,31.61,0.0,,0.0,False,SAFE,car OUTSIDE VEHICLE LANE,
732,24.41,car,yolo11n,0.9026,11.45,4.128,2.774,0.001,False,SAFE,car OUTSIDE VEHICLE LANE,
732,24.41,car,yolo11n,0.8403,15.92,3.299,4.826,0.0,False,SAFE,car OUTSIDE VEHICLE LANE,
732,24.41,truck,yolo11n,0.67,6.34,0.0,,0.991,True,CRITICAL,BRAKE NOW - truck TOO CLOSE,/Users/witchjenjen/Documents/GitHub/AIproject/output/incidents/road_video_2.mp4_f732_CRITICAL_truck.jpg
732,24.41,truck,yolo11n,0.6442,11.77,0.0,,0.0,False,SAFE,truck OUTSIDE VEHICLE LANE,
732,24.41,bus,yolo11n,0.6198,6.08,0.0,,0.982,True,CRITICAL,BRAKE NOW - bus TOO CLOSE,/Users/witchjenjen/Documents/GitHub/AIproject/output/incidents/road_video_2.mp4_f732_CRITICAL_bus.jpg
732,24.41,car,yolo11n,0.4879,36.92,0.0,,0.0,False,SAFE,car OUTSIDE VEHICLE LANE,
732,24.41,car,yolo11n,0.4727,47.78,0.0,,0.0,False,SAFE,car OUTSIDE VEHICLE LANE,
732,24.41,car,yolo11n,0.3709,31.57,0.0,,0.0,False,SAFE,car OUTSIDE VEHICLE LANE,
734,24.477,car,yolo11n,0.9084,11.24,4.048,2.776,0.0,False,SAFE,car OUTSIDE VEHICLE LANE,
734,24.477,car,yolo11n,0.8582,15.48,4.398,3.52,0.0,False,SAFE,car OUTSIDE VEHICLE LANE,
734,24.477,truck,yolo11n,0.606,6.52,0.0,,0.947,True,WARNING,SLOW DOWN AND INCREASE FOLLOWING DISTANCE,/Users/witchjenjen/Documents/GitHub/AIproject/output/incidents/road_video_2.mp4_f734_WARNING_truck.jpg
734,24.477,car,yolo11n,0.5833,48.02,0.771,62.274,0.0,False,SAFE,car OUTSIDE VEHICLE LANE,
734,24.477,car,yolo11n,0.5106,37.36,0.0,,0.0,False,SAFE,car OUTSIDE VEHICLE LANE,
734,24.477,bus,yolo11n,0.498,6.23,0.0,,0.932,True,WARNING,SLOW DOWN AND INCREASE FOLLOWING DISTANCE,/Users/witchjenjen/Documents/GitHub/AIproject/output/incidents/road_video_2.mp4_f734_WARNING_bus.jpg
734,24.477,truck,yolo11n,0.4658,12.19,0.0,,0.0,False,SAFE,truck OUTSIDE VEHICLE LANE,
734,24.477,car,yolo11n,0.3676,31.55,0.0,,0.0,False,SAFE,car OUTSIDE VEHICLE LANE,
736,24.544,car,yolo11n,0.9019,10.95,3.929,2.787,0.0,False,SAFE,car OUTSIDE VEHICLE LANE,
736,24.544,car,yolo11n,0.8708,15.07,4.835,3.117,0.0,False,SAFE,car OUTSIDE VEHICLE LANE,
736,24.544,truck,yolo11n,0.8243,6.82,0.0,,0.969,True,WARNING,SLOW DOWN AND INCREASE FOLLOWING DISTANCE,
736,24.544,truck,yolo11n,0.581,12.6,0.0,,0.0,False,SAFE,truck OUTSIDE VEHICLE LANE,
736,24.544,car,yolo11n,0.5133,37.65,0.0,,0.0,False,SAFE,car OUTSIDE VEHICLE LANE,
736,24.544,car,yolo11n,0.5096,31.0,1.249,24.81,0.0,False,SAFE,car OUTSIDE VEHICLE LANE,
738,24.61,car,yolo11n,0.9082,10.67,3.766,2.833,0.0,False,SAFE,car OUTSIDE VEHICLE LANE,
738,24.61,car,yolo11n,0.8771,14.59,5.308,2.749,0.0,False,SAFE,car OUTSIDE VEHICLE LANE,
738,24.61,truck,yolo11n,0.7213,7.19,0.0,,0.967,True,WARNING,SLOW DOWN AND INCREASE FOLLOWING DISTANCE,
738,24.61,car,yolo11n,0.592,30.41,2.335,13.025,0.0,False,SAFE,car OUTSIDE VEHICLE LANE,
738,24.61,car,yolo11n,0.5487,38.25,0.0,,0.0,False,SAFE,car OUTSIDE VEHICLE LANE,
738,24.61,truck,yolo11n,0.4492,13.09,0.0,,0.0,False,SAFE,truck OUTSIDE VEHICLE LANE,
740,24.677,car,yolo11n,0.912,10.41,3.691,2.82,0.006,False,SAFE,car OUTSIDE VEHICLE LANE,
740,24.677,car,yolo11n,0.8797,14.08,5.698,2.471,0.0,False,SAFE,car OUTSIDE VEHICLE LANE,
740,24.677,truck,yolo11n,0.8499,7.58,0.0,,0.967,True,WARNING,SLOW DOWN AND INCREASE FOLLOWING DISTANCE,
740,24.677,car,yolo11n,0.5278,30.02,2.774,10.823,0.0,False,SAFE,car OUTSIDE VEHICLE LANE,
740,24.677,car,yolo11n,0.4709,38.23,0.0,,0.0,False,SAFE,car OUTSIDE VEHICLE LANE,
742,24.744,car,yolo11n,0.915,10.21,3.744,2.727,0.022,False,SAFE,car OUTSIDE VEHICLE LANE,
742,24.744,car,yolo11n,0.8904,13.61,5.89,2.311,0.0,False,SAFE,car OUTSIDE VEHICLE LANE,
742,24.744,bus,yolo11n,0.7684,8.71,0.0,,0.949,True,WARNING,SLOW DOWN AND INCREASE FOLLOWING DISTANCE,/Users/witchjenjen/Documents/GitHub/AIproject/output/incidents/road_video_2.mp4_f742_WARNING_bus.jpg
742,24.744,car,yolo11n,0.5393,30.47,0.0,,0.0,False,SAFE,car OUTSIDE VEHICLE LANE,
742,24.744,car,yolo11n,0.4692,39.08,0.0,,0.0,False,SAFE,car OUTSIDE VEHICLE LANE,
742,24.744,truck,yolo11n,0.4364,13.79,0.0,,0.0,False,SAFE,truck OUTSIDE VEHICLE LANE,
744,24.81,car,yolo11n,0.8981,10.06,3.916,2.569,0.032,False,SAFE,car OUTSIDE VEHICLE LANE,
744,24.81,car,yolo11n,0.8772,15.21,2.729,5.574,0.0,False,SAFE,car OUTSIDE VEHICLE LANE,
744,24.81,bus,yolo11n,0.7613,8.87,0.0,,0.945,True,WARNING,SLOW DOWN AND INCREASE FOLLOWING DISTANCE,
744,24.81,car,yolo11n,0.5938,30.83,0.0,,0.0,False,SAFE,car OUTSIDE VEHICLE LANE,
744,24.81,car,yolo11n,0.5654,40.1,0.0,,0.0,False,SAFE,car OUTSIDE VEHICLE LANE,
746,24.877,car,yolo11n,0.8907,9.9,3.32,2.982,0.049,False,SAFE,car OUTSIDE VEHICLE LANE,
746,24.877,car,yolo11n,0.8876,13.97,4.171,3.349,0.0,False,SAFE,car OUTSIDE VEHICLE LANE,
746,24.877,bus,yolo11n,0.8766,9.13,0.0,,0.94,True,WARNING,SLOW DOWN AND INCREASE FOLLOWING DISTANCE,
746,24.877,car,yolo11n,0.6367,30.82,0.615,50.135,0.0,False,SAFE,car OUTSIDE VEHICLE LANE,
746,24.877,truck,yolo11n,0.5145,14.69,0.0,,0.0,False,SAFE,truck OUTSIDE VEHICLE LANE,
746,24.877,car,yolo11n,0.4665,41.27,0.0,,0.0,False,SAFE,car OUTSIDE VEHICLE LANE,
748,24.944,car,yolo11n,0.8987,9.78,3.127,3.127,0.05,False,SAFE,car OUTSIDE VEHICLE LANE,
748,24.944,car,yolo11n,0.857,13.02,5.01,2.599,0.0,False,SAFE,car OUTSIDE VEHICLE LANE,
748,24.944,bus,yolo11n,0.7576,9.46,0.0,,0.93,True,WARNING,SLOW DOWN AND INCREASE FOLLOWING DISTANCE,
748,24.944,car,yolo11n,0.5633,32.28,0.0,,0.0,False,SAFE,car OUTSIDE VEHICLE LANE,
748,24.944,car,yolo11n,0.3659,42.58,0.0,,0.0,False,SAFE,car OUTSIDE VEHICLE LANE,
748,24.944,truck,yolo11n,0.3013,15.55,0.0,,0.0,False,SAFE,truck OUTSIDE VEHICLE LANE,
750,25.01,car,yolo11n,0.8882,9.67,2.742,3.527,0.051,False,SAFE,car OUTSIDE VEHICLE LANE,
750,25.01,bus,yolo11n,0.8697,9.81,0.0,,0.912,True,CAUTION,CAUTION - bus IN VEHICLE LANE,
750,25.01,car,yolo11n,0.8628,12.33,5.421,2.275,0.0,False,SAFE,car OUTSIDE VEHICLE LANE,
750,25.01,car,yolo11n,0.6132,33.96,0.0,,0.0,False,SAFE,car OUTSIDE VEHICLE LANE,
750,25.01,truck,yolo11n,0.3653,16.42,0.0,,0.0,False,SAFE,truck OUTSIDE VEHICLE LANE,
752,25.077,car,yolo11n,0.904,9.58,2.335,4.103,0.053,False,SAFE,car OUTSIDE VEHICLE LANE,
752,25.077,car,yolo11n,0.8709,11.78,5.623,2.095,0.0,False,SAFE,car OUTSIDE VEHICLE LANE,
752,25.077,bus,yolo11n,0.7785,10.16,0.0,,0.888,True,CAUTION,CAUTION - bus IN VEHICLE LANE,
752,25.077,car,yolo11n,0.6004,35.85,0.0,,0.0,False,SAFE,car OUTSIDE VEHICLE LANE,
754,25.144,car,yolo11n,0.9037,9.51,1.928,4.933,0.052,False,SAFE,car OUTSIDE VEHICLE LANE,
754,25.144,bus,yolo11n,0.8713,10.53,0.0,,0.856,True,CAUTION,CAUTION - bus IN VEHICLE LANE,
754,25.144,car,yolo11n,0.8098,11.3,5.728,1.973,0.0,False,SAFE,car OUTSIDE VEHICLE LANE,
754,25.144,car,yolo11n,0.5709,38.01,0.0,,0.0,False,SAFE,car OUTSIDE VEHICLE LANE,
756,25.211,car,yolo11n,0.8951,9.5,1.521,6.247,0.056,False,SAFE,car OUTSIDE VEHICLE LANE,
756,25.211,car,yolo11n,0.8336,10.96,5.908,1.855,0.0,False,SAFE,car OUTSIDE VEHICLE LANE,
756,25.211,truck,yolo11n,0.7478,11.59,0.0,,0.752,True,CAUTION,CAUTION - truck IN VEHICLE LANE,
756,25.211,car,yolo11n,0.5788,40.45,0.0,,0.0,False,SAFE,car OUTSIDE VEHICLE LANE,
758,25.277,car,yolo11n,0.898,9.46,1.285,7.361,0.065,False,SAFE,car OUTSIDE VEHICLE LANE,
758,25.277,car,yolo11n,0.8521,10.74,9.575,1.122,0.0,False,SAFE,car OUTSIDE VEHICLE LANE,
758,25.277,bus,yolo11n,0.8299,10.98,0.0,,0.766,True,CAUTION,CAUTION - bus IN VEHICLE LANE,
758,25.277,car,yolo11n,0.6258,43.26,0.0,,0.0,False,SAFE,car OUTSIDE VEHICLE LANE,
760,25.344,car,yolo11n,0.8942,9.42,1.028,9.162,0.065,False,SAFE,car OUTSIDE VEHICLE LANE,
760,25.344,car,yolo11n,0.8499,10.54,7.347,1.435,0.0,False,SAFE,car OUTSIDE VEHICLE LANE,
760,25.344,bus,yolo11n,0.8467,11.36,0.0,,0.697,True,CAUTION,CAUTION - bus IN VEHICLE LANE,
760,25.344,car,yolo11n,0.5722,45.76,0.0,,0.0,False,SAFE,car OUTSIDE VEHICLE LANE,
762,25.411,car,yolo11n,0.8918,9.39,0.835,11.241,0.071,False,SAFE,car OUTSIDE VEHICLE LANE,
762,25.411,bus,yolo11n,0.8609,11.76,0.0,,0.627,True,CAUTION,CAUTION - bus IN VEHICLE LANE,
762,25.411,car,yolo11n,0.8461,10.38,5.655,1.836,0.0,False,SAFE,car OUTSIDE VEHICLE LANE,
762,25.411,car,yolo11n,0.5335,48.12,0.0,,0.0,False,SAFE,car OUTSIDE VEHICLE LANE,
762,25.411,car,yolo11n,0.3548,46.67,0.0,,0.0,False,SAFE,car OUTSIDE VEHICLE LANE,
764,25.477,car,yolo11n,0.8958,9.37,0.643,14.582,0.085,False,SAFE,car OUTSIDE VEHICLE LANE,
764,25.477,car,yolo11n,0.8243,10.22,4.52,2.261,0.0,False,SAFE,car OUTSIDE VEHICLE LANE,
764,25.477,bus,yolo11n,0.7365,12.18,0.0,,0.561,True,CAUTION,CAUTION - bus IN VEHICLE LANE,
764,25.477,car,yolo11n,0.5017,49.65,0.0,,0.0,False,SAFE,car OUTSIDE VEHICLE LANE,
764,25.477,car,yolo11n,0.354,46.67,0.0,,0.0,False,SAFE,car OUTSIDE VEHICLE LANE,
766,25.544,car,yolo11n,0.8984,9.35,0.493,18.979,0.084,False,SAFE,car OUTSIDE VEHICLE LANE,
766,25.544,bus,yolo11n,0.8327,12.63,0.0,,0.489,True,CAUTION,CAUTION - bus IN VEHICLE LANE,
766,25.544,car,yolo11n,0.8266,10.09,3.62,2.787,0.0,False,SAFE,car OUTSIDE VEHICLE LANE,
766,25.544,car,yolo11n,0.4996,51.45,0.0,,0.0,False,SAFE,car OUTSIDE VEHICLE LANE,
766,25.544,car,yolo11n,0.355,22.91,0.0,,0.0,False,SAFE,car OUTSIDE VEHICLE LANE,
768,25.611,car,yolo11n,0.8987,9.35,0.343,27.282,0.091,False,SAFE,car OUTSIDE VEHICLE LANE,
768,25.611,bus,yolo11n,0.895,13.57,0.0,,0.357,True,CAUTION,CAUTION - bus IN VEHICLE LANE,
768,25.611,car,yolo11n,0.8294,9.97,2.849,3.5,0.0,False,SAFE,car OUTSIDE VEHICLE LANE,
768,25.611,car,yolo11n,0.4937,52.61,0.0,,0.0,False,SAFE,car OUTSIDE VEHICLE LANE,
768,25.611,car,yolo11n,0.3767,22.91,0.0,,0.0,False,SAFE,car OUTSIDE VEHICLE LANE,
770,25.677,car,yolo11n,0.9032,9.32,0.386,24.173,0.105,False,SAFE,car OUTSIDE VEHICLE LANE,
770,25.677,car,yolo11n,0.8205,9.85,2.378,4.143,0.0,False,SAFE,car OUTSIDE VEHICLE LANE,
770,25.677,bus,yolo11n,0.771,13.61,0.0,,0.329,True,CAUTION,CAUTION - bus IN VEHICLE LANE,
770,25.677,car,yolo11n,0.4783,54.24,0.0,,0.0,False,SAFE,car OUTSIDE VEHICLE LANE,
770,25.677,car,yolo11n,0.3496,23.06,0.0,,0.0,False,SAFE,car OUTSIDE VEHICLE LANE,
772,25.744,car,yolo11n,0.9026,9.28,0.386,24.069,0.119,False,SAFE,car OUTSIDE VEHICLE LANE,
772,25.744,car,yolo11n,0.8154,9.77,2.078,4.702,0.0,False,SAFE,car OUTSIDE VEHICLE LANE,
772,25.744,truck,yolo11n,0.7805,13.78,0.0,,0.23,True,CAUTION,CAUTION - truck IN VEHICLE LANE,
772,25.744,car,yolo11n,0.5157,55.3,0.0,,0.0,False,SAFE,car OUTSIDE VEHICLE LANE,
772,25.744,car,yolo11n,0.3502,23.31,0.0,,0.0,False,SAFE,car OUTSIDE VEHICLE LANE,
774,25.811,car,yolo11n,0.9012,9.27,0.321,28.852,0.136,False,SAFE,car OUTSIDE VEHICLE LANE,
774,25.811,car,yolo11n,0.8348,9.69,1.821,5.322,0.0,False,SAFE,car OUTSIDE VEHICLE LANE,
774,25.811,truck,yolo11n,0.709,13.9,0.0,,0.179,False,SAFE,truck OUTSIDE VEHICLE LANE,
774,25.811,car,yolo11n,0.5188,55.99,0.0,,0.0,False,SAFE,car OUTSIDE VEHICLE LANE,
774,25.811,car,yolo11n,0.3429,23.31,0.0,,0.0,False,SAFE,car OUTSIDE VEHICLE LANE,
776,25.878,car,yolo11n,0.8997,9.25,0.3,30.846,0.142,False,SAFE,car OUTSIDE VEHICLE LANE,
776,25.878,car,yolo11n,0.8426,9.61,1.649,5.827,0.0,False,SAFE,car OUTSIDE VEHICLE LANE,
776,25.878,bus,yolo11n,0.7069,13.9,0.0,,0.181,True,CAUTION,CAUTION - bus IN VEHICLE LANE,
776,25.878,car,yolo11n,0.526,57.39,0.0,,0.0,False,SAFE,car OUTSIDE VEHICLE LANE,
776,25.878,truck,yolo11n,0.4561,12.68,0.0,,0.128,False,SAFE,truck OUTSIDE VEHICLE LANE,
776,25.878,car,yolo11n,0.3225,23.17,0.0,,0.0,False,SAFE,car OUTSIDE VEHICLE LANE,
778,25.944,car,yolo11n,0.8959,9.21,0.343,26.874,0.15,False,SAFE,car OUTSIDE VEHICLE LANE,
778,25.944,car,yolo11n,0.8446,9.52,1.499,6.349,0.0,False,SAFE,car OUTSIDE VEHICLE LANE,
778,25.944,truck,yolo11n,0.6991,12.75,0.0,,0.096,False,SAFE,truck OUTSIDE VEHICLE LANE,
778,25.944,bus,yolo11n,0.6101,14.1,0.0,,0.103,False,SAFE,bus OUTSIDE VEHICLE LANE,
778,25.944,car,yolo11n,0.5352,58.31,0.0,,0.0,False,SAFE,car OUTSIDE VEHICLE LANE,
780,26.011,car,yolo11n,0.8909,9.18,0.364,25.211,0.156,False,SAFE,car OUTSIDE VEHICLE LANE,
780,26.011,car,yolo11n,0.8368,9.45,1.371,6.894,0.0,False,SAFE,car OUTSIDE VEHICLE LANE,
780,26.011,bus,yolo11n,0.6757,13.06,0.0,,0.039,False,SAFE,bus OUTSIDE VEHICLE LANE,
780,26.011,car,yolo11n,0.5411,59.95,0.0,,0.0,False,SAFE,car OUTSIDE VEHICLE LANE,
782,26.078,car,yolo11n,0.8944,9.16,0.407,22.508,0.17,False,SAFE,car OUTSIDE VEHICLE LANE,
782,26.078,car,yolo11n,0.8039,9.38,1.264,7.422,0.0,False,SAFE,car OUTSIDE VEHICLE LANE,
782,26.078,car,yolo11n,0.4827,61.02,0.0,,0.0,False,SAFE,car OUTSIDE VEHICLE LANE,
784,26.144,car,yolo11n,0.8916,9.15,0.364,25.128,0.178,False,SAFE,car OUTSIDE VEHICLE LANE,
784,26.144,car,yolo11n,0.8011,9.32,1.135,8.21,0.0,False,SAFE,car OUTSIDE VEHICLE LANE,
784,26.144,truck,yolo11n,0.7282,14.27,0.0,,0.028,False,SAFE,truck OUTSIDE VEHICLE LANE,
784,26.144,car,yolo11n,0.4555,61.71,0.0,,0.0,False,SAFE,car OUTSIDE VEHICLE LANE,
784,26.144,bus,yolo11n,0.3528,35.0,0.0,,0.0,False,SAFE,bus OUTSIDE VEHICLE LANE,
786,26.211,car,yolo11n,0.8933,9.12,0.343,26.611,0.185,True,CAUTION,CAUTION - car IN VEHICLE LANE,
786,26.211,car,yolo11n,0.8027,9.28,1.05,8.842,0.0,False,SAFE,car OUTSIDE VEHICLE LANE,
786,26.211,truck,yolo11n,0.6429,14.56,0.0,,0.0,False,SAFE,truck OUTSIDE VEHICLE LANE,
786,26.211,car,yolo11n,0.4665,62.16,0.0,,0.0,False,SAFE,car OUTSIDE VEHICLE LANE,
786,26.211,bus,yolo11n,0.3544,35.0,0.0,,0.0,False,SAFE,bus OUTSIDE VEHICLE LANE,
788,26.278,car,yolo11n,0.8948,9.08,0.407,22.311,0.196,True,CAUTION,CAUTION - car IN VEHICLE LANE,
788,26.278,car,yolo11n,0.8123,9.23,0.985,9.368,0.0,False,SAFE,car OUTSIDE VEHICLE LANE,
788,26.278,truck,yolo11n,0.7201,14.79,0.0,,0.0,False,SAFE,truck OUTSIDE VEHICLE LANE,
788,26.278,car,yolo11n,0.4612,62.46,0.0,,0.0,False,SAFE,car OUTSIDE VEHICLE LANE,
790,26.344,car,yolo11n,0.9016,9.05,0.428,21.126,0.204,True,CAUTION,CAUTION - car IN VEHICLE LANE,
790,26.344,car,yolo11n,0.8041,9.17,0.942,9.73,0.0,False,SAFE,car OUTSIDE VEHICLE LANE,
790,26.344,truck,yolo11n,0.5336,14.98,0.0,,0.0,False,SAFE,truck OUTSIDE VEHICLE LANE,
790,26.344,car,yolo11n,0.4816,62.65,0.0,,0.0,False,SAFE,car OUTSIDE VEHICLE LANE,
792,26.411,car,yolo11n,0.8931,9.03,0.386,23.421,0.219,True,CAUTION,CAUTION - car IN VEHICLE LANE,
792,26.411,car,yolo11n,0.8165,9.13,0.835,10.929,0.0,False,SAFE,car OUTSIDE VEHICLE LANE,
792,26.411,truck,yolo11n,0.5547,15.16,0.0,,0.0,False,SAFE,truck OUTSIDE VEHICLE LANE,
792,26.411,car,yolo11n,0.4808,62.77,0.0,,0.0,False,SAFE,car OUTSIDE VEHICLE LANE,
792,26.411,car,yolo11n,0.3977,54.78,0.0,,0.0,False,SAFE,car OUTSIDE VEHICLE LANE,
794,26.478,car,yolo11n,0.8969,9.02,0.343,26.319,0.219,True,CAUTION,CAUTION - car IN VEHICLE LANE,
794,26.478,car,yolo11n,0.835,9.11,0.728,12.509,0.0,False,SAFE,car OUTSIDE VEHICLE LANE,
794,26.478,truck,yolo11n,0.7313,15.23,0.0,,0.0,False,SAFE,truck OUTSIDE VEHICLE LANE,
794,26.478,car,yolo11n,0.5069,62.85,0.0,,0.0,False,SAFE,car OUTSIDE VEHICLE LANE,
796,26.544,car,yolo11n,0.8895,9.01,0.321,28.043,0.227,True,CAUTION,CAUTION - car IN VEHICLE LANE,
796,26.544,car,yolo11n,0.8377,9.11,0.578,15.752,0.0,False,SAFE,car OUTSIDE VEHICLE LANE,
796,26.544,truck,yolo11n,0.6949,15.27,0.0,,0.0,False,SAFE,truck OUTSIDE VEHICLE LANE,
796,26.544,car,yolo11n,0.523,62.9,0.0,,0.0,False,SAFE,car OUTSIDE VEHICLE LANE,
796,26.544,car,yolo11n,0.3717,53.25,0.0,,0.0,False,SAFE,car OUTSIDE VEHICLE LANE,
798,26.611,car,yolo11n,0.8934,9.01,0.3,30.046,0.234,True,CAUTION,CAUTION - car IN VEHICLE LANE,
798,26.611,car,yolo11n,0.8445,9.1,0.471,19.311,0.0,False,SAFE,car OUTSIDE VEHICLE LANE,
798,26.611,truck,yolo11n,0.5962,15.35,0.0,,0.0,False,SAFE,truck OUTSIDE VEHICLE LANE,
798,26.611,car,yolo11n,0.5529,62.94,0.0,,0.0,False,SAFE,car OUTSIDE VEHICLE LANE,
798,26.611,car,yolo11n,0.4726,51.57,16.043,3.214,0.0,False,SAFE,car OUTSIDE VEHICLE LANE,
800,26.678,car,yolo11n,0.8944,9.01,0.236,38.24,0.225,True,CAUTION,CAUTION - car IN VEHICLE LANE,
800,26.678,car,yolo11n,0.8555,9.08,0.428,21.196,0.0,False,SAFE,car OUTSIDE VEHICLE LANE,
800,26.678,truck,yolo11n,0.6636,15.44,0.0,,0.0,False,SAFE,truck OUTSIDE VEHICLE LANE,
800,26.678,car,yolo11n,0.5525,62.96,0.0,,0.0,False,SAFE,car OUTSIDE VEHICLE LANE,
800,26.678,car,yolo11n,0.3388,50.48,16.118,3.132,0.0,False,SAFE,car OUTSIDE VEHICLE LANE,
802,26.745,car,yolo11n,0.889,9.02,0.0,,0.232,True,CAUTION,CAUTION - car IN VEHICLE LANE,
802,26.745,car,yolo11n,0.8558,9.05,0.386,23.473,0.0,False,SAFE,car OUTSIDE VEHICLE LANE,
802,26.745,truck,yolo11n,0.7448,15.5,0.0,,0.0,False,SAFE,truck OUTSIDE VEHICLE LANE,
802,26.745,car,yolo11n,0.5885,62.97,0.0,,0.0,False,SAFE,car OUTSIDE VEHICLE LANE,
804,26.811,car,yolo11n,0.8853,9.04,0.0,,0.234,True,CAUTION,CAUTION - car IN VEHICLE LANE,
804,26.811,car,yolo11n,0.8528,9.01,0.343,26.29,0.0,False,SAFE,car OUTSIDE VEHICLE LANE,
804,26.811,truck,yolo11n,0.6457,15.6,0.0,,0.0,False,SAFE,truck OUTSIDE VEHICLE LANE,
804,26.811,car,yolo11n,0.595,62.98,0.0,,0.0,False,SAFE,car OUTSIDE VEHICLE LANE,
804,26.811,car,yolo11n,0.4677,49.15,14.069,3.493,0.0,False,SAFE,car OUTSIDE VEHICLE LANE,
806,26.878,car,yolo11n,0.896,9.05,0.0,,0.241,True,CAUTION,CAUTION - car IN VEHICLE LANE,
806,26.878,car,yolo11n,0.8514,8.99,0.3,29.979,0.0,False,SAFE,car OUTSIDE VEHICLE LANE,
806,26.878,car,yolo11n,0.6006,62.99,0.0,,0.0,False,SAFE,car OUTSIDE VEHICLE LANE,
806,26.878,car,yolo11n,0.3246,47.7,15.165,3.145,0.0,False,SAFE,car OUTSIDE VEHICLE LANE,
808,26.945,car,yolo11n,0.8996,9.05,0.0,,0.248,True,CAUTION,CAUTION - car IN VEHICLE LANE,
808,26.945,car,yolo11n,0.8564,8.95,0.343,26.115,0.0,False,SAFE,car OUTSIDE VEHICLE LANE,
808,26.945,car,yolo11n,0.6024,62.99,0.0,,0.0,False,SAFE,car OUTSIDE VEHICLE LANE,
808,26.945,truck,yolo11n,0.438,15.71,0.0,,0.0,False,SAFE,truck OUTSIDE VEHICLE LANE,
808,26.945,car,yolo11n,0.3868,47.96,12.782,3.752,0.0,False,SAFE,car OUTSIDE VEHICLE LANE,
810,27.011,car,yolo11n,0.8953,9.03,0.0,,0.255,True,CAUTION,CAUTION - car IN VEHICLE LANE,
810,27.011,car,yolo11n,0.8537,8.92,0.407,21.918,0.0,False,SAFE,car OUTSIDE VEHICLE LANE,
810,27.011,car,yolo11n,0.6074,63.0,0.0,,0.0,False,SAFE,car OUTSIDE VEHICLE LANE,
810,27.011,truck,yolo11n,0.4659,15.73,0.0,,0.0,False,SAFE,truck OUTSIDE VEHICLE LANE,
810,27.011,car,yolo11n,0.3718,47.51,12.112,3.923,0.0,False,SAFE,car OUTSIDE VEHICLE LANE,
812,27.078,car,yolo11n,0.8984,9.02,0.0,,0.261,True,CAUTION,CAUTION - car IN VEHICLE LANE,
812,27.078,car,yolo11n,0.8483,8.88,0.471,18.844,0.0,False,SAFE,car OUTSIDE VEHICLE LANE,
812,27.078,car,yolo11n,0.612,63.0,0.0,,0.0,False,SAFE,car OUTSIDE VEHICLE LANE,
812,27.078,car,yolo11n,0.552,47.84,10.139,4.718,0.0,False,SAFE,car OUTSIDE VEHICLE LANE,
812,27.078,truck,yolo11n,0.5232,15.74,0.0,,0.0,False,SAFE,truck OUTSIDE VEHICLE LANE,
814,27.145,car,yolo11n,0.9064,8.99,0.0,,0.273,True,CAUTION,CAUTION - car IN VEHICLE LANE,
814,27.145,car,yolo11n,0.8474,8.84,0.514,17.196,0.0,False,SAFE,car OUTSIDE VEHICLE LANE,
814,27.145,truck,yolo11n,0.6507,15.85,0.0,,0.0,False,SAFE,truck OUTSIDE VEHICLE LANE,
814,27.145,car,yolo11n,0.6056,47.43,7.759,6.113,0.0,False,SAFE,car OUTSIDE VEHICLE LANE,
814,27.145,car,yolo11n,0.5947,63.0,0.0,,0.0,False,SAFE,car OUTSIDE VEHICLE LANE,
816,27.211,car,yolo11n,0.9123,9.0,0.0,,0.282,True,CAUTION,CAUTION - car IN VEHICLE LANE,
816,27.211,car,yolo11n,0.8507,8.83,0.471,18.738,0.0,False,SAFE,car OUTSIDE VEHICLE LANE,
816,27.211,car,yolo11n,0.65,47.17,6.204,7.604,0.0,False,SAFE,car OUTSIDE VEHICLE LANE,
816,27.211,car,yolo11n,0.5712,63.0,0.0,,0.0,False,SAFE,car OUTSIDE VEHICLE LANE,
816,27.211,truck,yolo11n,0.5592,14.58,0.0,,0.0,False,SAFE,truck OUTSIDE VEHICLE LANE,
818,27.278,car,yolo11n,0.9124,9.0,0.0,,0.296,True,CAUTION,CAUTION - car IN VEHICLE LANE,
818,27.278,car,yolo11n,0.8455,8.8,0.45,19.564,0.0,False,SAFE,car OUTSIDE VEHICLE LANE,
818,27.278,car,yolo11n,0.6775,46.41,5.869,7.908,0.0,False,SAFE,car OUTSIDE VEHICLE LANE,
818,27.278,truck,yolo11n,0.6175,14.38,0.0,,0.0,False,SAFE,truck OUTSIDE VEHICLE LANE,
818,27.278,car,yolo11n,0.5722,63.0,0.0,,0.0,False,SAFE,car OUTSIDE VEHICLE LANE,
818,27.278,bus,yolo11n,0.4224,11.59,0.0,,0.0,False,SAFE,bus OUTSIDE VEHICLE LANE,
820,27.345,car,yolo11n,0.9136,9.0,0.0,,0.304,True,CAUTION,CAUTION - car IN VEHICLE LANE,
820,27.345,car,yolo11n,0.8449,8.78,0.45,19.519,0.0,False,SAFE,car OUTSIDE VEHICLE LANE,
820,27.345,car,yolo11n,0.6824,46.5,2.57,18.091,0.0,False,SAFE,car OUTSIDE VEHICLE LANE,
820,27.345,truck,yolo11n,0.5912,11.51,0.0,,0.0,False,SAFE,truck OUTSIDE VEHICLE LANE,
820,27.345,car,yolo11n,0.5501,63.0,0.0,,0.0,False,SAFE,car OUTSIDE VEHICLE LANE,
820,27.345,bus,yolo11n,0.3263,35.51,0.0,,0.0,False,SAFE,bus OUTSIDE VEHICLE LANE,
822,27.411,car,yolo11n,0.904,9.0,0.0,,0.325,True,CAUTION,CAUTION - car IN VEHICLE LANE,
822,27.411,car,yolo11n,0.8426,8.75,0.428,20.425,0.0,False,SAFE,car OUTSIDE VEHICLE LANE,
822,27.411,car,yolo11n,0.6891,45.97,4.262,10.785,0.0,False,SAFE,car OUTSIDE VEHICLE LANE,
822,27.411,truck,yolo11n,0.622,11.65,0.0,,0.0,False,SAFE,truck OUTSIDE VEHICLE LANE,
822,27.411,car,yolo11n,0.5494,63.0,0.0,,0.0,False,SAFE,car OUTSIDE VEHICLE LANE,
824,27.478,car,yolo11n,0.8836,9.0,0.0,,0.339,True,CAUTION,CAUTION - car IN VEHICLE LANE,
824,27.478,car,yolo11n,0.8499,8.73,0.407,21.451,0.0,False,SAFE,car OUTSIDE VEHICLE LANE,
824,27.478,car,yolo11n,0.6695,45.63,4.027,11.331,0.0,False,SAFE,car OUTSIDE VEHICLE LANE,
824,27.478,car,yolo11n,0.5425,63.0,0.0,,0.0,False,SAFE,car OUTSIDE VEHICLE LANE,
824,27.478,truck,yolo11n,0.439,13.36,0.0,,0.0,False,SAFE,truck OUTSIDE VEHICLE LANE,
824,27.478,bus,yolo11n,0.3844,35.33,0.0,,0.0,False,SAFE,bus OUTSIDE VEHICLE LANE,
826,27.545,car,yolo11n,0.8782,9.0,0.0,,0.354,True,CAUTION,CAUTION - car IN VEHICLE LANE,
826,27.545,car,yolo11n,0.8637,8.72,0.343,25.444,0.0,False,SAFE,car OUTSIDE VEHICLE LANE,
826,27.545,car,yolo11n,0.6492,45.41,5.205,8.724,0.0,False,SAFE,car OUTSIDE VEHICLE LANE,
826,27.545,car,yolo11n,0.5332,63.0,0.0,,0.0,False,SAFE,car OUTSIDE VEHICLE LANE,
828,27.612,car,yolo11n,0.8601,9.02,0.0,,0.368,True,CAUTION,CAUTION - car IN VEHICLE LANE,
828,27.612,car,yolo11n,0.8569,8.69,0.321,27.047,0.0,False,SAFE,car OUTSIDE VEHICLE LANE,
828,27.612,car,yolo11n,0.6557,45.27,4.627,9.785,0.0,False,SAFE,car OUTSIDE VEHICLE LANE,
828,27.612,car,yolo11n,0.531,63.0,0.0,,0.0,False,SAFE,car OUTSIDE VEHICLE LANE,
828,27.612,bus,yolo11n,0.3621,12.14,0.0,,0.0,False,SAFE,bus OUTSIDE VEHICLE LANE,
830,27.678,car,yolo11n,0.8732,9.03,0.0,,0.378,True,CAUTION,CAUTION - car IN VEHICLE LANE,
830,27.678,car,yolo11n,0.8598,8.69,0.3,28.979,0.0,False,SAFE,car OUTSIDE VEHICLE LANE,
830,27.678,car,yolo11n,0.646,45.17,4.284,10.544,0.0,False,SAFE,car OUTSIDE VEHICLE LANE,
830,27.678,car,yolo11n,0.5733,63.0,0.0,,0.0,False,SAFE,car OUTSIDE VEHICLE LANE,
830,27.678,bus,yolo11n,0.5165,12.3,0.0,,0.0,False,SAFE,bus OUTSIDE VEHICLE LANE,
830,27.678,car,yolo11n,0.321,39.38,0.0,,0.0,False,SAFE,car OUTSIDE VEHICLE LANE,
832,27.745,car,yolo11n,0.8784,9.04,0.0,,0.392,True,CAUTION,CAUTION - car IN VEHICLE LANE,
832,27.745,car,yolo11n,0.8645,8.67,0.278,31.136,0.0,False,SAFE,car OUTSIDE VEHICLE LANE,
832,27.745,car,yolo11n,0.6398,44.57,3.941,11.309,0.0,False,SAFE,car OUTSIDE VEHICLE LANE,
832,27.745,car,yolo11n,0.5934,61.95,2.249,27.545,0.0,False,SAFE,car OUTSIDE VEHICLE LANE,
832,27.745,bus,yolo11n,0.5053,12.25,0.0,,0.0,False,SAFE,bus OUTSIDE VEHICLE LANE,
832,27.745,car,yolo11n,0.3173,39.82,0.0,,0.0,False,SAFE,car OUTSIDE VEHICLE LANE,
834,27.812,car,yolo11n,0.8815,9.03,0.0,,0.406,True,CAUTION,CAUTION - car IN VEHICLE LANE,
834,27.812,car,yolo11n,0.8561,8.68,0.214,40.524,0.0,False,SAFE,car OUTSIDE VEHICLE LANE,
834,27.812,car,yolo11n,0.65,44.18,4.969,8.891,0.0,False,SAFE,car OUTSIDE VEHICLE LANE,
834,27.812,car,yolo11n,0.5788,61.27,3.706,16.534,0.0,False,SAFE,car OUTSIDE VEHICLE LANE,
834,27.812,bus,yolo11n,0.4565,12.1,0.0,,0.0,False,SAFE,bus OUTSIDE VEHICLE LANE,
834,27.812,car,yolo11n,0.428,39.25,0.975,40.273,0.0,False,SAFE,car OUTSIDE VEHICLE LANE,
